lesion_id,mask_id,dermoscopic_path,mask_path,foreground_ratio,status,image_size,mask_size
IL_0000652,IL_0000652,/marimo/milk10k/MILK10k_Training_Input/IL_0000652/ISIC_4671410.jpg,/marimo/milk10k_train_masks/IL_0000652_dermoscopic_mask.png,0.2697925925925926,valid,600x450,600x450
IL_0003176,IL_0003176,/marimo/milk10k/MILK10k_Training_Input/IL_0003176/ISIC_5371928.jpg,/marimo/milk10k_train_masks/IL_0003176_dermoscopic_mask.png,0.013092592592592593,valid,600x450,600x450
IL_0004688,IL_0004688,/marimo/milk10k/MILK10k_Training_Input/IL_0004688/ISIC_3624913.jpg,/marimo/milk10k_train_masks/IL_0004688_dermoscopic_mask.png,0.21438148148148148,valid,600x450,600x450
IL_0005081,IL_0005081,/marimo/milk10k/MILK10k_Training_Input/IL_0005081/ISIC_5186409.jpg,/marimo/milk10k_train_masks/IL_0005081_dermoscopic_mask.png,0.08702962962962962,valid,600x450,600x450
IL_0006177,IL_0006177,/marimo/milk10k/MILK10k_Training_Input/IL_0006177/ISIC_1048297.jpg,/marimo/milk10k_train_masks/IL_0006177_dermoscopic_mask.png,0.15315555555555554,valid,600x450,600x450
IL_0006407,IL_0006407,/marimo/milk10k/MILK10k_Training_Input/IL_0006407/ISIC_5107821.jpg,/marimo/milk10k_train_masks/IL_0006407_dermoscopic_mask.png,0.30618518518518517,valid,600x450,600x450
IL_0008891,IL_0008891,/marimo/milk10k/MILK10k_Training_Input/IL_0008891/ISIC_5916190.jpg,/marimo/milk10k_train_masks/IL_0008891_dermoscopic_mask.png,0.4364148148148148,valid,600x450,600x450
IL_0008969,IL_0008969,/marimo/milk10k/MILK10k_Training_Input/IL_0008969/ISIC_9546309.jpg,/marimo/milk10k_train_masks/IL_0008969_dermoscopic_mask.png,0.41345185185185185,valid,600x450,600x450
IL_0009339,IL_0009339,/marimo/milk10k/MILK10k_Training_Input/IL_0009339/ISIC_8325963.jpg,/marimo/milk10k_train_masks/IL_0009339_dermoscopic_mask.png,0.5831148148148149,valid,600x450,600x450
IL_0011263,IL_0011263,/marimo/milk10k/MILK10k_Training_Input/IL_0011263/ISIC_3780652.jpg,/marimo/milk10k_train_masks/IL_0011263_dermoscopic_mask.png,0.44756296296296294,valid,600x450,600x450
IL_0012199,IL_0012199,/marimo/milk10k/MILK10k_Training_Input/IL_0012199/ISIC_7213515.jpg,/marimo/milk10k_train_masks/IL_0012199_dermoscopic_mask.png,0.40323703703703706,valid,600x450,600x450
IL_0014412,IL_0014412,/marimo/milk10k/MILK10k_Training_Input/IL_0014412/ISIC_9803465.jpg,/marimo/milk10k_train_masks/IL_0014412_dermoscopic_mask.png,0.41042962962962964,valid,600x450,600x450
IL_0017483,IL_0017483,/marimo/milk10k/MILK10k_Training_Input/IL_0017483/ISIC_1225678.jpg,/marimo/milk10k_train_masks/IL_0017483_dermoscopic_mask.png,0.19726296296296297,valid,600x450,600x450
IL_0019048,IL_0019048,/marimo/milk10k/MILK10k_Training_Input/IL_0019048/ISIC_6039074.jpg,/marimo/milk10k_train_masks/IL_0019048_dermoscopic_mask.png,0.2280148148148148,valid,600x450,600x450
IL_0019655,IL_0019655,/marimo/milk10k/MILK10k_Training_Input/IL_0019655/ISIC_2641217.jpg,/marimo/milk10k_train_masks/IL_0019655_dermoscopic_mask.png,0.34474814814814814,valid,600x450,600x450
IL_0020208,IL_0020208,/marimo/milk10k/MILK10k_Training_Input/IL_0020208/ISIC_8615296.jpg,/marimo/milk10k_train_masks/IL_0020208_dermoscopic_mask.png,0.2578962962962963,valid,600x450,600x450
IL_0024228,IL_0024228,/marimo/milk10k/MILK10k_Training_Input/IL_0024228/ISIC_8870441.jpg,/marimo/milk10k_train_masks/IL_0024228_dermoscopic_mask.png,0.2662,valid,600x450,600x450
IL_0026510,IL_0026510,/marimo/milk10k/MILK10k_Training_Input/IL_0026510/ISIC_2768555.jpg,/marimo/milk10k_train_masks/IL_0026510_dermoscopic_mask.png,0.1859,valid,600x450,600x450
IL_0029019,IL_0029019,/marimo/milk10k/MILK10k_Training_Input/IL_0029019/ISIC_5203599.jpg,/marimo/milk10k_train_masks/IL_0029019_dermoscopic_mask.png,0.5278481481481482,valid,600x450,600x450
IL_0030541,IL_0030541,/marimo/milk10k/MILK10k_Training_Input/IL_0030541/ISIC_1347581.jpg,/marimo/milk10k_train_masks/IL_0030541_dermoscopic_mask.png,0.23145925925925925,valid,600x450,600x450
IL_0032270,IL_0032270,/marimo/milk10k/MILK10k_Training_Input/IL_0032270/ISIC_6993481.jpg,/marimo/milk10k_train_masks/IL_0032270_dermoscopic_mask.png,0.4316037037037037,valid,600x450,600x450
IL_0033882,IL_0033882,/marimo/milk10k/MILK10k_Training_Input/IL_0033882/ISIC_3881896.jpg,/marimo/milk10k_train_masks/IL_0033882_dermoscopic_mask.png,0.4076962962962963,valid,600x450,600x450
IL_0039324,IL_0039324,/marimo/milk10k/MILK10k_Training_Input/IL_0039324/ISIC_1874410.jpg,/marimo/milk10k_train_masks/IL_0039324_dermoscopic_mask.png,0.16521111111111111,valid,600x450,600x450
IL_0041758,IL_0041758,/marimo/milk10k/MILK10k_Training_Input/IL_0041758/ISIC_3704603.jpg,/marimo/milk10k_train_masks/IL_0041758_dermoscopic_mask.png,0.48598148148148146,valid,600x450,600x450
IL_0044468,IL_0044468,/marimo/milk10k/MILK10k_Training_Input/IL_0044468/ISIC_6046943.jpg,/marimo/milk10k_train_masks/IL_0044468_dermoscopic_mask.png,0.08251481481481482,valid,600x450,600x450
IL_0047878,IL_0047878,/marimo/milk10k/MILK10k_Training_Input/IL_0047878/ISIC_0433706.jpg,/marimo/milk10k_train_masks/IL_0047878_dermoscopic_mask.png,0.45587037037037037,valid,600x450,600x450
IL_0053198,IL_0053198,/marimo/milk10k/MILK10k_Training_Input/IL_0053198/ISIC_8463837.jpg,/marimo/milk10k_train_masks/IL_0053198_dermoscopic_mask.png,0.1580851851851852,valid,600x450,600x450
IL_0061620,IL_0061620,/marimo/milk10k/MILK10k_Training_Input/IL_0061620/ISIC_4345756.jpg,/marimo/milk10k_train_masks/IL_0061620_dermoscopic_mask.png,0.3907148148148148,valid,600x450,600x450
IL_0063537,IL_0063537,/marimo/milk10k/MILK10k_Training_Input/IL_0063537/ISIC_8370666.jpg,/marimo/milk10k_train_masks/IL_0063537_dermoscopic_mask.png,0.15966666666666668,valid,600x450,600x450
IL_0064763,IL_0064763,/marimo/milk10k/MILK10k_Training_Input/IL_0064763/ISIC_1230865.jpg,/marimo/milk10k_train_masks/IL_0064763_dermoscopic_mask.png,0.2238111111111111,valid,600x450,600x450
IL_0069690,IL_0069690,/marimo/milk10k/MILK10k_Training_Input/IL_0069690/ISIC_0323748.jpg,/marimo/milk10k_train_masks/IL_0069690_dermoscopic_mask.png,0.26923703703703705,valid,600x450,600x450
IL_0074413,IL_0074413,/marimo/milk10k/MILK10k_Training_Input/IL_0074413/ISIC_4980158.jpg,/marimo/milk10k_train_masks/IL_0074413_dermoscopic_mask.png,0.2696962962962963,valid,600x450,600x450
IL_0075646,IL_0075646,/marimo/milk10k/MILK10k_Training_Input/IL_0075646/ISIC_4932148.jpg,/marimo/milk10k_train_masks/IL_0075646_dermoscopic_mask.png,0.35552222222222224,valid,600x450,600x450
IL_0076321,IL_0076321,/marimo/milk10k/MILK10k_Training_Input/IL_0076321/ISIC_8015399.jpg,/marimo/milk10k_train_masks/IL_0076321_dermoscopic_mask.png,0.3898333333333333,valid,600x450,600x450
IL_0076383,IL_0076383,/marimo/milk10k/MILK10k_Training_Input/IL_0076383/ISIC_3175755.jpg,/marimo/milk10k_train_masks/IL_0076383_dermoscopic_mask.png,0.11071851851851852,valid,600x450,600x450
IL_0076523,IL_0076523,/marimo/milk10k/MILK10k_Training_Input/IL_0076523/ISIC_3175480.jpg,/marimo/milk10k_train_masks/IL_0076523_dermoscopic_mask.png,0.14178148148148148,valid,600x450,600x450
IL_0079116,IL_0079116,/marimo/milk10k/MILK10k_Training_Input/IL_0079116/ISIC_5344273.jpg,/marimo/milk10k_train_masks/IL_0079116_dermoscopic_mask.png,0.08821481481481482,valid,600x450,600x450
IL_0080050,IL_0080050,/marimo/milk10k/MILK10k_Training_Input/IL_0080050/ISIC_0813000.jpg,/marimo/milk10k_train_masks/IL_0080050_dermoscopic_mask.png,0.31171481481481483,valid,600x450,600x450
IL_0080398,IL_0080398,/marimo/milk10k/MILK10k_Training_Input/IL_0080398/ISIC_9206660.jpg,/marimo/milk10k_train_masks/IL_0080398_dermoscopic_mask.png,0.45633703703703704,valid,600x450,600x450
IL_0081442,IL_0081442,/marimo/milk10k/MILK10k_Training_Input/IL_0081442/ISIC_7606142.jpg,/marimo/milk10k_train_masks/IL_0081442_dermoscopic_mask.png,0.1092074074074074,valid,600x450,600x450
IL_0082869,IL_0082869,/marimo/milk10k/MILK10k_Training_Input/IL_0082869/ISIC_2473856.jpg,/marimo/milk10k_train_masks/IL_0082869_dermoscopic_mask.png,0.46867037037037035,valid,600x450,600x450
IL_0083505,IL_0083505,/marimo/milk10k/MILK10k_Training_Input/IL_0083505/ISIC_8736820.jpg,/marimo/milk10k_train_masks/IL_0083505_dermoscopic_mask.png,0.6452444444444444,valid,600x450,600x450
IL_0083796,IL_0083796,/marimo/milk10k/MILK10k_Training_Input/IL_0083796/ISIC_9131247.jpg,/marimo/milk10k_train_masks/IL_0083796_dermoscopic_mask.png,0.13084444444444446,valid,600x450,600x450
IL_0085362,IL_0085362,/marimo/milk10k/MILK10k_Training_Input/IL_0085362/ISIC_9542991.jpg,/marimo/milk10k_train_masks/IL_0085362_dermoscopic_mask.png,0.18698148148148147,valid,600x450,600x450
IL_0087252,IL_0087252,/marimo/milk10k/MILK10k_Training_Input/IL_0087252/ISIC_3945160.jpg,/marimo/milk10k_train_masks/IL_0087252_dermoscopic_mask.png,0.18137407407407408,valid,600x450,600x450
IL_0087637,IL_0087637,/marimo/milk10k/MILK10k_Training_Input/IL_0087637/ISIC_0856370.jpg,/marimo/milk10k_train_masks/IL_0087637_dermoscopic_mask.png,0.5288074074074074,valid,600x450,600x450
IL_0091633,IL_0091633,/marimo/milk10k/MILK10k_Training_Input/IL_0091633/ISIC_7507858.jpg,/marimo/milk10k_train_masks/IL_0091633_dermoscopic_mask.png,0.1773074074074074,valid,600x450,600x450
IL_0092031,IL_0092031,/marimo/milk10k/MILK10k_Training_Input/IL_0092031/ISIC_5597650.jpg,/marimo/milk10k_train_masks/IL_0092031_dermoscopic_mask.png,0.13576666666666667,valid,600x450,600x450
IL_0092622,IL_0092622,/marimo/milk10k/MILK10k_Training_Input/IL_0092622/ISIC_5144687.jpg,/marimo/milk10k_train_masks/IL_0092622_dermoscopic_mask.png,0.36864444444444444,valid,600x450,600x450
IL_0097046,IL_0097046,/marimo/milk10k/MILK10k_Training_Input/IL_0097046/ISIC_3480084.jpg,/marimo/milk10k_train_masks/IL_0097046_dermoscopic_mask.png,0.45676666666666665,valid,600x450,600x450
IL_0097757,IL_0097757,/marimo/milk10k/MILK10k_Training_Input/IL_0097757/ISIC_5350161.jpg,/marimo/milk10k_train_masks/IL_0097757_dermoscopic_mask.png,0.026825925925925927,valid,600x450,600x450
IL_0097908,IL_0097908,/marimo/milk10k/MILK10k_Training_Input/IL_0097908/ISIC_0107067.jpg,/marimo/milk10k_train_masks/IL_0097908_dermoscopic_mask.png,0.6441148148148148,valid,600x450,600x450
IL_0098895,IL_0098895,/marimo/milk10k/MILK10k_Training_Input/IL_0098895/ISIC_7778161.jpg,/marimo/milk10k_train_masks/IL_0098895_dermoscopic_mask.png,0.16205555555555556,valid,600x450,600x450
IL_0100733,IL_0100733,/marimo/milk10k/MILK10k_Training_Input/IL_0100733/ISIC_3874242.jpg,/marimo/milk10k_train_masks/IL_0100733_dermoscopic_mask.png,0.13758148148148147,valid,600x450,600x450
IL_0101784,IL_0101784,/marimo/milk10k/MILK10k_Training_Input/IL_0101784/ISIC_3627294.jpg,/marimo/milk10k_train_masks/IL_0101784_dermoscopic_mask.png,0.35373333333333334,valid,600x450,600x450
IL_0102463,IL_0102463,/marimo/milk10k/MILK10k_Training_Input/IL_0102463/ISIC_9954496.jpg,/marimo/milk10k_train_masks/IL_0102463_dermoscopic_mask.png,0.10919259259259259,valid,600x450,600x450
IL_0105755,IL_0105755,/marimo/milk10k/MILK10k_Training_Input/IL_0105755/ISIC_3783885.jpg,/marimo/milk10k_train_masks/IL_0105755_dermoscopic_mask.png,0.3230777777777778,valid,600x450,600x450
IL_0106085,IL_0106085,/marimo/milk10k/MILK10k_Training_Input/IL_0106085/ISIC_0933237.jpg,/marimo/milk10k_train_masks/IL_0106085_dermoscopic_mask.png,0.3406592592592593,valid,600x450,600x450
IL_0106759,IL_0106759,/marimo/milk10k/MILK10k_Training_Input/IL_0106759/ISIC_6558326.jpg,/marimo/milk10k_train_masks/IL_0106759_dermoscopic_mask.png,0.3541037037037037,valid,600x450,600x450
IL_0107208,IL_0107208,/marimo/milk10k/MILK10k_Training_Input/IL_0107208/ISIC_3818927.jpg,/marimo/milk10k_train_masks/IL_0107208_dermoscopic_mask.png,0.1796925925925926,valid,600x450,600x450
IL_0108201,IL_0108201,/marimo/milk10k/MILK10k_Training_Input/IL_0108201/ISIC_8804250.jpg,/marimo/milk10k_train_masks/IL_0108201_dermoscopic_mask.png,0.4902037037037037,valid,600x450,600x450
IL_0108315,IL_0108315,/marimo/milk10k/MILK10k_Training_Input/IL_0108315/ISIC_0454029.jpg,/marimo/milk10k_train_masks/IL_0108315_dermoscopic_mask.png,0.32373703703703705,valid,600x450,600x450
IL_0110620,IL_0110620,/marimo/milk10k/MILK10k_Training_Input/IL_0110620/ISIC_6391693.jpg,/marimo/milk10k_train_masks/IL_0110620_dermoscopic_mask.png,0.28328148148148147,valid,600x450,600x450
IL_0111269,IL_0111269,/marimo/milk10k/MILK10k_Training_Input/IL_0111269/ISIC_9742404.jpg,/marimo/milk10k_train_masks/IL_0111269_dermoscopic_mask.png,0.1756148148148148,valid,600x450,600x450
IL_0113118,IL_0113118,/marimo/milk10k/MILK10k_Training_Input/IL_0113118/ISIC_8483047.jpg,/marimo/milk10k_train_masks/IL_0113118_dermoscopic_mask.png,0.2700148148148148,valid,600x450,600x450
IL_0115590,IL_0115590,/marimo/milk10k/MILK10k_Training_Input/IL_0115590/ISIC_0124081.jpg,/marimo/milk10k_train_masks/IL_0115590_dermoscopic_mask.png,0.2558740740740741,valid,600x450,600x450
IL_0121394,IL_0121394,/marimo/milk10k/MILK10k_Training_Input/IL_0121394/ISIC_6946678.jpg,/marimo/milk10k_train_masks/IL_0121394_dermoscopic_mask.png,0.2785148148148148,valid,600x450,600x450
IL_0121735,IL_0121735,/marimo/milk10k/MILK10k_Training_Input/IL_0121735/ISIC_8494727.jpg,/marimo/milk10k_train_masks/IL_0121735_dermoscopic_mask.png,0.8145444444444444,valid,600x450,600x450
IL_0123995,IL_0123995,/marimo/milk10k/MILK10k_Training_Input/IL_0123995/ISIC_8954124.jpg,/marimo/milk10k_train_masks/IL_0123995_dermoscopic_mask.png,0.28765555555555555,valid,600x450,600x450
IL_0125182,IL_0125182,/marimo/milk10k/MILK10k_Training_Input/IL_0125182/ISIC_2556147.jpg,/marimo/milk10k_train_masks/IL_0125182_dermoscopic_mask.png,0.5845666666666667,valid,600x450,600x450
IL_0125566,IL_0125566,/marimo/milk10k/MILK10k_Training_Input/IL_0125566/ISIC_0490468.jpg,/marimo/milk10k_train_masks/IL_0125566_dermoscopic_mask.png,0.2996111111111111,valid,600x450,600x450
IL_0126015,IL_0126015,/marimo/milk10k/MILK10k_Training_Input/IL_0126015/ISIC_4742339.jpg,/marimo/milk10k_train_masks/IL_0126015_dermoscopic_mask.png,0.44458148148148147,valid,600x450,600x450
IL_0127859,IL_0127859,/marimo/milk10k/MILK10k_Training_Input/IL_0127859/ISIC_5412550.jpg,/marimo/milk10k_train_masks/IL_0127859_dermoscopic_mask.png,0.42912222222222224,valid,600x450,600x450
IL_0134295,IL_0134295,/marimo/milk10k/MILK10k_Training_Input/IL_0134295/ISIC_7733305.jpg,/marimo/milk10k_train_masks/IL_0134295_dermoscopic_mask.png,0.18295555555555557,valid,600x450,600x450
IL_0134998,IL_0134998,/marimo/milk10k/MILK10k_Training_Input/IL_0134998/ISIC_5951892.jpg,/marimo/milk10k_train_masks/IL_0134998_dermoscopic_mask.png,0.5035703703703703,valid,600x450,600x450
IL_0136746,IL_0136746,/marimo/milk10k/MILK10k_Training_Input/IL_0136746/ISIC_4749092.jpg,/marimo/milk10k_train_masks/IL_0136746_dermoscopic_mask.png,0.3668444444444444,valid,600x450,600x450
IL_0137229,IL_0137229,/marimo/milk10k/MILK10k_Training_Input/IL_0137229/ISIC_0866079.jpg,/marimo/milk10k_train_masks/IL_0137229_dermoscopic_mask.png,0.035003703703703704,valid,600x450,600x450
IL_0137493,IL_0137493,/marimo/milk10k/MILK10k_Training_Input/IL_0137493/ISIC_4135497.jpg,/marimo/milk10k_train_masks/IL_0137493_dermoscopic_mask.png,0.43904444444444446,valid,600x450,600x450
IL_0138483,IL_0138483,/marimo/milk10k/MILK10k_Training_Input/IL_0138483/ISIC_9508636.jpg,/marimo/milk10k_train_masks/IL_0138483_dermoscopic_mask.png,0.25307407407407406,valid,600x450,600x450
IL_0142779,IL_0142779,/marimo/milk10k/MILK10k_Training_Input/IL_0142779/ISIC_0881081.jpg,/marimo/milk10k_train_masks/IL_0142779_dermoscopic_mask.png,0.00942962962962963,too_small,600x450,600x450
IL_0143212,IL_0143212,/marimo/milk10k/MILK10k_Training_Input/IL_0143212/ISIC_9704524.jpg,/marimo/milk10k_train_masks/IL_0143212_dermoscopic_mask.png,0.26947037037037036,valid,600x450,600x450
IL_0143868,IL_0143868,/marimo/milk10k/MILK10k_Training_Input/IL_0143868/ISIC_5381727.jpg,/marimo/milk10k_train_masks/IL_0143868_dermoscopic_mask.png,0.4875037037037037,valid,600x450,600x450
IL_0145900,IL_0145900,/marimo/milk10k/MILK10k_Training_Input/IL_0145900/ISIC_0215803.jpg,/marimo/milk10k_train_masks/IL_0145900_dermoscopic_mask.png,0.36469259259259257,valid,600x450,600x450
IL_0147242,IL_0147242,/marimo/milk10k/MILK10k_Training_Input/IL_0147242/ISIC_7085591.jpg,/marimo/milk10k_train_masks/IL_0147242_dermoscopic_mask.png,0.5029370370370371,valid,600x450,600x450
IL_0149726,IL_0149726,/marimo/milk10k/MILK10k_Training_Input/IL_0149726/ISIC_8667960.jpg,/marimo/milk10k_train_masks/IL_0149726_dermoscopic_mask.png,0.4281111111111111,valid,600x450,600x450
IL_0152415,IL_0152415,/marimo/milk10k/MILK10k_Training_Input/IL_0152415/ISIC_5006235.jpg,/marimo/milk10k_train_masks/IL_0152415_dermoscopic_mask.png,0.02574814814814815,valid,600x450,600x450
IL_0155141,IL_0155141,/marimo/milk10k/MILK10k_Training_Input/IL_0155141/ISIC_3993701.jpg,/marimo/milk10k_train_masks/IL_0155141_dermoscopic_mask.png,0.06305925925925926,valid,600x450,600x450
IL_0158496,IL_0158496,/marimo/milk10k/MILK10k_Training_Input/IL_0158496/ISIC_8918247.jpg,/marimo/milk10k_train_masks/IL_0158496_dermoscopic_mask.png,0.6158185185185185,valid,600x450,600x450
IL_0159004,IL_0159004,/marimo/milk10k/MILK10k_Training_Input/IL_0159004/ISIC_0872036.jpg,/marimo/milk10k_train_masks/IL_0159004_dermoscopic_mask.png,0.3821037037037037,valid,600x450,600x450
IL_0159486,IL_0159486,/marimo/milk10k/MILK10k_Training_Input/IL_0159486/ISIC_9055556.jpg,/marimo/milk10k_train_masks/IL_0159486_dermoscopic_mask.png,0.15926296296296297,valid,600x450,600x450
IL_0168605,IL_0168605,/marimo/milk10k/MILK10k_Training_Input/IL_0168605/ISIC_4829038.jpg,/marimo/milk10k_train_masks/IL_0168605_dermoscopic_mask.png,0.02027037037037037,valid,600x450,600x450
IL_0169358,IL_0169358,/marimo/milk10k/MILK10k_Training_Input/IL_0169358/ISIC_2799124.jpg,/marimo/milk10k_train_masks/IL_0169358_dermoscopic_mask.png,0.23174814814814815,valid,600x450,600x450
IL_0172774,IL_0172774,/marimo/milk10k/MILK10k_Training_Input/IL_0172774/ISIC_4761686.jpg,/marimo/milk10k_train_masks/IL_0172774_dermoscopic_mask.png,0.6159481481481481,valid,600x450,600x450
IL_0177781,IL_0177781,/marimo/milk10k/MILK10k_Training_Input/IL_0177781/ISIC_3408779.jpg,/marimo/milk10k_train_masks/IL_0177781_dermoscopic_mask.png,0.33722962962962966,valid,600x450,600x450
IL_0179071,IL_0179071,/marimo/milk10k/MILK10k_Training_Input/IL_0179071/ISIC_6900958.jpg,/marimo/milk10k_train_masks/IL_0179071_dermoscopic_mask.png,0.3015148148148148,valid,600x450,600x450
IL_0180498,IL_0180498,/marimo/milk10k/MILK10k_Training_Input/IL_0180498/ISIC_1176025.jpg,/marimo/milk10k_train_masks/IL_0180498_dermoscopic_mask.png,0.30662962962962964,valid,600x450,600x450
IL_0181682,IL_0181682,/marimo/milk10k/MILK10k_Training_Input/IL_0181682/ISIC_5436595.jpg,/marimo/milk10k_train_masks/IL_0181682_dermoscopic_mask.png,0.42645925925925926,valid,600x450,600x450
IL_0183140,IL_0183140,/marimo/milk10k/MILK10k_Training_Input/IL_0183140/ISIC_1552060.jpg,/marimo/milk10k_train_masks/IL_0183140_dermoscopic_mask.png,0.1869962962962963,valid,600x450,600x450
IL_0183428,IL_0183428,/marimo/milk10k/MILK10k_Training_Input/IL_0183428/ISIC_6121019.jpg,/marimo/milk10k_train_masks/IL_0183428_dermoscopic_mask.png,0.1789962962962963,valid,600x450,600x450
IL_0184125,IL_0184125,/marimo/milk10k/MILK10k_Training_Input/IL_0184125/ISIC_0981335.jpg,/marimo/milk10k_train_masks/IL_0184125_dermoscopic_mask.png,0.4073037037037037,valid,600x450,600x450
IL_0185151,IL_0185151,/marimo/milk10k/MILK10k_Training_Input/IL_0185151/ISIC_2525369.jpg,/marimo/milk10k_train_masks/IL_0185151_dermoscopic_mask.png,0.017266666666666666,valid,600x450,600x450
IL_0185291,IL_0185291,/marimo/milk10k/MILK10k_Training_Input/IL_0185291/ISIC_8322623.jpg,/marimo/milk10k_train_masks/IL_0185291_dermoscopic_mask.png,0.2790074074074074,valid,600x450,600x450
IL_0185297,IL_0185297,/marimo/milk10k/MILK10k_Training_Input/IL_0185297/ISIC_8850071.jpg,/marimo/milk10k_train_masks/IL_0185297_dermoscopic_mask.png,0.40778888888888887,valid,600x450,600x450
IL_0192026,IL_0192026,/marimo/milk10k/MILK10k_Training_Input/IL_0192026/ISIC_6581571.jpg,/marimo/milk10k_train_masks/IL_0192026_dermoscopic_mask.png,0.37545185185185187,valid,600x450,600x450
IL_0199161,IL_0199161,/marimo/milk10k/MILK10k_Training_Input/IL_0199161/ISIC_9486866.jpg,/marimo/milk10k_train_masks/IL_0199161_dermoscopic_mask.png,0.22104074074074073,valid,600x450,600x450
IL_0199225,IL_0199225,/marimo/milk10k/MILK10k_Training_Input/IL_0199225/ISIC_1675235.jpg,/marimo/milk10k_train_masks/IL_0199225_dermoscopic_mask.png,0.4696851851851852,valid,600x450,600x450
IL_0199785,IL_0199785,/marimo/milk10k/MILK10k_Training_Input/IL_0199785/ISIC_8977908.jpg,/marimo/milk10k_train_masks/IL_0199785_dermoscopic_mask.png,0.07056666666666667,valid,600x450,600x450
IL_0200790,IL_0200790,/marimo/milk10k/MILK10k_Training_Input/IL_0200790/ISIC_6250586.jpg,/marimo/milk10k_train_masks/IL_0200790_dermoscopic_mask.png,0.3384814814814815,valid,600x450,600x450
IL_0201884,IL_0201884,/marimo/milk10k/MILK10k_Training_Input/IL_0201884/ISIC_1718630.jpg,/marimo/milk10k_train_masks/IL_0201884_dermoscopic_mask.png,0.34214074074074075,valid,600x450,600x450
IL_0203121,IL_0203121,/marimo/milk10k/MILK10k_Training_Input/IL_0203121/ISIC_7153501.jpg,/marimo/milk10k_train_masks/IL_0203121_dermoscopic_mask.png,0.3539,valid,600x450,600x450
IL_0203872,IL_0203872,/marimo/milk10k/MILK10k_Training_Input/IL_0203872/ISIC_1923354.jpg,/marimo/milk10k_train_masks/IL_0203872_dermoscopic_mask.png,0.5396111111111112,valid,600x450,600x450
IL_0205551,IL_0205551,/marimo/milk10k/MILK10k_Training_Input/IL_0205551/ISIC_2080755.jpg,/marimo/milk10k_train_masks/IL_0205551_dermoscopic_mask.png,0.5103,valid,600x450,600x450
IL_0208925,IL_0208925,/marimo/milk10k/MILK10k_Training_Input/IL_0208925/ISIC_8293828.jpg,/marimo/milk10k_train_masks/IL_0208925_dermoscopic_mask.png,0.14132592592592594,valid,600x450,600x450
IL_0210304,IL_0210304,/marimo/milk10k/MILK10k_Training_Input/IL_0210304/ISIC_3585425.jpg,/marimo/milk10k_train_masks/IL_0210304_dermoscopic_mask.png,0.40122592592592593,valid,600x450,600x450
IL_0210528,IL_0210528,/marimo/milk10k/MILK10k_Training_Input/IL_0210528/ISIC_5562336.jpg,/marimo/milk10k_train_masks/IL_0210528_dermoscopic_mask.png,0.1506888888888889,valid,600x450,600x450
IL_0210628,IL_0210628,/marimo/milk10k/MILK10k_Training_Input/IL_0210628/ISIC_3789455.jpg,/marimo/milk10k_train_masks/IL_0210628_dermoscopic_mask.png,0.5919185185185185,valid,600x450,600x450
IL_0211480,IL_0211480,/marimo/milk10k/MILK10k_Training_Input/IL_0211480/ISIC_1734487.jpg,/marimo/milk10k_train_masks/IL_0211480_dermoscopic_mask.png,0.15397407407407407,valid,600x450,600x450
IL_0215570,IL_0215570,/marimo/milk10k/MILK10k_Training_Input/IL_0215570/ISIC_5693691.jpg,/marimo/milk10k_train_masks/IL_0215570_dermoscopic_mask.png,0.24276296296296296,valid,600x450,600x450
IL_0216946,IL_0216946,/marimo/milk10k/MILK10k_Training_Input/IL_0216946/ISIC_6976701.jpg,/marimo/milk10k_train_masks/IL_0216946_dermoscopic_mask.png,0.35525555555555555,valid,600x450,600x450
IL_0217482,IL_0217482,/marimo/milk10k/MILK10k_Training_Input/IL_0217482/ISIC_7149626.jpg,/marimo/milk10k_train_masks/IL_0217482_dermoscopic_mask.png,0.4365111111111111,valid,600x450,600x450
IL_0218048,IL_0218048,/marimo/milk10k/MILK10k_Training_Input/IL_0218048/ISIC_8521879.jpg,/marimo/milk10k_train_masks/IL_0218048_dermoscopic_mask.png,0.5114111111111111,valid,600x450,600x450
IL_0218965,IL_0218965,/marimo/milk10k/MILK10k_Training_Input/IL_0218965/ISIC_9183794.jpg,/marimo/milk10k_train_masks/IL_0218965_dermoscopic_mask.png,0.3718740740740741,valid,600x450,600x450
IL_0225053,IL_0225053,/marimo/milk10k/MILK10k_Training_Input/IL_0225053/ISIC_8068358.jpg,/marimo/milk10k_train_masks/IL_0225053_dermoscopic_mask.png,0.5777037037037037,valid,600x450,600x450
IL_0225213,IL_0225213,/marimo/milk10k/MILK10k_Training_Input/IL_0225213/ISIC_9195108.jpg,/marimo/milk10k_train_masks/IL_0225213_dermoscopic_mask.png,0.2851111111111111,valid,600x450,600x450
IL_0226639,IL_0226639,/marimo/milk10k/MILK10k_Training_Input/IL_0226639/ISIC_2755460.jpg,/marimo/milk10k_train_masks/IL_0226639_dermoscopic_mask.png,0.09468148148148148,valid,600x450,600x450
IL_0228777,IL_0228777,/marimo/milk10k/MILK10k_Training_Input/IL_0228777/ISIC_9666538.jpg,/marimo/milk10k_train_masks/IL_0228777_dermoscopic_mask.png,0.27165925925925927,valid,600x450,600x450
IL_0233778,IL_0233778,/marimo/milk10k/MILK10k_Training_Input/IL_0233778/ISIC_1151008.jpg,/marimo/milk10k_train_masks/IL_0233778_dermoscopic_mask.png,0.2298925925925926,valid,600x450,600x450
IL_0240650,IL_0240650,/marimo/milk10k/MILK10k_Training_Input/IL_0240650/ISIC_2513521.jpg,/marimo/milk10k_train_masks/IL_0240650_dermoscopic_mask.png,0.08943333333333334,valid,600x450,600x450
IL_0241510,IL_0241510,/marimo/milk10k/MILK10k_Training_Input/IL_0241510/ISIC_9802157.jpg,/marimo/milk10k_train_masks/IL_0241510_dermoscopic_mask.png,0.3378,valid,600x450,600x450
IL_0244045,IL_0244045,/marimo/milk10k/MILK10k_Training_Input/IL_0244045/ISIC_4307786.jpg,/marimo/milk10k_train_masks/IL_0244045_dermoscopic_mask.png,0.1357925925925926,valid,600x450,600x450
IL_0245024,IL_0245024,/marimo/milk10k/MILK10k_Training_Input/IL_0245024/ISIC_6141356.jpg,/marimo/milk10k_train_masks/IL_0245024_dermoscopic_mask.png,0.4582481481481481,valid,600x450,600x450
IL_0246803,IL_0246803,/marimo/milk10k/MILK10k_Training_Input/IL_0246803/ISIC_7289001.jpg,/marimo/milk10k_train_masks/IL_0246803_dermoscopic_mask.png,0.10352962962962962,valid,600x450,600x450
IL_0246907,IL_0246907,/marimo/milk10k/MILK10k_Training_Input/IL_0246907/ISIC_2741027.jpg,/marimo/milk10k_train_masks/IL_0246907_dermoscopic_mask.png,0.4122222222222222,valid,600x450,600x450
IL_0247404,IL_0247404,/marimo/milk10k/MILK10k_Training_Input/IL_0247404/ISIC_1954450.jpg,/marimo/milk10k_train_masks/IL_0247404_dermoscopic_mask.png,0.5274629629629629,valid,600x450,600x450
IL_0249447,IL_0249447,/marimo/milk10k/MILK10k_Training_Input/IL_0249447/ISIC_6653595.jpg,/marimo/milk10k_train_masks/IL_0249447_dermoscopic_mask.png,0.46428888888888886,valid,600x450,600x450
IL_0252336,IL_0252336,/marimo/milk10k/MILK10k_Training_Input/IL_0252336/ISIC_6543284.jpg,/marimo/milk10k_train_masks/IL_0252336_dermoscopic_mask.png,0.5305518518518518,valid,600x450,600x450
IL_0256138,IL_0256138,/marimo/milk10k/MILK10k_Training_Input/IL_0256138/ISIC_1291833.jpg,/marimo/milk10k_train_masks/IL_0256138_dermoscopic_mask.png,0.13712962962962963,valid,600x450,600x450
IL_0256992,IL_0256992,/marimo/milk10k/MILK10k_Training_Input/IL_0256992/ISIC_6458495.jpg,/marimo/milk10k_train_masks/IL_0256992_dermoscopic_mask.png,0.6435444444444445,valid,600x450,600x450
IL_0257486,IL_0257486,/marimo/milk10k/MILK10k_Training_Input/IL_0257486/ISIC_6563965.jpg,/marimo/milk10k_train_masks/IL_0257486_dermoscopic_mask.png,0.4834333333333333,valid,600x450,600x450
IL_0261809,IL_0261809,/marimo/milk10k/MILK10k_Training_Input/IL_0261809/ISIC_9677476.jpg,/marimo/milk10k_train_masks/IL_0261809_dermoscopic_mask.png,0.5612370370370371,valid,600x450,600x450
IL_0262433,IL_0262433,/marimo/milk10k/MILK10k_Training_Input/IL_0262433/ISIC_2913187.jpg,/marimo/milk10k_train_masks/IL_0262433_dermoscopic_mask.png,0.47271851851851854,valid,600x450,600x450
IL_0262742,IL_0262742,/marimo/milk10k/MILK10k_Training_Input/IL_0262742/ISIC_7474570.jpg,/marimo/milk10k_train_masks/IL_0262742_dermoscopic_mask.png,0.4534148148148148,valid,600x450,600x450
IL_0264320,IL_0264320,/marimo/milk10k/MILK10k_Training_Input/IL_0264320/ISIC_3555396.jpg,/marimo/milk10k_train_masks/IL_0264320_dermoscopic_mask.png,0.27977407407407406,valid,600x450,600x450
IL_0266076,IL_0266076,/marimo/milk10k/MILK10k_Training_Input/IL_0266076/ISIC_0181316.jpg,/marimo/milk10k_train_masks/IL_0266076_dermoscopic_mask.png,0.27945555555555557,valid,600x450,600x450
IL_0266844,IL_0266844,/marimo/milk10k/MILK10k_Training_Input/IL_0266844/ISIC_6342177.jpg,/marimo/milk10k_train_masks/IL_0266844_dermoscopic_mask.png,0.08601481481481482,valid,600x450,600x450
IL_0267094,IL_0267094,/marimo/milk10k/MILK10k_Training_Input/IL_0267094/ISIC_1033249.jpg,/marimo/milk10k_train_masks/IL_0267094_dermoscopic_mask.png,0.07696296296296297,valid,600x450,600x450
IL_0269822,IL_0269822,/marimo/milk10k/MILK10k_Training_Input/IL_0269822/ISIC_9090562.jpg,/marimo/milk10k_train_masks/IL_0269822_dermoscopic_mask.png,0.5144037037037037,valid,600x450,600x450
IL_0271647,IL_0271647,/marimo/milk10k/MILK10k_Training_Input/IL_0271647/ISIC_9250721.jpg,/marimo/milk10k_train_masks/IL_0271647_dermoscopic_mask.png,0.03674444444444445,valid,600x450,600x450
IL_0273938,IL_0273938,/marimo/milk10k/MILK10k_Training_Input/IL_0273938/ISIC_7382332.jpg,/marimo/milk10k_train_masks/IL_0273938_dermoscopic_mask.png,0.18184814814814815,valid,600x450,600x450
IL_0275953,IL_0275953,/marimo/milk10k/MILK10k_Training_Input/IL_0275953/ISIC_7886221.jpg,/marimo/milk10k_train_masks/IL_0275953_dermoscopic_mask.png,0.5388037037037037,valid,600x450,600x450
IL_0281880,IL_0281880,/marimo/milk10k/MILK10k_Training_Input/IL_0281880/ISIC_1799338.jpg,/marimo/milk10k_train_masks/IL_0281880_dermoscopic_mask.png,0.4234851851851852,valid,600x450,600x450
IL_0285359,IL_0285359,/marimo/milk10k/MILK10k_Training_Input/IL_0285359/ISIC_3199091.jpg,/marimo/milk10k_train_masks/IL_0285359_dermoscopic_mask.png,0.27092962962962963,valid,600x450,600x450
IL_0286652,IL_0286652,/marimo/milk10k/MILK10k_Training_Input/IL_0286652/ISIC_5761944.jpg,/marimo/milk10k_train_masks/IL_0286652_dermoscopic_mask.png,0.30758148148148146,valid,600x450,600x450
IL_0286681,IL_0286681,/marimo/milk10k/MILK10k_Training_Input/IL_0286681/ISIC_0919412.jpg,/marimo/milk10k_train_masks/IL_0286681_dermoscopic_mask.png,0.47781111111111113,valid,600x450,600x450
IL_0291723,IL_0291723,/marimo/milk10k/MILK10k_Training_Input/IL_0291723/ISIC_1171368.jpg,/marimo/milk10k_train_masks/IL_0291723_dermoscopic_mask.png,0.33873703703703706,valid,600x450,600x450
IL_0295689,IL_0295689,/marimo/milk10k/MILK10k_Training_Input/IL_0295689/ISIC_8366863.jpg,/marimo/milk10k_train_masks/IL_0295689_dermoscopic_mask.png,0.16131481481481483,valid,600x450,600x450
IL_0298578,IL_0298578,/marimo/milk10k/MILK10k_Training_Input/IL_0298578/ISIC_3885747.jpg,/marimo/milk10k_train_masks/IL_0298578_dermoscopic_mask.png,0.5258333333333334,valid,600x450,600x450
IL_0298761,IL_0298761,/marimo/milk10k/MILK10k_Training_Input/IL_0298761/ISIC_4538438.jpg,/marimo/milk10k_train_masks/IL_0298761_dermoscopic_mask.png,0.4409814814814815,valid,600x450,600x450
IL_0303192,IL_0303192,/marimo/milk10k/MILK10k_Training_Input/IL_0303192/ISIC_3560179.jpg,/marimo/milk10k_train_masks/IL_0303192_dermoscopic_mask.png,0.024625925925925926,valid,600x450,600x450
IL_0303279,IL_0303279,/marimo/milk10k/MILK10k_Training_Input/IL_0303279/ISIC_7387499.jpg,/marimo/milk10k_train_masks/IL_0303279_dermoscopic_mask.png,0.0389962962962963,valid,600x450,600x450
IL_0303759,IL_0303759,/marimo/milk10k/MILK10k_Training_Input/IL_0303759/ISIC_9185835.jpg,/marimo/milk10k_train_masks/IL_0303759_dermoscopic_mask.png,0.09425555555555555,valid,600x450,600x450
IL_0304897,IL_0304897,/marimo/milk10k/MILK10k_Training_Input/IL_0304897/ISIC_0138914.jpg,/marimo/milk10k_train_masks/IL_0304897_dermoscopic_mask.png,0.3765074074074074,valid,600x450,600x450
IL_0306057,IL_0306057,/marimo/milk10k/MILK10k_Training_Input/IL_0306057/ISIC_9340414.jpg,/marimo/milk10k_train_masks/IL_0306057_dermoscopic_mask.png,0.2845,valid,600x450,600x450
IL_0306410,IL_0306410,/marimo/milk10k/MILK10k_Training_Input/IL_0306410/ISIC_8668865.jpg,/marimo/milk10k_train_masks/IL_0306410_dermoscopic_mask.png,0.46904814814814816,valid,600x450,600x450
IL_0306770,IL_0306770,/marimo/milk10k/MILK10k_Training_Input/IL_0306770/ISIC_6704813.jpg,/marimo/milk10k_train_masks/IL_0306770_dermoscopic_mask.png,0.24861851851851852,valid,600x450,600x450
IL_0307289,IL_0307289,/marimo/milk10k/MILK10k_Training_Input/IL_0307289/ISIC_7119882.jpg,/marimo/milk10k_train_masks/IL_0307289_dermoscopic_mask.png,0.15952592592592593,valid,600x450,600x450
IL_0308354,IL_0308354,/marimo/milk10k/MILK10k_Training_Input/IL_0308354/ISIC_8191013.jpg,/marimo/milk10k_train_masks/IL_0308354_dermoscopic_mask.png,0.5349259259259259,valid,600x450,600x450
IL_0310988,IL_0310988,/marimo/milk10k/MILK10k_Training_Input/IL_0310988/ISIC_0898369.jpg,/marimo/milk10k_train_masks/IL_0310988_dermoscopic_mask.png,0.6417333333333334,valid,600x450,600x450
IL_0311447,IL_0311447,/marimo/milk10k/MILK10k_Training_Input/IL_0311447/ISIC_9916112.jpg,/marimo/milk10k_train_masks/IL_0311447_dermoscopic_mask.png,0.29446666666666665,valid,600x450,600x450
IL_0313389,IL_0313389,/marimo/milk10k/MILK10k_Training_Input/IL_0313389/ISIC_1405571.jpg,/marimo/milk10k_train_masks/IL_0313389_dermoscopic_mask.png,0.28523333333333334,valid,600x450,600x450
IL_0313731,IL_0313731,/marimo/milk10k/MILK10k_Training_Input/IL_0313731/ISIC_4966803.jpg,/marimo/milk10k_train_masks/IL_0313731_dermoscopic_mask.png,0.14758148148148148,valid,600x450,600x450
IL_0314873,IL_0314873,/marimo/milk10k/MILK10k_Training_Input/IL_0314873/ISIC_3451684.jpg,/marimo/milk10k_train_masks/IL_0314873_dermoscopic_mask.png,0.27094074074074076,valid,600x450,600x450
IL_0317976,IL_0317976,/marimo/milk10k/MILK10k_Training_Input/IL_0317976/ISIC_1064441.jpg,/marimo/milk10k_train_masks/IL_0317976_dermoscopic_mask.png,0.26114074074074073,valid,600x450,600x450
IL_0317980,IL_0317980,/marimo/milk10k/MILK10k_Training_Input/IL_0317980/ISIC_4465960.jpg,/marimo/milk10k_train_masks/IL_0317980_dermoscopic_mask.png,0.30604444444444445,valid,600x450,600x450
IL_0318296,IL_0318296,/marimo/milk10k/MILK10k_Training_Input/IL_0318296/ISIC_9338482.jpg,/marimo/milk10k_train_masks/IL_0318296_dermoscopic_mask.png,0.11197407407407407,valid,600x450,600x450
IL_0320467,IL_0320467,/marimo/milk10k/MILK10k_Training_Input/IL_0320467/ISIC_1149850.jpg,/marimo/milk10k_train_masks/IL_0320467_dermoscopic_mask.png,0.3320296296296296,valid,600x450,600x450
IL_0321321,IL_0321321,/marimo/milk10k/MILK10k_Training_Input/IL_0321321/ISIC_9490906.jpg,/marimo/milk10k_train_masks/IL_0321321_dermoscopic_mask.png,0.14742222222222223,valid,600x450,600x450
IL_0321969,IL_0321969,/marimo/milk10k/MILK10k_Training_Input/IL_0321969/ISIC_9579888.jpg,/marimo/milk10k_train_masks/IL_0321969_dermoscopic_mask.png,0.5648296296296297,valid,600x450,600x450
IL_0322820,IL_0322820,/marimo/milk10k/MILK10k_Training_Input/IL_0322820/ISIC_7828331.jpg,/marimo/milk10k_train_masks/IL_0322820_dermoscopic_mask.png,0.0,too_small,600x450,600x450
IL_0322831,IL_0322831,/marimo/milk10k/MILK10k_Training_Input/IL_0322831/ISIC_5880013.jpg,/marimo/milk10k_train_masks/IL_0322831_dermoscopic_mask.png,0.2723074074074074,valid,600x450,600x450
IL_0327292,IL_0327292,/marimo/milk10k/MILK10k_Training_Input/IL_0327292/ISIC_3259414.jpg,/marimo/milk10k_train_masks/IL_0327292_dermoscopic_mask.png,0.21587407407407408,valid,600x450,600x450
IL_0328020,IL_0328020,/marimo/milk10k/MILK10k_Training_Input/IL_0328020/ISIC_3636953.jpg,/marimo/milk10k_train_masks/IL_0328020_dermoscopic_mask.png,0.6621555555555556,valid,600x450,600x450
IL_0328112,IL_0328112,/marimo/milk10k/MILK10k_Training_Input/IL_0328112/ISIC_2977980.jpg,/marimo/milk10k_train_masks/IL_0328112_dermoscopic_mask.png,0.25812962962962965,valid,600x450,600x450
IL_0330449,IL_0330449,/marimo/milk10k/MILK10k_Training_Input/IL_0330449/ISIC_7931618.jpg,/marimo/milk10k_train_masks/IL_0330449_dermoscopic_mask.png,0.3909925925925926,valid,600x450,600x450
IL_0330771,IL_0330771,/marimo/milk10k/MILK10k_Training_Input/IL_0330771/ISIC_5920610.jpg,/marimo/milk10k_train_masks/IL_0330771_dermoscopic_mask.png,0.10601851851851851,valid,600x450,600x450
IL_0331680,IL_0331680,/marimo/milk10k/MILK10k_Training_Input/IL_0331680/ISIC_2604430.jpg,/marimo/milk10k_train_masks/IL_0331680_dermoscopic_mask.png,0.5991407407407408,valid,600x450,600x450
IL_0332363,IL_0332363,/marimo/milk10k/MILK10k_Training_Input/IL_0332363/ISIC_5273681.jpg,/marimo/milk10k_train_masks/IL_0332363_dermoscopic_mask.png,0.04480370370370371,valid,600x450,600x450
IL_0333209,IL_0333209,/marimo/milk10k/MILK10k_Training_Input/IL_0333209/ISIC_1403739.jpg,/marimo/milk10k_train_masks/IL_0333209_dermoscopic_mask.png,0.2533222222222222,valid,600x450,600x450
IL_0335647,IL_0335647,/marimo/milk10k/MILK10k_Training_Input/IL_0335647/ISIC_0642767.jpg,/marimo/milk10k_train_masks/IL_0335647_dermoscopic_mask.png,0.24045925925925926,valid,600x450,600x450
IL_0335720,IL_0335720,/marimo/milk10k/MILK10k_Training_Input/IL_0335720/ISIC_4324758.jpg,/marimo/milk10k_train_masks/IL_0335720_dermoscopic_mask.png,0.5306518518518518,valid,600x450,600x450
IL_0336381,IL_0336381,/marimo/milk10k/MILK10k_Training_Input/IL_0336381/ISIC_1472958.jpg,/marimo/milk10k_train_masks/IL_0336381_dermoscopic_mask.png,0.22976666666666667,valid,600x450,600x450
IL_0340330,IL_0340330,/marimo/milk10k/MILK10k_Training_Input/IL_0340330/ISIC_8462138.jpg,/marimo/milk10k_train_masks/IL_0340330_dermoscopic_mask.png,0.09921851851851853,valid,600x450,600x450
IL_0343240,IL_0343240,/marimo/milk10k/MILK10k_Training_Input/IL_0343240/ISIC_5728294.jpg,/marimo/milk10k_train_masks/IL_0343240_dermoscopic_mask.png,0.31933703703703703,valid,600x450,600x450
IL_0345043,IL_0345043,/marimo/milk10k/MILK10k_Training_Input/IL_0345043/ISIC_3088358.jpg,/marimo/milk10k_train_masks/IL_0345043_dermoscopic_mask.png,0.41897407407407405,valid,600x450,600x450
IL_0345607,IL_0345607,/marimo/milk10k/MILK10k_Training_Input/IL_0345607/ISIC_5979125.jpg,/marimo/milk10k_train_masks/IL_0345607_dermoscopic_mask.png,0.3128037037037037,valid,600x450,600x450
IL_0347019,IL_0347019,/marimo/milk10k/MILK10k_Training_Input/IL_0347019/ISIC_4218589.jpg,/marimo/milk10k_train_masks/IL_0347019_dermoscopic_mask.png,0.3073666666666667,valid,600x450,600x450
IL_0347219,IL_0347219,/marimo/milk10k/MILK10k_Training_Input/IL_0347219/ISIC_1942928.jpg,/marimo/milk10k_train_masks/IL_0347219_dermoscopic_mask.png,0.16994074074074075,valid,600x450,600x450
IL_0349058,IL_0349058,/marimo/milk10k/MILK10k_Training_Input/IL_0349058/ISIC_6339347.jpg,/marimo/milk10k_train_masks/IL_0349058_dermoscopic_mask.png,0.33328148148148146,valid,600x450,600x450
IL_0350485,IL_0350485,/marimo/milk10k/MILK10k_Training_Input/IL_0350485/ISIC_5218005.jpg,/marimo/milk10k_train_masks/IL_0350485_dermoscopic_mask.png,0.6560888888888889,valid,600x450,600x450
IL_0353074,IL_0353074,/marimo/milk10k/MILK10k_Training_Input/IL_0353074/ISIC_2228341.jpg,/marimo/milk10k_train_masks/IL_0353074_dermoscopic_mask.png,0.4277814814814815,valid,600x450,600x450
IL_0355319,IL_0355319,/marimo/milk10k/MILK10k_Training_Input/IL_0355319/ISIC_5378716.jpg,/marimo/milk10k_train_masks/IL_0355319_dermoscopic_mask.png,0.19791111111111112,valid,600x450,600x450
IL_0363698,IL_0363698,/marimo/milk10k/MILK10k_Training_Input/IL_0363698/ISIC_7282695.jpg,/marimo/milk10k_train_masks/IL_0363698_dermoscopic_mask.png,0.46067407407407407,valid,600x450,600x450
IL_0364539,IL_0364539,/marimo/milk10k/MILK10k_Training_Input/IL_0364539/ISIC_3782771.jpg,/marimo/milk10k_train_masks/IL_0364539_dermoscopic_mask.png,0.5707962962962962,valid,600x450,600x450
IL_0367894,IL_0367894,/marimo/milk10k/MILK10k_Training_Input/IL_0367894/ISIC_3160675.jpg,/marimo/milk10k_train_masks/IL_0367894_dermoscopic_mask.png,0.5333592592592593,valid,600x450,600x450
IL_0368835,IL_0368835,/marimo/milk10k/MILK10k_Training_Input/IL_0368835/ISIC_3284879.jpg,/marimo/milk10k_train_masks/IL_0368835_dermoscopic_mask.png,0.32334814814814816,valid,600x450,600x450
IL_0371298,IL_0371298,/marimo/milk10k/MILK10k_Training_Input/IL_0371298/ISIC_8195612.jpg,/marimo/milk10k_train_masks/IL_0371298_dermoscopic_mask.png,0.2635925925925926,valid,600x450,600x450
IL_0375356,IL_0375356,/marimo/milk10k/MILK10k_Training_Input/IL_0375356/ISIC_4117748.jpg,/marimo/milk10k_train_masks/IL_0375356_dermoscopic_mask.png,0.5487888888888889,valid,600x450,600x450
IL_0382638,IL_0382638,/marimo/milk10k/MILK10k_Training_Input/IL_0382638/ISIC_3204703.jpg,/marimo/milk10k_train_masks/IL_0382638_dermoscopic_mask.png,0.17906666666666668,valid,600x450,600x450
IL_0386446,IL_0386446,/marimo/milk10k/MILK10k_Training_Input/IL_0386446/ISIC_4020367.jpg,/marimo/milk10k_train_masks/IL_0386446_dermoscopic_mask.png,0.06926666666666667,valid,600x450,600x450
IL_0387029,IL_0387029,/marimo/milk10k/MILK10k_Training_Input/IL_0387029/ISIC_5850719.jpg,/marimo/milk10k_train_masks/IL_0387029_dermoscopic_mask.png,0.38526666666666665,valid,600x450,600x450
IL_0387507,IL_0387507,/marimo/milk10k/MILK10k_Training_Input/IL_0387507/ISIC_7271787.jpg,/marimo/milk10k_train_masks/IL_0387507_dermoscopic_mask.png,0.11431111111111111,valid,600x450,600x450
IL_0387576,IL_0387576,/marimo/milk10k/MILK10k_Training_Input/IL_0387576/ISIC_7311876.jpg,/marimo/milk10k_train_masks/IL_0387576_dermoscopic_mask.png,0.11123703703703704,valid,600x450,600x450
IL_0391966,IL_0391966,/marimo/milk10k/MILK10k_Training_Input/IL_0391966/ISIC_6278944.jpg,/marimo/milk10k_train_masks/IL_0391966_dermoscopic_mask.png,0.0553962962962963,valid,600x450,600x450
IL_0393808,IL_0393808,/marimo/milk10k/MILK10k_Training_Input/IL_0393808/ISIC_9627594.jpg,/marimo/milk10k_train_masks/IL_0393808_dermoscopic_mask.png,0.23116666666666666,valid,600x450,600x450
IL_0395409,IL_0395409,/marimo/milk10k/MILK10k_Training_Input/IL_0395409/ISIC_2779297.jpg,/marimo/milk10k_train_masks/IL_0395409_dermoscopic_mask.png,0.2480962962962963,valid,600x450,600x450
IL_0395791,IL_0395791,/marimo/milk10k/MILK10k_Training_Input/IL_0395791/ISIC_7343168.jpg,/marimo/milk10k_train_masks/IL_0395791_dermoscopic_mask.png,0.4693148148148148,valid,600x450,600x450
IL_0399009,IL_0399009,/marimo/milk10k/MILK10k_Training_Input/IL_0399009/ISIC_4588701.jpg,/marimo/milk10k_train_masks/IL_0399009_dermoscopic_mask.png,0.2517740740740741,valid,600x450,600x450
IL_0401155,IL_0401155,/marimo/milk10k/MILK10k_Training_Input/IL_0401155/ISIC_7941055.jpg,/marimo/milk10k_train_masks/IL_0401155_dermoscopic_mask.png,0.1270148148148148,valid,600x450,600x450
IL_0402026,IL_0402026,/marimo/milk10k/MILK10k_Training_Input/IL_0402026/ISIC_8243525.jpg,/marimo/milk10k_train_masks/IL_0402026_dermoscopic_mask.png,0.06044074074074074,valid,600x450,600x450
IL_0402480,IL_0402480,/marimo/milk10k/MILK10k_Training_Input/IL_0402480/ISIC_3952412.jpg,/marimo/milk10k_train_masks/IL_0402480_dermoscopic_mask.png,0.036955555555555554,valid,600x450,600x450
IL_0404248,IL_0404248,/marimo/milk10k/MILK10k_Training_Input/IL_0404248/ISIC_2695360.jpg,/marimo/milk10k_train_masks/IL_0404248_dermoscopic_mask.png,0.40535185185185185,valid,600x450,600x450
IL_0404523,IL_0404523,/marimo/milk10k/MILK10k_Training_Input/IL_0404523/ISIC_4968641.jpg,/marimo/milk10k_train_masks/IL_0404523_dermoscopic_mask.png,0.6532111111111111,valid,600x450,600x450
IL_0405680,IL_0405680,/marimo/milk10k/MILK10k_Training_Input/IL_0405680/ISIC_8197317.jpg,/marimo/milk10k_train_masks/IL_0405680_dermoscopic_mask.png,0.25801111111111114,valid,600x450,600x450
IL_0406808,IL_0406808,/marimo/milk10k/MILK10k_Training_Input/IL_0406808/ISIC_1201025.jpg,/marimo/milk10k_train_masks/IL_0406808_dermoscopic_mask.png,0.3167333333333333,valid,600x450,600x450
IL_0409175,IL_0409175,/marimo/milk10k/MILK10k_Training_Input/IL_0409175/ISIC_3589220.jpg,/marimo/milk10k_train_masks/IL_0409175_dermoscopic_mask.png,0.6433444444444445,valid,600x450,600x450
IL_0410887,IL_0410887,/marimo/milk10k/MILK10k_Training_Input/IL_0410887/ISIC_0197900.jpg,/marimo/milk10k_train_masks/IL_0410887_dermoscopic_mask.png,0.381662962962963,valid,600x450,600x450
IL_0416544,IL_0416544,/marimo/milk10k/MILK10k_Training_Input/IL_0416544/ISIC_1895471.jpg,/marimo/milk10k_train_masks/IL_0416544_dermoscopic_mask.png,0.45094074074074075,valid,600x450,600x450
IL_0419273,IL_0419273,/marimo/milk10k/MILK10k_Training_Input/IL_0419273/ISIC_6144096.jpg,/marimo/milk10k_train_masks/IL_0419273_dermoscopic_mask.png,0.43169259259259257,valid,600x450,600x450
IL_0419410,IL_0419410,/marimo/milk10k/MILK10k_Training_Input/IL_0419410/ISIC_9126529.jpg,/marimo/milk10k_train_masks/IL_0419410_dermoscopic_mask.png,0.25682962962962963,valid,600x450,600x450
IL_0419934,IL_0419934,/marimo/milk10k/MILK10k_Training_Input/IL_0419934/ISIC_1069165.jpg,/marimo/milk10k_train_masks/IL_0419934_dermoscopic_mask.png,0.2995814814814815,valid,600x450,600x450
IL_0424747,IL_0424747,/marimo/milk10k/MILK10k_Training_Input/IL_0424747/ISIC_3642704.jpg,/marimo/milk10k_train_masks/IL_0424747_dermoscopic_mask.png,0.39443333333333336,valid,600x450,600x450
IL_0427467,IL_0427467,/marimo/milk10k/MILK10k_Training_Input/IL_0427467/ISIC_2393561.jpg,/marimo/milk10k_train_masks/IL_0427467_dermoscopic_mask.png,0.15201481481481482,valid,600x450,600x450
IL_0428010,IL_0428010,/marimo/milk10k/MILK10k_Training_Input/IL_0428010/ISIC_5216960.jpg,/marimo/milk10k_train_masks/IL_0428010_dermoscopic_mask.png,0.14227777777777778,valid,600x450,600x450
IL_0428893,IL_0428893,/marimo/milk10k/MILK10k_Training_Input/IL_0428893/ISIC_3562485.jpg,/marimo/milk10k_train_masks/IL_0428893_dermoscopic_mask.png,0.3512,valid,600x450,600x450
IL_0432288,IL_0432288,/marimo/milk10k/MILK10k_Training_Input/IL_0432288/ISIC_9757709.jpg,/marimo/milk10k_train_masks/IL_0432288_dermoscopic_mask.png,0.28572592592592594,valid,600x450,600x450
IL_0432586,IL_0432586,/marimo/milk10k/MILK10k_Training_Input/IL_0432586/ISIC_4442378.jpg,/marimo/milk10k_train_masks/IL_0432586_dermoscopic_mask.png,0.19312222222222222,valid,600x450,600x450
IL_0432633,IL_0432633,/marimo/milk10k/MILK10k_Training_Input/IL_0432633/ISIC_3861977.jpg,/marimo/milk10k_train_masks/IL_0432633_dermoscopic_mask.png,0.5053851851851852,valid,600x450,600x450
IL_0433737,IL_0433737,/marimo/milk10k/MILK10k_Training_Input/IL_0433737/ISIC_2432981.jpg,/marimo/milk10k_train_masks/IL_0433737_dermoscopic_mask.png,0.1398185185185185,valid,600x450,600x450
IL_0433789,IL_0433789,/marimo/milk10k/MILK10k_Training_Input/IL_0433789/ISIC_3642584.jpg,/marimo/milk10k_train_masks/IL_0433789_dermoscopic_mask.png,0.4658407407407407,valid,600x450,600x450
IL_0434993,IL_0434993,/marimo/milk10k/MILK10k_Training_Input/IL_0434993/ISIC_9207099.jpg,/marimo/milk10k_train_masks/IL_0434993_dermoscopic_mask.png,0.5742222222222222,valid,600x450,600x450
IL_0436411,IL_0436411,/marimo/milk10k/MILK10k_Training_Input/IL_0436411/ISIC_4981008.jpg,/marimo/milk10k_train_masks/IL_0436411_dermoscopic_mask.png,0.4963888888888889,valid,600x450,600x450
IL_0436732,IL_0436732,/marimo/milk10k/MILK10k_Training_Input/IL_0436732/ISIC_3620839.jpg,/marimo/milk10k_train_masks/IL_0436732_dermoscopic_mask.png,0.5180185185185185,valid,600x450,600x450
IL_0441589,IL_0441589,/marimo/milk10k/MILK10k_Training_Input/IL_0441589/ISIC_1281398.jpg,/marimo/milk10k_train_masks/IL_0441589_dermoscopic_mask.png,0.5840111111111111,valid,600x450,600x450
IL_0443396,IL_0443396,/marimo/milk10k/MILK10k_Training_Input/IL_0443396/ISIC_1963610.jpg,/marimo/milk10k_train_masks/IL_0443396_dermoscopic_mask.png,0.24734444444444445,valid,600x450,600x450
IL_0443862,IL_0443862,/marimo/milk10k/MILK10k_Training_Input/IL_0443862/ISIC_8872336.jpg,/marimo/milk10k_train_masks/IL_0443862_dermoscopic_mask.png,0.26956296296296295,valid,600x450,600x450
IL_0444889,IL_0444889,/marimo/milk10k/MILK10k_Training_Input/IL_0444889/ISIC_3157648.jpg,/marimo/milk10k_train_masks/IL_0444889_dermoscopic_mask.png,0.48485555555555554,valid,600x450,600x450
IL_0446787,IL_0446787,/marimo/milk10k/MILK10k_Training_Input/IL_0446787/ISIC_1121888.jpg,/marimo/milk10k_train_masks/IL_0446787_dermoscopic_mask.png,0.40444814814814817,valid,600x450,600x450
IL_0449677,IL_0449677,/marimo/milk10k/MILK10k_Training_Input/IL_0449677/ISIC_6394582.jpg,/marimo/milk10k_train_masks/IL_0449677_dermoscopic_mask.png,0.18424814814814816,valid,600x450,600x450
IL_0451875,IL_0451875,/marimo/milk10k/MILK10k_Training_Input/IL_0451875/ISIC_3480499.jpg,/marimo/milk10k_train_masks/IL_0451875_dermoscopic_mask.png,0.24905555555555556,valid,600x450,600x450
IL_0455273,IL_0455273,/marimo/milk10k/MILK10k_Training_Input/IL_0455273/ISIC_4872496.jpg,/marimo/milk10k_train_masks/IL_0455273_dermoscopic_mask.png,0.4555962962962963,valid,600x450,600x450
IL_0461573,IL_0461573,/marimo/milk10k/MILK10k_Training_Input/IL_0461573/ISIC_8953643.jpg,/marimo/milk10k_train_masks/IL_0461573_dermoscopic_mask.png,0.29130370370370373,valid,600x450,600x450
IL_0462841,IL_0462841,/marimo/milk10k/MILK10k_Training_Input/IL_0462841/ISIC_7030953.jpg,/marimo/milk10k_train_masks/IL_0462841_dermoscopic_mask.png,0.42376296296296295,valid,600x450,600x450
IL_0465605,IL_0465605,/marimo/milk10k/MILK10k_Training_Input/IL_0465605/ISIC_3045480.jpg,/marimo/milk10k_train_masks/IL_0465605_dermoscopic_mask.png,0.03975925925925926,valid,600x450,600x450
IL_0466383,IL_0466383,/marimo/milk10k/MILK10k_Training_Input/IL_0466383/ISIC_9410235.jpg,/marimo/milk10k_train_masks/IL_0466383_dermoscopic_mask.png,0.4663888888888889,valid,600x450,600x450
IL_0466626,IL_0466626,/marimo/milk10k/MILK10k_Training_Input/IL_0466626/ISIC_1699010.jpg,/marimo/milk10k_train_masks/IL_0466626_dermoscopic_mask.png,0.48825555555555555,valid,600x450,600x450
IL_0468810,IL_0468810,/marimo/milk10k/MILK10k_Training_Input/IL_0468810/ISIC_0863389.jpg,/marimo/milk10k_train_masks/IL_0468810_dermoscopic_mask.png,0.46758518518518516,valid,600x450,600x450
IL_0469044,IL_0469044,/marimo/milk10k/MILK10k_Training_Input/IL_0469044/ISIC_6416950.jpg,/marimo/milk10k_train_masks/IL_0469044_dermoscopic_mask.png,0.41554814814814817,valid,600x450,600x450
IL_0469511,IL_0469511,/marimo/milk10k/MILK10k_Training_Input/IL_0469511/ISIC_5475721.jpg,/marimo/milk10k_train_masks/IL_0469511_dermoscopic_mask.png,0.17337777777777777,valid,600x450,600x450
IL_0469581,IL_0469581,/marimo/milk10k/MILK10k_Training_Input/IL_0469581/ISIC_7876083.jpg,/marimo/milk10k_train_masks/IL_0469581_dermoscopic_mask.png,0.02352962962962963,valid,600x450,600x450
IL_0469589,IL_0469589,/marimo/milk10k/MILK10k_Training_Input/IL_0469589/ISIC_4602130.jpg,/marimo/milk10k_train_masks/IL_0469589_dermoscopic_mask.png,0.19427037037037037,valid,600x450,600x450
IL_0474347,IL_0474347,/marimo/milk10k/MILK10k_Training_Input/IL_0474347/ISIC_4933905.jpg,/marimo/milk10k_train_masks/IL_0474347_dermoscopic_mask.png,0.10518148148148149,valid,600x450,600x450
IL_0477847,IL_0477847,/marimo/milk10k/MILK10k_Training_Input/IL_0477847/ISIC_6115342.jpg,/marimo/milk10k_train_masks/IL_0477847_dermoscopic_mask.png,0.6628111111111111,valid,600x450,600x450
IL_0478120,IL_0478120,/marimo/milk10k/MILK10k_Training_Input/IL_0478120/ISIC_7415373.jpg,/marimo/milk10k_train_masks/IL_0478120_dermoscopic_mask.png,0.03574074074074074,valid,600x450,600x450
IL_0478451,IL_0478451,/marimo/milk10k/MILK10k_Training_Input/IL_0478451/ISIC_1569850.jpg,/marimo/milk10k_train_masks/IL_0478451_dermoscopic_mask.png,0.04282592592592593,valid,600x450,600x450
IL_0479430,IL_0479430,/marimo/milk10k/MILK10k_Training_Input/IL_0479430/ISIC_5938313.jpg,/marimo/milk10k_train_masks/IL_0479430_dermoscopic_mask.png,0.2790185185185185,valid,600x450,600x450
IL_0480697,IL_0480697,/marimo/milk10k/MILK10k_Training_Input/IL_0480697/ISIC_6305309.jpg,/marimo/milk10k_train_masks/IL_0480697_dermoscopic_mask.png,0.30474074074074076,valid,600x450,600x450
IL_0482521,IL_0482521,/marimo/milk10k/MILK10k_Training_Input/IL_0482521/ISIC_2526104.jpg,/marimo/milk10k_train_masks/IL_0482521_dermoscopic_mask.png,0.22953703703703704,valid,600x450,600x450
IL_0484240,IL_0484240,/marimo/milk10k/MILK10k_Training_Input/IL_0484240/ISIC_8609184.jpg,/marimo/milk10k_train_masks/IL_0484240_dermoscopic_mask.png,0.20704444444444445,valid,600x450,600x450
IL_0485034,IL_0485034,/marimo/milk10k/MILK10k_Training_Input/IL_0485034/ISIC_1673396.jpg,/marimo/milk10k_train_masks/IL_0485034_dermoscopic_mask.png,0.46985185185185185,valid,600x450,600x450
IL_0486701,IL_0486701,/marimo/milk10k/MILK10k_Training_Input/IL_0486701/ISIC_2765997.jpg,/marimo/milk10k_train_masks/IL_0486701_dermoscopic_mask.png,0.19375555555555554,valid,600x450,600x450
IL_0486973,IL_0486973,/marimo/milk10k/MILK10k_Training_Input/IL_0486973/ISIC_3027737.jpg,/marimo/milk10k_train_masks/IL_0486973_dermoscopic_mask.png,0.36026296296296295,valid,600x450,600x450
IL_0487689,IL_0487689,/marimo/milk10k/MILK10k_Training_Input/IL_0487689/ISIC_4640009.jpg,/marimo/milk10k_train_masks/IL_0487689_dermoscopic_mask.png,0.6232814814814814,valid,600x450,600x450
IL_0489772,IL_0489772,/marimo/milk10k/MILK10k_Training_Input/IL_0489772/ISIC_9471648.jpg,/marimo/milk10k_train_masks/IL_0489772_dermoscopic_mask.png,0.10671111111111112,valid,600x450,600x450
IL_0490724,IL_0490724,/marimo/milk10k/MILK10k_Training_Input/IL_0490724/ISIC_5030934.jpg,/marimo/milk10k_train_masks/IL_0490724_dermoscopic_mask.png,0.15881851851851853,valid,600x450,600x450
IL_0491604,IL_0491604,/marimo/milk10k/MILK10k_Training_Input/IL_0491604/ISIC_1512530.jpg,/marimo/milk10k_train_masks/IL_0491604_dermoscopic_mask.png,0.17072962962962962,valid,600x450,600x450
IL_0496664,IL_0496664,/marimo/milk10k/MILK10k_Training_Input/IL_0496664/ISIC_0780544.jpg,/marimo/milk10k_train_masks/IL_0496664_dermoscopic_mask.png,0.3628037037037037,valid,600x450,600x450
IL_0499462,IL_0499462,/marimo/milk10k/MILK10k_Training_Input/IL_0499462/ISIC_6780849.jpg,/marimo/milk10k_train_masks/IL_0499462_dermoscopic_mask.png,0.39792222222222223,valid,600x450,600x450
IL_0500533,IL_0500533,/marimo/milk10k/MILK10k_Training_Input/IL_0500533/ISIC_5372884.jpg,/marimo/milk10k_train_masks/IL_0500533_dermoscopic_mask.png,0.32301851851851854,valid,600x450,600x450
IL_0503827,IL_0503827,/marimo/milk10k/MILK10k_Training_Input/IL_0503827/ISIC_9502415.jpg,/marimo/milk10k_train_masks/IL_0503827_dermoscopic_mask.png,0.44867407407407406,valid,600x450,600x450
IL_0507774,IL_0507774,/marimo/milk10k/MILK10k_Training_Input/IL_0507774/ISIC_2601363.jpg,/marimo/milk10k_train_masks/IL_0507774_dermoscopic_mask.png,0.29961481481481483,valid,600x450,600x450
IL_0508901,IL_0508901,/marimo/milk10k/MILK10k_Training_Input/IL_0508901/ISIC_8558850.jpg,/marimo/milk10k_train_masks/IL_0508901_dermoscopic_mask.png,0.26206666666666667,valid,600x450,600x450
IL_0513622,IL_0513622,/marimo/milk10k/MILK10k_Training_Input/IL_0513622/ISIC_0979678.jpg,/marimo/milk10k_train_masks/IL_0513622_dermoscopic_mask.png,0.19496666666666668,valid,600x450,600x450
IL_0514561,IL_0514561,/marimo/milk10k/MILK10k_Training_Input/IL_0514561/ISIC_5481679.jpg,/marimo/milk10k_train_masks/IL_0514561_dermoscopic_mask.png,0.10173333333333333,valid,600x450,600x450
IL_0515398,IL_0515398,/marimo/milk10k/MILK10k_Training_Input/IL_0515398/ISIC_8509874.jpg,/marimo/milk10k_train_masks/IL_0515398_dermoscopic_mask.png,0.24783703703703705,valid,600x450,600x450
IL_0515477,IL_0515477,/marimo/milk10k/MILK10k_Training_Input/IL_0515477/ISIC_4216162.jpg,/marimo/milk10k_train_masks/IL_0515477_dermoscopic_mask.png,0.18744074074074074,valid,600x450,600x450
IL_0519349,IL_0519349,/marimo/milk10k/MILK10k_Training_Input/IL_0519349/ISIC_8994952.jpg,/marimo/milk10k_train_masks/IL_0519349_dermoscopic_mask.png,0.24413333333333334,valid,600x450,600x450
IL_0519375,IL_0519375,/marimo/milk10k/MILK10k_Training_Input/IL_0519375/ISIC_2577644.jpg,/marimo/milk10k_train_masks/IL_0519375_dermoscopic_mask.png,0.2088,valid,600x450,600x450
IL_0520171,IL_0520171,/marimo/milk10k/MILK10k_Training_Input/IL_0520171/ISIC_7469563.jpg,/marimo/milk10k_train_masks/IL_0520171_dermoscopic_mask.png,0.09504444444444445,valid,600x450,600x450
IL_0521402,IL_0521402,/marimo/milk10k/MILK10k_Training_Input/IL_0521402/ISIC_8979849.jpg,/marimo/milk10k_train_masks/IL_0521402_dermoscopic_mask.png,0.40114814814814814,valid,600x450,600x450
IL_0521541,IL_0521541,/marimo/milk10k/MILK10k_Training_Input/IL_0521541/ISIC_0926891.jpg,/marimo/milk10k_train_masks/IL_0521541_dermoscopic_mask.png,0.24725925925925926,valid,600x450,600x450
IL_0521926,IL_0521926,/marimo/milk10k/MILK10k_Training_Input/IL_0521926/ISIC_1319737.jpg,/marimo/milk10k_train_masks/IL_0521926_dermoscopic_mask.png,0.14786666666666667,valid,600x450,600x450
IL_0525024,IL_0525024,/marimo/milk10k/MILK10k_Training_Input/IL_0525024/ISIC_1591432.jpg,/marimo/milk10k_train_masks/IL_0525024_dermoscopic_mask.png,0.01421851851851852,valid,600x450,600x450
IL_0528768,IL_0528768,/marimo/milk10k/MILK10k_Training_Input/IL_0528768/ISIC_0507021.jpg,/marimo/milk10k_train_masks/IL_0528768_dermoscopic_mask.png,0.38115925925925925,valid,600x450,600x450
IL_0532409,IL_0532409,/marimo/milk10k/MILK10k_Training_Input/IL_0532409/ISIC_5893482.jpg,/marimo/milk10k_train_masks/IL_0532409_dermoscopic_mask.png,0.5566666666666666,valid,600x450,600x450
IL_0533923,IL_0533923,/marimo/milk10k/MILK10k_Training_Input/IL_0533923/ISIC_1761597.jpg,/marimo/milk10k_train_masks/IL_0533923_dermoscopic_mask.png,0.3493148148148148,valid,600x450,600x450
IL_0534902,IL_0534902,/marimo/milk10k/MILK10k_Training_Input/IL_0534902/ISIC_6177577.jpg,/marimo/milk10k_train_masks/IL_0534902_dermoscopic_mask.png,0.4891962962962963,valid,600x450,600x450
IL_0538845,IL_0538845,/marimo/milk10k/MILK10k_Training_Input/IL_0538845/ISIC_0195795.jpg,/marimo/milk10k_train_masks/IL_0538845_dermoscopic_mask.png,0.8125148148148148,valid,600x450,600x450
IL_0540027,IL_0540027,/marimo/milk10k/MILK10k_Training_Input/IL_0540027/ISIC_5032675.jpg,/marimo/milk10k_train_masks/IL_0540027_dermoscopic_mask.png,0.07218888888888889,valid,600x450,600x450
IL_0541036,IL_0541036,/marimo/milk10k/MILK10k_Training_Input/IL_0541036/ISIC_8274863.jpg,/marimo/milk10k_train_masks/IL_0541036_dermoscopic_mask.png,0.24253703703703702,valid,600x450,600x450
IL_0541600,IL_0541600,/marimo/milk10k/MILK10k_Training_Input/IL_0541600/ISIC_1749481.jpg,/marimo/milk10k_train_masks/IL_0541600_dermoscopic_mask.png,0.23245925925925925,valid,600x450,600x450
IL_0541987,IL_0541987,/marimo/milk10k/MILK10k_Training_Input/IL_0541987/ISIC_4169509.jpg,/marimo/milk10k_train_masks/IL_0541987_dermoscopic_mask.png,0.08248888888888889,valid,600x450,600x450
IL_0542551,IL_0542551,/marimo/milk10k/MILK10k_Training_Input/IL_0542551/ISIC_5933489.jpg,/marimo/milk10k_train_masks/IL_0542551_dermoscopic_mask.png,0.9799333333333333,valid,600x450,600x450
IL_0548137,IL_0548137,/marimo/milk10k/MILK10k_Training_Input/IL_0548137/ISIC_2501939.jpg,/marimo/milk10k_train_masks/IL_0548137_dermoscopic_mask.png,0.4900703703703704,valid,600x450,600x450
IL_0549669,IL_0549669,/marimo/milk10k/MILK10k_Training_Input/IL_0549669/ISIC_0958977.jpg,/marimo/milk10k_train_masks/IL_0549669_dermoscopic_mask.png,0.37470740740740743,valid,600x450,600x450
IL_0549977,IL_0549977,/marimo/milk10k/MILK10k_Training_Input/IL_0549977/ISIC_4506914.jpg,/marimo/milk10k_train_masks/IL_0549977_dermoscopic_mask.png,0.6581925925925926,valid,600x450,600x450
IL_0550268,IL_0550268,/marimo/milk10k/MILK10k_Training_Input/IL_0550268/ISIC_8815245.jpg,/marimo/milk10k_train_masks/IL_0550268_dermoscopic_mask.png,0.34984444444444446,valid,600x450,600x450
IL_0550618,IL_0550618,/marimo/milk10k/MILK10k_Training_Input/IL_0550618/ISIC_2118620.jpg,/marimo/milk10k_train_masks/IL_0550618_dermoscopic_mask.png,0.22255185185185186,valid,600x450,600x450
IL_0552883,IL_0552883,/marimo/milk10k/MILK10k_Training_Input/IL_0552883/ISIC_1421371.jpg,/marimo/milk10k_train_masks/IL_0552883_dermoscopic_mask.png,0.1487111111111111,valid,600x450,600x450
IL_0559300,IL_0559300,/marimo/milk10k/MILK10k_Training_Input/IL_0559300/ISIC_5534471.jpg,/marimo/milk10k_train_masks/IL_0559300_dermoscopic_mask.png,0.5301518518518519,valid,600x450,600x450
IL_0564162,IL_0564162,/marimo/milk10k/MILK10k_Training_Input/IL_0564162/ISIC_5492973.jpg,/marimo/milk10k_train_masks/IL_0564162_dermoscopic_mask.png,0.3298740740740741,valid,600x450,600x450
IL_0572339,IL_0572339,/marimo/milk10k/MILK10k_Training_Input/IL_0572339/ISIC_8180766.jpg,/marimo/milk10k_train_masks/IL_0572339_dermoscopic_mask.png,0.06677037037037037,valid,600x450,600x450
IL_0576358,IL_0576358,/marimo/milk10k/MILK10k_Training_Input/IL_0576358/ISIC_4842466.jpg,/marimo/milk10k_train_masks/IL_0576358_dermoscopic_mask.png,0.23393333333333333,valid,600x450,600x450
IL_0583192,IL_0583192,/marimo/milk10k/MILK10k_Training_Input/IL_0583192/ISIC_1472142.jpg,/marimo/milk10k_train_masks/IL_0583192_dermoscopic_mask.png,0.27344814814814816,valid,600x450,600x450
IL_0583979,IL_0583979,/marimo/milk10k/MILK10k_Training_Input/IL_0583979/ISIC_6420151.jpg,/marimo/milk10k_train_masks/IL_0583979_dermoscopic_mask.png,0.37357407407407406,valid,600x450,600x450
IL_0584464,IL_0584464,/marimo/milk10k/MILK10k_Training_Input/IL_0584464/ISIC_4380028.jpg,/marimo/milk10k_train_masks/IL_0584464_dermoscopic_mask.png,0.18406666666666666,valid,600x450,600x450
IL_0586975,IL_0586975,/marimo/milk10k/MILK10k_Training_Input/IL_0586975/ISIC_3004699.jpg,/marimo/milk10k_train_masks/IL_0586975_dermoscopic_mask.png,0.3602851851851852,valid,600x450,600x450
IL_0588181,IL_0588181,/marimo/milk10k/MILK10k_Training_Input/IL_0588181/ISIC_0598387.jpg,/marimo/milk10k_train_masks/IL_0588181_dermoscopic_mask.png,0.5980037037037037,valid,600x450,600x450
IL_0588245,IL_0588245,/marimo/milk10k/MILK10k_Training_Input/IL_0588245/ISIC_2485182.jpg,/marimo/milk10k_train_masks/IL_0588245_dermoscopic_mask.png,0.32044074074074075,valid,600x450,600x450
IL_0588456,IL_0588456,/marimo/milk10k/MILK10k_Training_Input/IL_0588456/ISIC_3957660.jpg,/marimo/milk10k_train_masks/IL_0588456_dermoscopic_mask.png,0.4290037037037037,valid,600x450,600x450
IL_0588498,IL_0588498,/marimo/milk10k/MILK10k_Training_Input/IL_0588498/ISIC_5766997.jpg,/marimo/milk10k_train_masks/IL_0588498_dermoscopic_mask.png,0.2908296296296296,valid,600x450,600x450
IL_0592358,IL_0592358,/marimo/milk10k/MILK10k_Training_Input/IL_0592358/ISIC_5352383.jpg,/marimo/milk10k_train_masks/IL_0592358_dermoscopic_mask.png,0.2748925925925926,valid,600x450,600x450
IL_0592984,IL_0592984,/marimo/milk10k/MILK10k_Training_Input/IL_0592984/ISIC_5711226.jpg,/marimo/milk10k_train_masks/IL_0592984_dermoscopic_mask.png,0.2326851851851852,valid,600x450,600x450
IL_0596418,IL_0596418,/marimo/milk10k/MILK10k_Training_Input/IL_0596418/ISIC_9712861.jpg,/marimo/milk10k_train_masks/IL_0596418_dermoscopic_mask.png,0.36144444444444446,valid,600x450,600x450
IL_0596741,IL_0596741,/marimo/milk10k/MILK10k_Training_Input/IL_0596741/ISIC_2895427.jpg,/marimo/milk10k_train_masks/IL_0596741_dermoscopic_mask.png,0.06422222222222222,valid,600x450,600x450
IL_0604713,IL_0604713,/marimo/milk10k/MILK10k_Training_Input/IL_0604713/ISIC_0305865.jpg,/marimo/milk10k_train_masks/IL_0604713_dermoscopic_mask.png,0.3944925925925926,valid,600x450,600x450
IL_0605964,IL_0605964,/marimo/milk10k/MILK10k_Training_Input/IL_0605964/ISIC_8294897.jpg,/marimo/milk10k_train_masks/IL_0605964_dermoscopic_mask.png,0.19076666666666667,valid,600x450,600x450
IL_0607268,IL_0607268,/marimo/milk10k/MILK10k_Training_Input/IL_0607268/ISIC_1080345.jpg,/marimo/milk10k_train_masks/IL_0607268_dermoscopic_mask.png,0.32458888888888887,valid,600x450,600x450
IL_0607398,IL_0607398,/marimo/milk10k/MILK10k_Training_Input/IL_0607398/ISIC_8717771.jpg,/marimo/milk10k_train_masks/IL_0607398_dermoscopic_mask.png,0.740037037037037,valid,600x450,600x450
IL_0607639,IL_0607639,/marimo/milk10k/MILK10k_Training_Input/IL_0607639/ISIC_5425962.jpg,/marimo/milk10k_train_masks/IL_0607639_dermoscopic_mask.png,0.0976925925925926,valid,600x450,600x450
IL_0609142,IL_0609142,/marimo/milk10k/MILK10k_Training_Input/IL_0609142/ISIC_9896977.jpg,/marimo/milk10k_train_masks/IL_0609142_dermoscopic_mask.png,0.25726666666666664,valid,600x450,600x450
IL_0610224,IL_0610224,/marimo/milk10k/MILK10k_Training_Input/IL_0610224/ISIC_2204119.jpg,/marimo/milk10k_train_masks/IL_0610224_dermoscopic_mask.png,0.4918111111111111,valid,600x450,600x450
IL_0610322,IL_0610322,/marimo/milk10k/MILK10k_Training_Input/IL_0610322/ISIC_7200132.jpg,/marimo/milk10k_train_masks/IL_0610322_dermoscopic_mask.png,0.33381481481481484,valid,600x450,600x450
IL_0610557,IL_0610557,/marimo/milk10k/MILK10k_Training_Input/IL_0610557/ISIC_9011764.jpg,/marimo/milk10k_train_masks/IL_0610557_dermoscopic_mask.png,0.3554962962962963,valid,600x450,600x450
IL_0614048,IL_0614048,/marimo/milk10k/MILK10k_Training_Input/IL_0614048/ISIC_4083158.jpg,/marimo/milk10k_train_masks/IL_0614048_dermoscopic_mask.png,0.10659259259259259,valid,600x450,600x450
IL_0617635,IL_0617635,/marimo/milk10k/MILK10k_Training_Input/IL_0617635/ISIC_2471655.jpg,/marimo/milk10k_train_masks/IL_0617635_dermoscopic_mask.png,0.5367296296296297,valid,600x450,600x450
IL_0618534,IL_0618534,/marimo/milk10k/MILK10k_Training_Input/IL_0618534/ISIC_5017355.jpg,/marimo/milk10k_train_masks/IL_0618534_dermoscopic_mask.png,0.33542962962962963,valid,600x450,600x450
IL_0620338,IL_0620338,/marimo/milk10k/MILK10k_Training_Input/IL_0620338/ISIC_4898917.jpg,/marimo/milk10k_train_masks/IL_0620338_dermoscopic_mask.png,0.1934,valid,600x450,600x450
IL_0621333,IL_0621333,/marimo/milk10k/MILK10k_Training_Input/IL_0621333/ISIC_3558339.jpg,/marimo/milk10k_train_masks/IL_0621333_dermoscopic_mask.png,0.5477222222222222,valid,600x450,600x450
IL_0624945,IL_0624945,/marimo/milk10k/MILK10k_Training_Input/IL_0624945/ISIC_5937588.jpg,/marimo/milk10k_train_masks/IL_0624945_dermoscopic_mask.png,0.23577407407407408,valid,600x450,600x450
IL_0625469,IL_0625469,/marimo/milk10k/MILK10k_Training_Input/IL_0625469/ISIC_1970988.jpg,/marimo/milk10k_train_masks/IL_0625469_dermoscopic_mask.png,0.6631111111111111,valid,600x450,600x450
IL_0627610,IL_0627610,/marimo/milk10k/MILK10k_Training_Input/IL_0627610/ISIC_2972596.jpg,/marimo/milk10k_train_masks/IL_0627610_dermoscopic_mask.png,0.5365888888888889,valid,600x450,600x450
IL_0628495,IL_0628495,/marimo/milk10k/MILK10k_Training_Input/IL_0628495/ISIC_3374597.jpg,/marimo/milk10k_train_masks/IL_0628495_dermoscopic_mask.png,0.2452148148148148,valid,600x450,600x450
IL_0630515,IL_0630515,/marimo/milk10k/MILK10k_Training_Input/IL_0630515/ISIC_6972742.jpg,/marimo/milk10k_train_masks/IL_0630515_dermoscopic_mask.png,0.27348518518518516,valid,600x450,600x450
IL_0630567,IL_0630567,/marimo/milk10k/MILK10k_Training_Input/IL_0630567/ISIC_2391545.jpg,/marimo/milk10k_train_masks/IL_0630567_dermoscopic_mask.png,0.3281074074074074,valid,600x450,600x450
IL_0632998,IL_0632998,/marimo/milk10k/MILK10k_Training_Input/IL_0632998/ISIC_0210672.jpg,/marimo/milk10k_train_masks/IL_0632998_dermoscopic_mask.png,0.38901851851851854,valid,600x450,600x450
IL_0633979,IL_0633979,/marimo/milk10k/MILK10k_Training_Input/IL_0633979/ISIC_6915298.jpg,/marimo/milk10k_train_masks/IL_0633979_dermoscopic_mask.png,0.2095037037037037,valid,600x450,600x450
IL_0636154,IL_0636154,/marimo/milk10k/MILK10k_Training_Input/IL_0636154/ISIC_7910863.jpg,/marimo/milk10k_train_masks/IL_0636154_dermoscopic_mask.png,0.2901740740740741,valid,600x450,600x450
IL_0636666,IL_0636666,/marimo/milk10k/MILK10k_Training_Input/IL_0636666/ISIC_8564627.jpg,/marimo/milk10k_train_masks/IL_0636666_dermoscopic_mask.png,0.4164814814814815,valid,600x450,600x450
IL_0640013,IL_0640013,/marimo/milk10k/MILK10k_Training_Input/IL_0640013/ISIC_2168892.jpg,/marimo/milk10k_train_masks/IL_0640013_dermoscopic_mask.png,0.11582962962962963,valid,600x450,600x450
IL_0643729,IL_0643729,/marimo/milk10k/MILK10k_Training_Input/IL_0643729/ISIC_3328177.jpg,/marimo/milk10k_train_masks/IL_0643729_dermoscopic_mask.png,0.3235,valid,600x450,600x450
IL_0651741,IL_0651741,/marimo/milk10k/MILK10k_Training_Input/IL_0651741/ISIC_3050487.jpg,/marimo/milk10k_train_masks/IL_0651741_dermoscopic_mask.png,0.1399037037037037,valid,600x450,600x450
IL_0653434,IL_0653434,/marimo/milk10k/MILK10k_Training_Input/IL_0653434/ISIC_3073821.jpg,/marimo/milk10k_train_masks/IL_0653434_dermoscopic_mask.png,0.3572814814814815,valid,600x450,600x450
IL_0662515,IL_0662515,/marimo/milk10k/MILK10k_Training_Input/IL_0662515/ISIC_7278376.jpg,/marimo/milk10k_train_masks/IL_0662515_dermoscopic_mask.png,0.16069259259259258,valid,600x450,600x450
IL_0663202,IL_0663202,/marimo/milk10k/MILK10k_Training_Input/IL_0663202/ISIC_9521441.jpg,/marimo/milk10k_train_masks/IL_0663202_dermoscopic_mask.png,0.2593925925925926,valid,600x450,600x450
IL_0664842,IL_0664842,/marimo/milk10k/MILK10k_Training_Input/IL_0664842/ISIC_8943527.jpg,/marimo/milk10k_train_masks/IL_0664842_dermoscopic_mask.png,0.2111925925925926,valid,600x450,600x450
IL_0665267,IL_0665267,/marimo/milk10k/MILK10k_Training_Input/IL_0665267/ISIC_5744902.jpg,/marimo/milk10k_train_masks/IL_0665267_dermoscopic_mask.png,0.21832222222222222,valid,600x450,600x450
IL_0668310,IL_0668310,/marimo/milk10k/MILK10k_Training_Input/IL_0668310/ISIC_8699233.jpg,/marimo/milk10k_train_masks/IL_0668310_dermoscopic_mask.png,0.31084074074074075,valid,600x450,600x450
IL_0679783,IL_0679783,/marimo/milk10k/MILK10k_Training_Input/IL_0679783/ISIC_9561756.jpg,/marimo/milk10k_train_masks/IL_0679783_dermoscopic_mask.png,0.2710814814814815,valid,600x450,600x450
IL_0681349,IL_0681349,/marimo/milk10k/MILK10k_Training_Input/IL_0681349/ISIC_7647712.jpg,/marimo/milk10k_train_masks/IL_0681349_dermoscopic_mask.png,0.3876222222222222,valid,600x450,600x450
IL_0682550,IL_0682550,/marimo/milk10k/MILK10k_Training_Input/IL_0682550/ISIC_1532506.jpg,/marimo/milk10k_train_masks/IL_0682550_dermoscopic_mask.png,0.2849333333333333,valid,600x450,600x450
IL_0683634,IL_0683634,/marimo/milk10k/MILK10k_Training_Input/IL_0683634/ISIC_8642522.jpg,/marimo/milk10k_train_masks/IL_0683634_dermoscopic_mask.png,0.5111222222222223,valid,600x450,600x450
IL_0684409,IL_0684409,/marimo/milk10k/MILK10k_Training_Input/IL_0684409/ISIC_8650326.jpg,/marimo/milk10k_train_masks/IL_0684409_dermoscopic_mask.png,0.35014814814814815,valid,600x450,600x450
IL_0685418,IL_0685418,/marimo/milk10k/MILK10k_Training_Input/IL_0685418/ISIC_6614498.jpg,/marimo/milk10k_train_masks/IL_0685418_dermoscopic_mask.png,0.3001,valid,600x450,600x450
IL_0686767,IL_0686767,/marimo/milk10k/MILK10k_Training_Input/IL_0686767/ISIC_6170751.jpg,/marimo/milk10k_train_masks/IL_0686767_dermoscopic_mask.png,0.2663074074074074,valid,600x450,600x450
IL_0688391,IL_0688391,/marimo/milk10k/MILK10k_Training_Input/IL_0688391/ISIC_1969306.jpg,/marimo/milk10k_train_masks/IL_0688391_dermoscopic_mask.png,0.3559962962962963,valid,600x450,600x450
IL_0691529,IL_0691529,/marimo/milk10k/MILK10k_Training_Input/IL_0691529/ISIC_4348115.jpg,/marimo/milk10k_train_masks/IL_0691529_dermoscopic_mask.png,0.674737037037037,valid,600x450,600x450
IL_0692999,IL_0692999,/marimo/milk10k/MILK10k_Training_Input/IL_0692999/ISIC_7954970.jpg,/marimo/milk10k_train_masks/IL_0692999_dermoscopic_mask.png,0.6018148148148148,valid,600x450,600x450
IL_0693769,IL_0693769,/marimo/milk10k/MILK10k_Training_Input/IL_0693769/ISIC_0403826.jpg,/marimo/milk10k_train_masks/IL_0693769_dermoscopic_mask.png,0.3290296296296296,valid,600x450,600x450
IL_0694902,IL_0694902,/marimo/milk10k/MILK10k_Training_Input/IL_0694902/ISIC_8000982.jpg,/marimo/milk10k_train_masks/IL_0694902_dermoscopic_mask.png,0.12202962962962963,valid,600x450,600x450
IL_0697059,IL_0697059,/marimo/milk10k/MILK10k_Training_Input/IL_0697059/ISIC_0817051.jpg,/marimo/milk10k_train_masks/IL_0697059_dermoscopic_mask.png,0.12665555555555555,valid,600x450,600x450
IL_0697844,IL_0697844,/marimo/milk10k/MILK10k_Training_Input/IL_0697844/ISIC_1804844.jpg,/marimo/milk10k_train_masks/IL_0697844_dermoscopic_mask.png,0.23951481481481482,valid,600x450,600x450
IL_0699958,IL_0699958,/marimo/milk10k/MILK10k_Training_Input/IL_0699958/ISIC_0815023.jpg,/marimo/milk10k_train_masks/IL_0699958_dermoscopic_mask.png,0.24931481481481482,valid,600x450,600x450
IL_0700053,IL_0700053,/marimo/milk10k/MILK10k_Training_Input/IL_0700053/ISIC_2522593.jpg,/marimo/milk10k_train_masks/IL_0700053_dermoscopic_mask.png,0.48667777777777776,valid,600x450,600x450
IL_0700399,IL_0700399,/marimo/milk10k/MILK10k_Training_Input/IL_0700399/ISIC_2531111.jpg,/marimo/milk10k_train_masks/IL_0700399_dermoscopic_mask.png,0.5472074074074074,valid,600x450,600x450
IL_0701362,IL_0701362,/marimo/milk10k/MILK10k_Training_Input/IL_0701362/ISIC_3500691.jpg,/marimo/milk10k_train_masks/IL_0701362_dermoscopic_mask.png,0.720062962962963,valid,600x450,600x450
IL_0702204,IL_0702204,/marimo/milk10k/MILK10k_Training_Input/IL_0702204/ISIC_4310588.jpg,/marimo/milk10k_train_masks/IL_0702204_dermoscopic_mask.png,0.24146296296296296,valid,600x450,600x450
IL_0702834,IL_0702834,/marimo/milk10k/MILK10k_Training_Input/IL_0702834/ISIC_9987719.jpg,/marimo/milk10k_train_masks/IL_0702834_dermoscopic_mask.png,0.23274074074074075,valid,600x450,600x450
IL_0705528,IL_0705528,/marimo/milk10k/MILK10k_Training_Input/IL_0705528/ISIC_4138489.jpg,/marimo/milk10k_train_masks/IL_0705528_dermoscopic_mask.png,0.013551851851851851,valid,600x450,600x450
IL_0705529,IL_0705529,/marimo/milk10k/MILK10k_Training_Input/IL_0705529/ISIC_0598709.jpg,/marimo/milk10k_train_masks/IL_0705529_dermoscopic_mask.png,0.2379148148148148,valid,600x450,600x450
IL_0705548,IL_0705548,/marimo/milk10k/MILK10k_Training_Input/IL_0705548/ISIC_9663937.jpg,/marimo/milk10k_train_masks/IL_0705548_dermoscopic_mask.png,0.4670222222222222,valid,600x450,600x450
IL_0706157,IL_0706157,/marimo/milk10k/MILK10k_Training_Input/IL_0706157/ISIC_6679588.jpg,/marimo/milk10k_train_masks/IL_0706157_dermoscopic_mask.png,0.38914814814814813,valid,600x450,600x450
IL_0710738,IL_0710738,/marimo/milk10k/MILK10k_Training_Input/IL_0710738/ISIC_1890330.jpg,/marimo/milk10k_train_masks/IL_0710738_dermoscopic_mask.png,0.32154814814814814,valid,600x450,600x450
IL_0710877,IL_0710877,/marimo/milk10k/MILK10k_Training_Input/IL_0710877/ISIC_2553729.jpg,/marimo/milk10k_train_masks/IL_0710877_dermoscopic_mask.png,0.39032222222222224,valid,600x450,600x450
IL_0712386,IL_0712386,/marimo/milk10k/MILK10k_Training_Input/IL_0712386/ISIC_9390963.jpg,/marimo/milk10k_train_masks/IL_0712386_dermoscopic_mask.png,0.06311851851851852,valid,600x450,600x450
IL_0713847,IL_0713847,/marimo/milk10k/MILK10k_Training_Input/IL_0713847/ISIC_6347753.jpg,/marimo/milk10k_train_masks/IL_0713847_dermoscopic_mask.png,0.07192222222222222,valid,600x450,600x450
IL_0717553,IL_0717553,/marimo/milk10k/MILK10k_Training_Input/IL_0717553/ISIC_1536397.jpg,/marimo/milk10k_train_masks/IL_0717553_dermoscopic_mask.png,0.3953074074074074,valid,600x450,600x450
IL_0718275,IL_0718275,/marimo/milk10k/MILK10k_Training_Input/IL_0718275/ISIC_5892763.jpg,/marimo/milk10k_train_masks/IL_0718275_dermoscopic_mask.png,0.626874074074074,valid,600x450,600x450
IL_0719888,IL_0719888,/marimo/milk10k/MILK10k_Training_Input/IL_0719888/ISIC_2975261.jpg,/marimo/milk10k_train_masks/IL_0719888_dermoscopic_mask.png,0.2588111111111111,valid,600x450,600x450
IL_0720160,IL_0720160,/marimo/milk10k/MILK10k_Training_Input/IL_0720160/ISIC_9521675.jpg,/marimo/milk10k_train_masks/IL_0720160_dermoscopic_mask.png,0.1936,valid,600x450,600x450
IL_0720862,IL_0720862,/marimo/milk10k/MILK10k_Training_Input/IL_0720862/ISIC_4576379.jpg,/marimo/milk10k_train_masks/IL_0720862_dermoscopic_mask.png,0.5471222222222222,valid,600x450,600x450
IL_0721541,IL_0721541,/marimo/milk10k/MILK10k_Training_Input/IL_0721541/ISIC_2472012.jpg,/marimo/milk10k_train_masks/IL_0721541_dermoscopic_mask.png,0.19248518518518518,valid,600x450,600x450
IL_0721578,IL_0721578,/marimo/milk10k/MILK10k_Training_Input/IL_0721578/ISIC_5830124.jpg,/marimo/milk10k_train_masks/IL_0721578_dermoscopic_mask.png,0.3155222222222222,valid,600x450,600x450
IL_0727699,IL_0727699,/marimo/milk10k/MILK10k_Training_Input/IL_0727699/ISIC_6890536.jpg,/marimo/milk10k_train_masks/IL_0727699_dermoscopic_mask.png,0.5700555555555555,valid,600x450,600x450
IL_0732764,IL_0732764,/marimo/milk10k/MILK10k_Training_Input/IL_0732764/ISIC_2777762.jpg,/marimo/milk10k_train_masks/IL_0732764_dermoscopic_mask.png,0.49762962962962964,valid,600x450,600x450
IL_0736879,IL_0736879,/marimo/milk10k/MILK10k_Training_Input/IL_0736879/ISIC_5441520.jpg,/marimo/milk10k_train_masks/IL_0736879_dermoscopic_mask.png,0.027766666666666665,valid,600x450,600x450
IL_0739664,IL_0739664,/marimo/milk10k/MILK10k_Training_Input/IL_0739664/ISIC_5714368.jpg,/marimo/milk10k_train_masks/IL_0739664_dermoscopic_mask.png,0.17917037037037037,valid,600x450,600x450
IL_0739777,IL_0739777,/marimo/milk10k/MILK10k_Training_Input/IL_0739777/ISIC_1756915.jpg,/marimo/milk10k_train_masks/IL_0739777_dermoscopic_mask.png,0.6260259259259259,valid,600x450,600x450
IL_0740796,IL_0740796,/marimo/milk10k/MILK10k_Training_Input/IL_0740796/ISIC_0497911.jpg,/marimo/milk10k_train_masks/IL_0740796_dermoscopic_mask.png,0.07244444444444445,valid,600x450,600x450
IL_0741650,IL_0741650,/marimo/milk10k/MILK10k_Training_Input/IL_0741650/ISIC_5925251.jpg,/marimo/milk10k_train_masks/IL_0741650_dermoscopic_mask.png,0.22785185185185186,valid,600x450,600x450
IL_0743381,IL_0743381,/marimo/milk10k/MILK10k_Training_Input/IL_0743381/ISIC_6989617.jpg,/marimo/milk10k_train_masks/IL_0743381_dermoscopic_mask.png,0.23895185185185186,valid,600x450,600x450
IL_0744189,IL_0744189,/marimo/milk10k/MILK10k_Training_Input/IL_0744189/ISIC_9973379.jpg,/marimo/milk10k_train_masks/IL_0744189_dermoscopic_mask.png,0.2593740740740741,valid,600x450,600x450
IL_0751731,IL_0751731,/marimo/milk10k/MILK10k_Training_Input/IL_0751731/ISIC_1859150.jpg,/marimo/milk10k_train_masks/IL_0751731_dermoscopic_mask.png,0.22795185185185185,valid,600x450,600x450
IL_0751879,IL_0751879,/marimo/milk10k/MILK10k_Training_Input/IL_0751879/ISIC_9152345.jpg,/marimo/milk10k_train_masks/IL_0751879_dermoscopic_mask.png,0.21624444444444443,valid,600x450,600x450
IL_0752294,IL_0752294,/marimo/milk10k/MILK10k_Training_Input/IL_0752294/ISIC_2565230.jpg,/marimo/milk10k_train_masks/IL_0752294_dermoscopic_mask.png,0.31153333333333333,valid,600x450,600x450
IL_0752303,IL_0752303,/marimo/milk10k/MILK10k_Training_Input/IL_0752303/ISIC_1729396.jpg,/marimo/milk10k_train_masks/IL_0752303_dermoscopic_mask.png,0.12256666666666667,valid,600x450,600x450
IL_0753013,IL_0753013,/marimo/milk10k/MILK10k_Training_Input/IL_0753013/ISIC_7563649.jpg,/marimo/milk10k_train_masks/IL_0753013_dermoscopic_mask.png,0.40444074074074077,valid,600x450,600x450
IL_0753658,IL_0753658,/marimo/milk10k/MILK10k_Training_Input/IL_0753658/ISIC_8356711.jpg,/marimo/milk10k_train_masks/IL_0753658_dermoscopic_mask.png,0.33265185185185187,valid,600x450,600x450
IL_0758142,IL_0758142,/marimo/milk10k/MILK10k_Training_Input/IL_0758142/ISIC_9896561.jpg,/marimo/milk10k_train_masks/IL_0758142_dermoscopic_mask.png,0.25956666666666667,valid,600x450,600x450
IL_0758206,IL_0758206,/marimo/milk10k/MILK10k_Training_Input/IL_0758206/ISIC_4601154.jpg,/marimo/milk10k_train_masks/IL_0758206_dermoscopic_mask.png,0.36791851851851853,valid,600x450,600x450
IL_0758314,IL_0758314,/marimo/milk10k/MILK10k_Training_Input/IL_0758314/ISIC_7235047.jpg,/marimo/milk10k_train_masks/IL_0758314_dermoscopic_mask.png,0.5216814814814815,valid,600x450,600x450
IL_0758607,IL_0758607,/marimo/milk10k/MILK10k_Training_Input/IL_0758607/ISIC_7645103.jpg,/marimo/milk10k_train_masks/IL_0758607_dermoscopic_mask.png,0.28953703703703704,valid,600x450,600x450
IL_0761074,IL_0761074,/marimo/milk10k/MILK10k_Training_Input/IL_0761074/ISIC_2905836.jpg,/marimo/milk10k_train_masks/IL_0761074_dermoscopic_mask.png,0.39911851851851854,valid,600x450,600x450
IL_0761140,IL_0761140,/marimo/milk10k/MILK10k_Training_Input/IL_0761140/ISIC_4186883.jpg,/marimo/milk10k_train_masks/IL_0761140_dermoscopic_mask.png,0.20412962962962963,valid,600x450,600x450
IL_0762658,IL_0762658,/marimo/milk10k/MILK10k_Training_Input/IL_0762658/ISIC_3859478.jpg,/marimo/milk10k_train_masks/IL_0762658_dermoscopic_mask.png,0.6394407407407408,valid,600x450,600x450
IL_0765772,IL_0765772,/marimo/milk10k/MILK10k_Training_Input/IL_0765772/ISIC_3942613.jpg,/marimo/milk10k_train_masks/IL_0765772_dermoscopic_mask.png,0.054762962962962965,valid,600x450,600x450
IL_0768157,IL_0768157,/marimo/milk10k/MILK10k_Training_Input/IL_0768157/ISIC_0758242.jpg,/marimo/milk10k_train_masks/IL_0768157_dermoscopic_mask.png,0.1862148148148148,valid,600x450,600x450
IL_0768577,IL_0768577,/marimo/milk10k/MILK10k_Training_Input/IL_0768577/ISIC_7065051.jpg,/marimo/milk10k_train_masks/IL_0768577_dermoscopic_mask.png,0.4278296296296296,valid,600x450,600x450
IL_0769866,IL_0769866,/marimo/milk10k/MILK10k_Training_Input/IL_0769866/ISIC_4386519.jpg,/marimo/milk10k_train_masks/IL_0769866_dermoscopic_mask.png,0.41495185185185185,valid,600x450,600x450
IL_0770460,IL_0770460,/marimo/milk10k/MILK10k_Training_Input/IL_0770460/ISIC_6173661.jpg,/marimo/milk10k_train_masks/IL_0770460_dermoscopic_mask.png,0.5629925925925926,valid,600x450,600x450
IL_0770948,IL_0770948,/marimo/milk10k/MILK10k_Training_Input/IL_0770948/ISIC_5225765.jpg,/marimo/milk10k_train_masks/IL_0770948_dermoscopic_mask.png,0.5072148148148148,valid,600x450,600x450
IL_0772122,IL_0772122,/marimo/milk10k/MILK10k_Training_Input/IL_0772122/ISIC_9887877.jpg,/marimo/milk10k_train_masks/IL_0772122_dermoscopic_mask.png,0.30496666666666666,valid,600x450,600x450
IL_0772514,IL_0772514,/marimo/milk10k/MILK10k_Training_Input/IL_0772514/ISIC_0510537.jpg,/marimo/milk10k_train_masks/IL_0772514_dermoscopic_mask.png,0.35813703703703703,valid,600x450,600x450
IL_0772858,IL_0772858,/marimo/milk10k/MILK10k_Training_Input/IL_0772858/ISIC_3288032.jpg,/marimo/milk10k_train_masks/IL_0772858_dermoscopic_mask.png,0.08713703703703704,valid,600x450,600x450
IL_0773095,IL_0773095,/marimo/milk10k/MILK10k_Training_Input/IL_0773095/ISIC_0835682.jpg,/marimo/milk10k_train_masks/IL_0773095_dermoscopic_mask.png,0.4197444444444444,valid,600x450,600x450
IL_0773379,IL_0773379,/marimo/milk10k/MILK10k_Training_Input/IL_0773379/ISIC_7510898.jpg,/marimo/milk10k_train_masks/IL_0773379_dermoscopic_mask.png,0.23373703703703705,valid,600x450,600x450
IL_0773953,IL_0773953,/marimo/milk10k/MILK10k_Training_Input/IL_0773953/ISIC_0811123.jpg,/marimo/milk10k_train_masks/IL_0773953_dermoscopic_mask.png,0.06927407407407407,valid,600x450,600x450
IL_0778720,IL_0778720,/marimo/milk10k/MILK10k_Training_Input/IL_0778720/ISIC_3807348.jpg,/marimo/milk10k_train_masks/IL_0778720_dermoscopic_mask.png,0.5796777777777777,valid,600x450,600x450
IL_0780596,IL_0780596,/marimo/milk10k/MILK10k_Training_Input/IL_0780596/ISIC_1430231.jpg,/marimo/milk10k_train_masks/IL_0780596_dermoscopic_mask.png,0.37148888888888887,valid,600x450,600x450
IL_0783886,IL_0783886,/marimo/milk10k/MILK10k_Training_Input/IL_0783886/ISIC_8379235.jpg,/marimo/milk10k_train_masks/IL_0783886_dermoscopic_mask.png,0.47705185185185184,valid,600x450,600x450
IL_0784156,IL_0784156,/marimo/milk10k/MILK10k_Training_Input/IL_0784156/ISIC_3457455.jpg,/marimo/milk10k_train_masks/IL_0784156_dermoscopic_mask.png,0.26637037037037037,valid,600x450,600x450
IL_0784446,IL_0784446,/marimo/milk10k/MILK10k_Training_Input/IL_0784446/ISIC_2769033.jpg,/marimo/milk10k_train_masks/IL_0784446_dermoscopic_mask.png,0.12125555555555556,valid,600x450,600x450
IL_0784671,IL_0784671,/marimo/milk10k/MILK10k_Training_Input/IL_0784671/ISIC_8234371.jpg,/marimo/milk10k_train_masks/IL_0784671_dermoscopic_mask.png,0.7553666666666666,valid,600x450,600x450
IL_0786469,IL_0786469,/marimo/milk10k/MILK10k_Training_Input/IL_0786469/ISIC_5052804.jpg,/marimo/milk10k_train_masks/IL_0786469_dermoscopic_mask.png,0.5140629629629629,valid,600x450,600x450
IL_0787420,IL_0787420,/marimo/milk10k/MILK10k_Training_Input/IL_0787420/ISIC_4311112.jpg,/marimo/milk10k_train_masks/IL_0787420_dermoscopic_mask.png,0.41556666666666664,valid,600x450,600x450
IL_0788438,IL_0788438,/marimo/milk10k/MILK10k_Training_Input/IL_0788438/ISIC_6987320.jpg,/marimo/milk10k_train_masks/IL_0788438_dermoscopic_mask.png,0.3310814814814815,valid,600x450,600x450
IL_0788459,IL_0788459,/marimo/milk10k/MILK10k_Training_Input/IL_0788459/ISIC_6428254.jpg,/marimo/milk10k_train_masks/IL_0788459_dermoscopic_mask.png,0.11095185185185186,valid,600x450,600x450
IL_0792033,IL_0792033,/marimo/milk10k/MILK10k_Training_Input/IL_0792033/ISIC_0440550.jpg,/marimo/milk10k_train_masks/IL_0792033_dermoscopic_mask.png,0.3214148148148148,valid,600x450,600x450
IL_0793440,IL_0793440,/marimo/milk10k/MILK10k_Training_Input/IL_0793440/ISIC_1815891.jpg,/marimo/milk10k_train_masks/IL_0793440_dermoscopic_mask.png,0.29513703703703703,valid,600x450,600x450
IL_0793725,IL_0793725,/marimo/milk10k/MILK10k_Training_Input/IL_0793725/ISIC_3538568.jpg,/marimo/milk10k_train_masks/IL_0793725_dermoscopic_mask.png,0.49903703703703706,valid,600x450,600x450
IL_0797165,IL_0797165,/marimo/milk10k/MILK10k_Training_Input/IL_0797165/ISIC_0597607.jpg,/marimo/milk10k_train_masks/IL_0797165_dermoscopic_mask.png,0.5770037037037037,valid,600x450,600x450
IL_0807184,IL_0807184,/marimo/milk10k/MILK10k_Training_Input/IL_0807184/ISIC_7509328.jpg,/marimo/milk10k_train_masks/IL_0807184_dermoscopic_mask.png,0.41304074074074076,valid,600x450,600x450
IL_0807223,IL_0807223,/marimo/milk10k/MILK10k_Training_Input/IL_0807223/ISIC_1126401.jpg,/marimo/milk10k_train_masks/IL_0807223_dermoscopic_mask.png,0.1342925925925926,valid,600x450,600x450
IL_0807390,IL_0807390,/marimo/milk10k/MILK10k_Training_Input/IL_0807390/ISIC_4412646.jpg,/marimo/milk10k_train_masks/IL_0807390_dermoscopic_mask.png,0.5501185185185186,valid,600x450,600x450
IL_0808533,IL_0808533,/marimo/milk10k/MILK10k_Training_Input/IL_0808533/ISIC_3507614.jpg,/marimo/milk10k_train_masks/IL_0808533_dermoscopic_mask.png,0.22446666666666668,valid,600x450,600x450
IL_0808722,IL_0808722,/marimo/milk10k/MILK10k_Training_Input/IL_0808722/ISIC_3127974.jpg,/marimo/milk10k_train_masks/IL_0808722_dermoscopic_mask.png,0.09438518518518518,valid,600x450,600x450
IL_0809191,IL_0809191,/marimo/milk10k/MILK10k_Training_Input/IL_0809191/ISIC_8199024.jpg,/marimo/milk10k_train_masks/IL_0809191_dermoscopic_mask.png,0.4025222222222222,valid,600x450,600x450
IL_0809761,IL_0809761,/marimo/milk10k/MILK10k_Training_Input/IL_0809761/ISIC_4973062.jpg,/marimo/milk10k_train_masks/IL_0809761_dermoscopic_mask.png,0.30014814814814816,valid,600x450,600x450
IL_0810155,IL_0810155,/marimo/milk10k/MILK10k_Training_Input/IL_0810155/ISIC_5230761.jpg,/marimo/milk10k_train_masks/IL_0810155_dermoscopic_mask.png,0.725474074074074,valid,600x450,600x450
IL_0811004,IL_0811004,/marimo/milk10k/MILK10k_Training_Input/IL_0811004/ISIC_0828276.jpg,/marimo/milk10k_train_masks/IL_0811004_dermoscopic_mask.png,0.12932962962962963,valid,600x450,600x450
IL_0814216,IL_0814216,/marimo/milk10k/MILK10k_Training_Input/IL_0814216/ISIC_8344818.jpg,/marimo/milk10k_train_masks/IL_0814216_dermoscopic_mask.png,0.3921925925925926,valid,600x450,600x450
IL_0815342,IL_0815342,/marimo/milk10k/MILK10k_Training_Input/IL_0815342/ISIC_9821910.jpg,/marimo/milk10k_train_masks/IL_0815342_dermoscopic_mask.png,0.3513703703703704,valid,600x450,600x450
IL_0816967,IL_0816967,/marimo/milk10k/MILK10k_Training_Input/IL_0816967/ISIC_8079864.jpg,/marimo/milk10k_train_masks/IL_0816967_dermoscopic_mask.png,0.1360148148148148,valid,600x450,600x450
IL_0817869,IL_0817869,/marimo/milk10k/MILK10k_Training_Input/IL_0817869/ISIC_5587236.jpg,/marimo/milk10k_train_masks/IL_0817869_dermoscopic_mask.png,0.1182037037037037,valid,600x450,600x450
IL_0819034,IL_0819034,/marimo/milk10k/MILK10k_Training_Input/IL_0819034/ISIC_7851081.jpg,/marimo/milk10k_train_masks/IL_0819034_dermoscopic_mask.png,0.19433703703703703,valid,600x450,600x450
IL_0820798,IL_0820798,/marimo/milk10k/MILK10k_Training_Input/IL_0820798/ISIC_1982635.jpg,/marimo/milk10k_train_masks/IL_0820798_dermoscopic_mask.png,0.2834,valid,600x450,600x450
IL_0820879,IL_0820879,/marimo/milk10k/MILK10k_Training_Input/IL_0820879/ISIC_0680993.jpg,/marimo/milk10k_train_masks/IL_0820879_dermoscopic_mask.png,0.5756814814814815,valid,600x450,600x450
IL_0823685,IL_0823685,/marimo/milk10k/MILK10k_Training_Input/IL_0823685/ISIC_6562442.jpg,/marimo/milk10k_train_masks/IL_0823685_dermoscopic_mask.png,0.23786296296296297,valid,600x450,600x450
IL_0825949,IL_0825949,/marimo/milk10k/MILK10k_Training_Input/IL_0825949/ISIC_4092604.jpg,/marimo/milk10k_train_masks/IL_0825949_dermoscopic_mask.png,0.2565037037037037,valid,600x450,600x450
IL_0826473,IL_0826473,/marimo/milk10k/MILK10k_Training_Input/IL_0826473/ISIC_5194644.jpg,/marimo/milk10k_train_masks/IL_0826473_dermoscopic_mask.png,0.11966296296296296,valid,600x450,600x450
IL_0828910,IL_0828910,/marimo/milk10k/MILK10k_Training_Input/IL_0828910/ISIC_1350051.jpg,/marimo/milk10k_train_masks/IL_0828910_dermoscopic_mask.png,0.3998777777777778,valid,600x450,600x450
IL_0834716,IL_0834716,/marimo/milk10k/MILK10k_Training_Input/IL_0834716/ISIC_8810920.jpg,/marimo/milk10k_train_masks/IL_0834716_dermoscopic_mask.png,0.3125148148148148,valid,600x450,600x450
IL_0835315,IL_0835315,/marimo/milk10k/MILK10k_Training_Input/IL_0835315/ISIC_0802648.jpg,/marimo/milk10k_train_masks/IL_0835315_dermoscopic_mask.png,0.44562962962962965,valid,600x450,600x450
IL_0835355,IL_0835355,/marimo/milk10k/MILK10k_Training_Input/IL_0835355/ISIC_4192230.jpg,/marimo/milk10k_train_masks/IL_0835355_dermoscopic_mask.png,0.18426666666666666,valid,600x450,600x450
IL_0836583,IL_0836583,/marimo/milk10k/MILK10k_Training_Input/IL_0836583/ISIC_2088803.jpg,/marimo/milk10k_train_masks/IL_0836583_dermoscopic_mask.png,0.5774962962962963,valid,600x450,600x450
IL_0836761,IL_0836761,/marimo/milk10k/MILK10k_Training_Input/IL_0836761/ISIC_0763962.jpg,/marimo/milk10k_train_masks/IL_0836761_dermoscopic_mask.png,0.03655925925925926,valid,600x450,600x450
IL_0837149,IL_0837149,/marimo/milk10k/MILK10k_Training_Input/IL_0837149/ISIC_2564687.jpg,/marimo/milk10k_train_masks/IL_0837149_dermoscopic_mask.png,0.4115,valid,600x450,600x450
IL_0837507,IL_0837507,/marimo/milk10k/MILK10k_Training_Input/IL_0837507/ISIC_9749130.jpg,/marimo/milk10k_train_masks/IL_0837507_dermoscopic_mask.png,0.1129074074074074,valid,600x450,600x450
IL_0838598,IL_0838598,/marimo/milk10k/MILK10k_Training_Input/IL_0838598/ISIC_2352288.jpg,/marimo/milk10k_train_masks/IL_0838598_dermoscopic_mask.png,0.07977777777777778,valid,600x450,600x450
IL_0843327,IL_0843327,/marimo/milk10k/MILK10k_Training_Input/IL_0843327/ISIC_1457973.jpg,/marimo/milk10k_train_masks/IL_0843327_dermoscopic_mask.png,0.1835037037037037,valid,600x450,600x450
IL_0844801,IL_0844801,/marimo/milk10k/MILK10k_Training_Input/IL_0844801/ISIC_4112456.jpg,/marimo/milk10k_train_masks/IL_0844801_dermoscopic_mask.png,0.3705703703703704,valid,600x450,600x450
IL_0848676,IL_0848676,/marimo/milk10k/MILK10k_Training_Input/IL_0848676/ISIC_7695263.jpg,/marimo/milk10k_train_masks/IL_0848676_dermoscopic_mask.png,0.4722703703703704,valid,600x450,600x450
IL_0848948,IL_0848948,/marimo/milk10k/MILK10k_Training_Input/IL_0848948/ISIC_7876616.jpg,/marimo/milk10k_train_masks/IL_0848948_dermoscopic_mask.png,0.0915,valid,600x450,600x450
IL_0850065,IL_0850065,/marimo/milk10k/MILK10k_Training_Input/IL_0850065/ISIC_0467628.jpg,/marimo/milk10k_train_masks/IL_0850065_dermoscopic_mask.png,0.5984592592592592,valid,600x450,600x450
IL_0850769,IL_0850769,/marimo/milk10k/MILK10k_Training_Input/IL_0850769/ISIC_6782031.jpg,/marimo/milk10k_train_masks/IL_0850769_dermoscopic_mask.png,0.07942592592592593,valid,600x450,600x450
IL_0853673,IL_0853673,/marimo/milk10k/MILK10k_Training_Input/IL_0853673/ISIC_1033453.jpg,/marimo/milk10k_train_masks/IL_0853673_dermoscopic_mask.png,0.14201851851851852,valid,600x450,600x450
IL_0855898,IL_0855898,/marimo/milk10k/MILK10k_Training_Input/IL_0855898/ISIC_6596926.jpg,/marimo/milk10k_train_masks/IL_0855898_dermoscopic_mask.png,0.47025925925925927,valid,600x450,600x450
IL_0858380,IL_0858380,/marimo/milk10k/MILK10k_Training_Input/IL_0858380/ISIC_7303630.jpg,/marimo/milk10k_train_masks/IL_0858380_dermoscopic_mask.png,0.5297481481481482,valid,600x450,600x450
IL_0860042,IL_0860042,/marimo/milk10k/MILK10k_Training_Input/IL_0860042/ISIC_8660210.jpg,/marimo/milk10k_train_masks/IL_0860042_dermoscopic_mask.png,0.4050925925925926,valid,600x450,600x450
IL_0861940,IL_0861940,/marimo/milk10k/MILK10k_Training_Input/IL_0861940/ISIC_9336765.jpg,/marimo/milk10k_train_masks/IL_0861940_dermoscopic_mask.png,0.0814962962962963,valid,600x450,600x450
IL_0864051,IL_0864051,/marimo/milk10k/MILK10k_Training_Input/IL_0864051/ISIC_3820500.jpg,/marimo/milk10k_train_masks/IL_0864051_dermoscopic_mask.png,0.1294962962962963,valid,600x450,600x450
IL_0867132,IL_0867132,/marimo/milk10k/MILK10k_Training_Input/IL_0867132/ISIC_8829523.jpg,/marimo/milk10k_train_masks/IL_0867132_dermoscopic_mask.png,0.45395185185185183,valid,600x450,600x450
IL_0867895,IL_0867895,/marimo/milk10k/MILK10k_Training_Input/IL_0867895/ISIC_4176108.jpg,/marimo/milk10k_train_masks/IL_0867895_dermoscopic_mask.png,0.39892222222222223,valid,600x450,600x450
IL_0868364,IL_0868364,/marimo/milk10k/MILK10k_Training_Input/IL_0868364/ISIC_0811703.jpg,/marimo/milk10k_train_masks/IL_0868364_dermoscopic_mask.png,0.45004074074074074,valid,600x450,600x450
IL_0869160,IL_0869160,/marimo/milk10k/MILK10k_Training_Input/IL_0869160/ISIC_5266605.jpg,/marimo/milk10k_train_masks/IL_0869160_dermoscopic_mask.png,0.1748185185185185,valid,600x450,600x450
IL_0872477,IL_0872477,/marimo/milk10k/MILK10k_Training_Input/IL_0872477/ISIC_8771453.jpg,/marimo/milk10k_train_masks/IL_0872477_dermoscopic_mask.png,0.4340333333333333,valid,600x450,600x450
IL_0872966,IL_0872966,/marimo/milk10k/MILK10k_Training_Input/IL_0872966/ISIC_8837131.jpg,/marimo/milk10k_train_masks/IL_0872966_dermoscopic_mask.png,0.33895555555555557,valid,600x450,600x450
IL_0873874,IL_0873874,/marimo/milk10k/MILK10k_Training_Input/IL_0873874/ISIC_3717176.jpg,/marimo/milk10k_train_masks/IL_0873874_dermoscopic_mask.png,0.5341259259259259,valid,600x450,600x450
IL_0877533,IL_0877533,/marimo/milk10k/MILK10k_Training_Input/IL_0877533/ISIC_4375866.jpg,/marimo/milk10k_train_masks/IL_0877533_dermoscopic_mask.png,0.5432555555555556,valid,600x450,600x450
IL_0882013,IL_0882013,/marimo/milk10k/MILK10k_Training_Input/IL_0882013/ISIC_8843104.jpg,/marimo/milk10k_train_masks/IL_0882013_dermoscopic_mask.png,0.32401111111111114,valid,600x450,600x450
IL_0882854,IL_0882854,/marimo/milk10k/MILK10k_Training_Input/IL_0882854/ISIC_3887050.jpg,/marimo/milk10k_train_masks/IL_0882854_dermoscopic_mask.png,0.3162814814814815,valid,600x450,600x450
IL_0883387,IL_0883387,/marimo/milk10k/MILK10k_Training_Input/IL_0883387/ISIC_4246393.jpg,/marimo/milk10k_train_masks/IL_0883387_dermoscopic_mask.png,0.3208814814814815,valid,600x450,600x450
IL_0883893,IL_0883893,/marimo/milk10k/MILK10k_Training_Input/IL_0883893/ISIC_6860942.jpg,/marimo/milk10k_train_masks/IL_0883893_dermoscopic_mask.png,0.7678703703703704,valid,600x450,600x450
IL_0887241,IL_0887241,/marimo/milk10k/MILK10k_Training_Input/IL_0887241/ISIC_9696099.jpg,/marimo/milk10k_train_masks/IL_0887241_dermoscopic_mask.png,0.13414074074074073,valid,600x450,600x450
IL_0890305,IL_0890305,/marimo/milk10k/MILK10k_Training_Input/IL_0890305/ISIC_3468757.jpg,/marimo/milk10k_train_masks/IL_0890305_dermoscopic_mask.png,0.2613259259259259,valid,600x450,600x450
IL_0891260,IL_0891260,/marimo/milk10k/MILK10k_Training_Input/IL_0891260/ISIC_5184106.jpg,/marimo/milk10k_train_masks/IL_0891260_dermoscopic_mask.png,0.625237037037037,valid,600x450,600x450
IL_0894322,IL_0894322,/marimo/milk10k/MILK10k_Training_Input/IL_0894322/ISIC_3307579.jpg,/marimo/milk10k_train_masks/IL_0894322_dermoscopic_mask.png,0.29993333333333333,valid,600x450,600x450
IL_0895262,IL_0895262,/marimo/milk10k/MILK10k_Training_Input/IL_0895262/ISIC_2190119.jpg,/marimo/milk10k_train_masks/IL_0895262_dermoscopic_mask.png,0.16614444444444446,valid,600x450,600x450
IL_0898594,IL_0898594,/marimo/milk10k/MILK10k_Training_Input/IL_0898594/ISIC_1741197.jpg,/marimo/milk10k_train_masks/IL_0898594_dermoscopic_mask.png,0.4925481481481481,valid,600x450,600x450
IL_0901496,IL_0901496,/marimo/milk10k/MILK10k_Training_Input/IL_0901496/ISIC_0805951.jpg,/marimo/milk10k_train_masks/IL_0901496_dermoscopic_mask.png,0.09845185185185185,valid,600x450,600x450
IL_0903975,IL_0903975,/marimo/milk10k/MILK10k_Training_Input/IL_0903975/ISIC_3352589.jpg,/marimo/milk10k_train_masks/IL_0903975_dermoscopic_mask.png,0.46185185185185185,valid,600x450,600x450
IL_0909624,IL_0909624,/marimo/milk10k/MILK10k_Training_Input/IL_0909624/ISIC_4310927.jpg,/marimo/milk10k_train_masks/IL_0909624_dermoscopic_mask.png,0.1963148148148148,valid,600x450,600x450
IL_0909755,IL_0909755,/marimo/milk10k/MILK10k_Training_Input/IL_0909755/ISIC_9890254.jpg,/marimo/milk10k_train_masks/IL_0909755_dermoscopic_mask.png,0.06371851851851852,valid,600x450,600x450
IL_0911506,IL_0911506,/marimo/milk10k/MILK10k_Training_Input/IL_0911506/ISIC_5628874.jpg,/marimo/milk10k_train_masks/IL_0911506_dermoscopic_mask.png,0.4540148148148148,valid,600x450,600x450
IL_0913190,IL_0913190,/marimo/milk10k/MILK10k_Training_Input/IL_0913190/ISIC_9415992.jpg,/marimo/milk10k_train_masks/IL_0913190_dermoscopic_mask.png,0.1385,valid,600x450,600x450
IL_0913483,IL_0913483,/marimo/milk10k/MILK10k_Training_Input/IL_0913483/ISIC_4622192.jpg,/marimo/milk10k_train_masks/IL_0913483_dermoscopic_mask.png,0.21227037037037036,valid,600x450,600x450
IL_0915251,IL_0915251,/marimo/milk10k/MILK10k_Training_Input/IL_0915251/ISIC_1609351.jpg,/marimo/milk10k_train_masks/IL_0915251_dermoscopic_mask.png,0.10845555555555556,valid,600x450,600x450
IL_0919212,IL_0919212,/marimo/milk10k/MILK10k_Training_Input/IL_0919212/ISIC_6417205.jpg,/marimo/milk10k_train_masks/IL_0919212_dermoscopic_mask.png,0.28732592592592593,valid,600x450,600x450
IL_0921105,IL_0921105,/marimo/milk10k/MILK10k_Training_Input/IL_0921105/ISIC_8614302.jpg,/marimo/milk10k_train_masks/IL_0921105_dermoscopic_mask.png,0.36774814814814816,valid,600x450,600x450
IL_0926236,IL_0926236,/marimo/milk10k/MILK10k_Training_Input/IL_0926236/ISIC_2745537.jpg,/marimo/milk10k_train_masks/IL_0926236_dermoscopic_mask.png,0.4157111111111111,valid,600x450,600x450
IL_0927709,IL_0927709,/marimo/milk10k/MILK10k_Training_Input/IL_0927709/ISIC_3535882.jpg,/marimo/milk10k_train_masks/IL_0927709_dermoscopic_mask.png,0.5208222222222222,valid,600x450,600x450
IL_0928846,IL_0928846,/marimo/milk10k/MILK10k_Training_Input/IL_0928846/ISIC_2288200.jpg,/marimo/milk10k_train_masks/IL_0928846_dermoscopic_mask.png,0.41085185185185186,valid,600x450,600x450
IL_0930071,IL_0930071,/marimo/milk10k/MILK10k_Training_Input/IL_0930071/ISIC_5766792.jpg,/marimo/milk10k_train_masks/IL_0930071_dermoscopic_mask.png,0.4959962962962963,valid,600x450,600x450
IL_0931113,IL_0931113,/marimo/milk10k/MILK10k_Training_Input/IL_0931113/ISIC_5630379.jpg,/marimo/milk10k_train_masks/IL_0931113_dermoscopic_mask.png,0.1661925925925926,valid,600x450,600x450
IL_0932905,IL_0932905,/marimo/milk10k/MILK10k_Training_Input/IL_0932905/ISIC_1317686.jpg,/marimo/milk10k_train_masks/IL_0932905_dermoscopic_mask.png,0.3876,valid,600x450,600x450
IL_0933213,IL_0933213,/marimo/milk10k/MILK10k_Training_Input/IL_0933213/ISIC_5925562.jpg,/marimo/milk10k_train_masks/IL_0933213_dermoscopic_mask.png,0.12462592592592593,valid,600x450,600x450
IL_0937448,IL_0937448,/marimo/milk10k/MILK10k_Training_Input/IL_0937448/ISIC_5842460.jpg,/marimo/milk10k_train_masks/IL_0937448_dermoscopic_mask.png,0.1106074074074074,valid,600x450,600x450
IL_0941988,IL_0941988,/marimo/milk10k/MILK10k_Training_Input/IL_0941988/ISIC_3897686.jpg,/marimo/milk10k_train_masks/IL_0941988_dermoscopic_mask.png,0.32026296296296297,valid,600x450,600x450
IL_0945198,IL_0945198,/marimo/milk10k/MILK10k_Training_Input/IL_0945198/ISIC_6685424.jpg,/marimo/milk10k_train_masks/IL_0945198_dermoscopic_mask.png,0.2399962962962963,valid,600x450,600x450
IL_0948841,IL_0948841,/marimo/milk10k/MILK10k_Training_Input/IL_0948841/ISIC_0849075.jpg,/marimo/milk10k_train_masks/IL_0948841_dermoscopic_mask.png,0.3811851851851852,valid,600x450,600x450
IL_0949755,IL_0949755,/marimo/milk10k/MILK10k_Training_Input/IL_0949755/ISIC_3981430.jpg,/marimo/milk10k_train_masks/IL_0949755_dermoscopic_mask.png,0.2847037037037037,valid,600x450,600x450
IL_0952894,IL_0952894,/marimo/milk10k/MILK10k_Training_Input/IL_0952894/ISIC_5063002.jpg,/marimo/milk10k_train_masks/IL_0952894_dermoscopic_mask.png,0.5864666666666667,valid,600x450,600x450
IL_0956761,IL_0956761,/marimo/milk10k/MILK10k_Training_Input/IL_0956761/ISIC_3568310.jpg,/marimo/milk10k_train_masks/IL_0956761_dermoscopic_mask.png,0.6716444444444445,valid,600x450,600x450
IL_0957907,IL_0957907,/marimo/milk10k/MILK10k_Training_Input/IL_0957907/ISIC_5856068.jpg,/marimo/milk10k_train_masks/IL_0957907_dermoscopic_mask.png,0.024985185185185187,valid,600x450,600x450
IL_0960314,IL_0960314,/marimo/milk10k/MILK10k_Training_Input/IL_0960314/ISIC_6739483.jpg,/marimo/milk10k_train_masks/IL_0960314_dermoscopic_mask.png,0.36557407407407405,valid,600x450,600x450
IL_0960760,IL_0960760,/marimo/milk10k/MILK10k_Training_Input/IL_0960760/ISIC_7452466.jpg,/marimo/milk10k_train_masks/IL_0960760_dermoscopic_mask.png,0.5253,valid,600x450,600x450
IL_0960913,IL_0960913,/marimo/milk10k/MILK10k_Training_Input/IL_0960913/ISIC_6725841.jpg,/marimo/milk10k_train_masks/IL_0960913_dermoscopic_mask.png,0.32173703703703704,valid,600x450,600x450
IL_0962219,IL_0962219,/marimo/milk10k/MILK10k_Training_Input/IL_0962219/ISIC_9479710.jpg,/marimo/milk10k_train_masks/IL_0962219_dermoscopic_mask.png,0.563,valid,600x450,600x450
IL_0963446,IL_0963446,/marimo/milk10k/MILK10k_Training_Input/IL_0963446/ISIC_3918888.jpg,/marimo/milk10k_train_masks/IL_0963446_dermoscopic_mask.png,0.1270851851851852,valid,600x450,600x450
IL_0963909,IL_0963909,/marimo/milk10k/MILK10k_Training_Input/IL_0963909/ISIC_7298204.jpg,/marimo/milk10k_train_masks/IL_0963909_dermoscopic_mask.png,0.16117777777777778,valid,600x450,600x450
IL_0965686,IL_0965686,/marimo/milk10k/MILK10k_Training_Input/IL_0965686/ISIC_8216653.jpg,/marimo/milk10k_train_masks/IL_0965686_dermoscopic_mask.png,0.24201851851851852,valid,600x450,600x450
IL_0965927,IL_0965927,/marimo/milk10k/MILK10k_Training_Input/IL_0965927/ISIC_5713218.jpg,/marimo/milk10k_train_masks/IL_0965927_dermoscopic_mask.png,0.25923703703703704,valid,600x450,600x450
IL_0966706,IL_0966706,/marimo/milk10k/MILK10k_Training_Input/IL_0966706/ISIC_7727795.jpg,/marimo/milk10k_train_masks/IL_0966706_dermoscopic_mask.png,0.09436666666666667,valid,600x450,600x450
IL_0966806,IL_0966806,/marimo/milk10k/MILK10k_Training_Input/IL_0966806/ISIC_7116014.jpg,/marimo/milk10k_train_masks/IL_0966806_dermoscopic_mask.png,0.2908222222222222,valid,600x450,600x450
IL_0967038,IL_0967038,/marimo/milk10k/MILK10k_Training_Input/IL_0967038/ISIC_5310379.jpg,/marimo/milk10k_train_masks/IL_0967038_dermoscopic_mask.png,0.5562814814814815,valid,600x450,600x450
IL_0967073,IL_0967073,/marimo/milk10k/MILK10k_Training_Input/IL_0967073/ISIC_3252559.jpg,/marimo/milk10k_train_masks/IL_0967073_dermoscopic_mask.png,0.06507407407407408,valid,600x450,600x450
IL_0970556,IL_0970556,/marimo/milk10k/MILK10k_Training_Input/IL_0970556/ISIC_0147255.jpg,/marimo/milk10k_train_masks/IL_0970556_dermoscopic_mask.png,0.3830851851851852,valid,600x450,600x450
IL_0971210,IL_0971210,/marimo/milk10k/MILK10k_Training_Input/IL_0971210/ISIC_8042886.jpg,/marimo/milk10k_train_masks/IL_0971210_dermoscopic_mask.png,0.20985555555555555,valid,600x450,600x450
IL_0972770,IL_0972770,/marimo/milk10k/MILK10k_Training_Input/IL_0972770/ISIC_5214703.jpg,/marimo/milk10k_train_masks/IL_0972770_dermoscopic_mask.png,0.34457037037037036,valid,600x450,600x450
IL_0974592,IL_0974592,/marimo/milk10k/MILK10k_Training_Input/IL_0974592/ISIC_7231732.jpg,/marimo/milk10k_train_masks/IL_0974592_dermoscopic_mask.png,0.6465148148148148,valid,600x450,600x450
IL_0976725,IL_0976725,/marimo/milk10k/MILK10k_Training_Input/IL_0976725/ISIC_1681382.jpg,/marimo/milk10k_train_masks/IL_0976725_dermoscopic_mask.png,0.43355925925925926,valid,600x450,600x450
IL_0977537,IL_0977537,/marimo/milk10k/MILK10k_Training_Input/IL_0977537/ISIC_0187220.jpg,/marimo/milk10k_train_masks/IL_0977537_dermoscopic_mask.png,0.07324814814814815,valid,600x450,600x450
IL_0978342,IL_0978342,/marimo/milk10k/MILK10k_Training_Input/IL_0978342/ISIC_0767613.jpg,/marimo/milk10k_train_masks/IL_0978342_dermoscopic_mask.png,0.15855555555555556,valid,600x450,600x450
IL_0980631,IL_0980631,/marimo/milk10k/MILK10k_Training_Input/IL_0980631/ISIC_6124320.jpg,/marimo/milk10k_train_masks/IL_0980631_dermoscopic_mask.png,0.11128148148148148,valid,600x450,600x450
IL_0982091,IL_0982091,/marimo/milk10k/MILK10k_Training_Input/IL_0982091/ISIC_2654339.jpg,/marimo/milk10k_train_masks/IL_0982091_dermoscopic_mask.png,0.20011481481481483,valid,600x450,600x450
IL_0987624,IL_0987624,/marimo/milk10k/MILK10k_Training_Input/IL_0987624/ISIC_2090799.jpg,/marimo/milk10k_train_masks/IL_0987624_dermoscopic_mask.png,0.10262592592592593,valid,600x450,600x450
IL_0993436,IL_0993436,/marimo/milk10k/MILK10k_Training_Input/IL_0993436/ISIC_8176795.jpg,/marimo/milk10k_train_masks/IL_0993436_dermoscopic_mask.png,0.5510185185185185,valid,600x450,600x450
IL_0994070,IL_0994070,/marimo/milk10k/MILK10k_Training_Input/IL_0994070/ISIC_4421697.jpg,/marimo/milk10k_train_masks/IL_0994070_dermoscopic_mask.png,0.4378444444444444,valid,600x450,600x450
IL_0996879,IL_0996879,/marimo/milk10k/MILK10k_Training_Input/IL_0996879/ISIC_3477325.jpg,/marimo/milk10k_train_masks/IL_0996879_dermoscopic_mask.png,0.3902259259259259,valid,600x450,600x450
IL_1001591,IL_1001591,/marimo/milk10k/MILK10k_Training_Input/IL_1001591/ISIC_3709727.jpg,/marimo/milk10k_train_masks/IL_1001591_dermoscopic_mask.png,0.6754185185185185,valid,600x450,600x450
IL_1002499,IL_1002499,/marimo/milk10k/MILK10k_Training_Input/IL_1002499/ISIC_1987185.jpg,/marimo/milk10k_train_masks/IL_1002499_dermoscopic_mask.png,0.23374444444444445,valid,600x450,600x450
IL_1003728,IL_1003728,/marimo/milk10k/MILK10k_Training_Input/IL_1003728/ISIC_8601570.jpg,/marimo/milk10k_train_masks/IL_1003728_dermoscopic_mask.png,0.3749296296296296,valid,600x450,600x450
IL_1006446,IL_1006446,/marimo/milk10k/MILK10k_Training_Input/IL_1006446/ISIC_0091092.jpg,/marimo/milk10k_train_masks/IL_1006446_dermoscopic_mask.png,0.5119777777777778,valid,600x450,600x450
IL_1013534,IL_1013534,/marimo/milk10k/MILK10k_Training_Input/IL_1013534/ISIC_0552734.jpg,/marimo/milk10k_train_masks/IL_1013534_dermoscopic_mask.png,0.2737074074074074,valid,600x450,600x450
IL_1016151,IL_1016151,/marimo/milk10k/MILK10k_Training_Input/IL_1016151/ISIC_2415589.jpg,/marimo/milk10k_train_masks/IL_1016151_dermoscopic_mask.png,0.5912777777777778,valid,600x450,600x450
IL_1020269,IL_1020269,/marimo/milk10k/MILK10k_Training_Input/IL_1020269/ISIC_3103756.jpg,/marimo/milk10k_train_masks/IL_1020269_dermoscopic_mask.png,0.11428518518518518,valid,600x450,600x450
IL_1021886,IL_1021886,/marimo/milk10k/MILK10k_Training_Input/IL_1021886/ISIC_2320914.jpg,/marimo/milk10k_train_masks/IL_1021886_dermoscopic_mask.png,0.05131851851851852,valid,600x450,600x450
IL_1022575,IL_1022575,/marimo/milk10k/MILK10k_Training_Input/IL_1022575/ISIC_9084534.jpg,/marimo/milk10k_train_masks/IL_1022575_dermoscopic_mask.png,0.25474074074074077,valid,600x450,600x450
IL_1024518,IL_1024518,/marimo/milk10k/MILK10k_Training_Input/IL_1024518/ISIC_6195604.jpg,/marimo/milk10k_train_masks/IL_1024518_dermoscopic_mask.png,0.3678,valid,600x450,600x450
IL_1024813,IL_1024813,/marimo/milk10k/MILK10k_Training_Input/IL_1024813/ISIC_6078508.jpg,/marimo/milk10k_train_masks/IL_1024813_dermoscopic_mask.png,0.36162962962962963,valid,600x450,600x450
IL_1025341,IL_1025341,/marimo/milk10k/MILK10k_Training_Input/IL_1025341/ISIC_5033470.jpg,/marimo/milk10k_train_masks/IL_1025341_dermoscopic_mask.png,0.30012962962962964,valid,600x450,600x450
IL_1026804,IL_1026804,/marimo/milk10k/MILK10k_Training_Input/IL_1026804/ISIC_8687675.jpg,/marimo/milk10k_train_masks/IL_1026804_dermoscopic_mask.png,0.5803814814814815,valid,600x450,600x450
IL_1027638,IL_1027638,/marimo/milk10k/MILK10k_Training_Input/IL_1027638/ISIC_5093839.jpg,/marimo/milk10k_train_masks/IL_1027638_dermoscopic_mask.png,0.6491851851851852,valid,600x450,600x450
IL_1030040,IL_1030040,/marimo/milk10k/MILK10k_Training_Input/IL_1030040/ISIC_1408695.jpg,/marimo/milk10k_train_masks/IL_1030040_dermoscopic_mask.png,0.3038851851851852,valid,600x450,600x450
IL_1030535,IL_1030535,/marimo/milk10k/MILK10k_Training_Input/IL_1030535/ISIC_1740962.jpg,/marimo/milk10k_train_masks/IL_1030535_dermoscopic_mask.png,0.2985851851851852,valid,600x450,600x450
IL_1030671,IL_1030671,/marimo/milk10k/MILK10k_Training_Input/IL_1030671/ISIC_6691676.jpg,/marimo/milk10k_train_masks/IL_1030671_dermoscopic_mask.png,0.017244444444444444,valid,600x450,600x450
IL_1032364,IL_1032364,/marimo/milk10k/MILK10k_Training_Input/IL_1032364/ISIC_4178690.jpg,/marimo/milk10k_train_masks/IL_1032364_dermoscopic_mask.png,0.05734814814814815,valid,600x450,600x450
IL_1036024,IL_1036024,/marimo/milk10k/MILK10k_Training_Input/IL_1036024/ISIC_9317670.jpg,/marimo/milk10k_train_masks/IL_1036024_dermoscopic_mask.png,0.5116740740740741,valid,600x450,600x450
IL_1036573,IL_1036573,/marimo/milk10k/MILK10k_Training_Input/IL_1036573/ISIC_9436084.jpg,/marimo/milk10k_train_masks/IL_1036573_dermoscopic_mask.png,0.15239259259259258,valid,600x450,600x450
IL_1037405,IL_1037405,/marimo/milk10k/MILK10k_Training_Input/IL_1037405/ISIC_6323263.jpg,/marimo/milk10k_train_masks/IL_1037405_dermoscopic_mask.png,0.5694148148148148,valid,600x450,600x450
IL_1037790,IL_1037790,/marimo/milk10k/MILK10k_Training_Input/IL_1037790/ISIC_4700918.jpg,/marimo/milk10k_train_masks/IL_1037790_dermoscopic_mask.png,0.176,valid,600x450,600x450
IL_1038225,IL_1038225,/marimo/milk10k/MILK10k_Training_Input/IL_1038225/ISIC_7272469.jpg,/marimo/milk10k_train_masks/IL_1038225_dermoscopic_mask.png,0.40717037037037035,valid,600x450,600x450
IL_1039753,IL_1039753,/marimo/milk10k/MILK10k_Training_Input/IL_1039753/ISIC_9512371.jpg,/marimo/milk10k_train_masks/IL_1039753_dermoscopic_mask.png,0.41265555555555555,valid,600x450,600x450
IL_1042146,IL_1042146,/marimo/milk10k/MILK10k_Training_Input/IL_1042146/ISIC_3158315.jpg,/marimo/milk10k_train_masks/IL_1042146_dermoscopic_mask.png,0.3131481481481482,valid,600x450,600x450
IL_1046735,IL_1046735,/marimo/milk10k/MILK10k_Training_Input/IL_1046735/ISIC_4277959.jpg,/marimo/milk10k_train_masks/IL_1046735_dermoscopic_mask.png,0.5099444444444444,valid,600x450,600x450
IL_1049569,IL_1049569,/marimo/milk10k/MILK10k_Training_Input/IL_1049569/ISIC_6288293.jpg,/marimo/milk10k_train_masks/IL_1049569_dermoscopic_mask.png,0.12337037037037037,valid,600x450,600x450
IL_1050335,IL_1050335,/marimo/milk10k/MILK10k_Training_Input/IL_1050335/ISIC_9853363.jpg,/marimo/milk10k_train_masks/IL_1050335_dermoscopic_mask.png,0.19506296296296297,valid,600x450,600x450
IL_1050579,IL_1050579,/marimo/milk10k/MILK10k_Training_Input/IL_1050579/ISIC_6461356.jpg,/marimo/milk10k_train_masks/IL_1050579_dermoscopic_mask.png,0.21444814814814814,valid,600x450,600x450
IL_1051456,IL_1051456,/marimo/milk10k/MILK10k_Training_Input/IL_1051456/ISIC_1567381.jpg,/marimo/milk10k_train_masks/IL_1051456_dermoscopic_mask.png,0.15437777777777778,valid,600x450,600x450
IL_1057278,IL_1057278,/marimo/milk10k/MILK10k_Training_Input/IL_1057278/ISIC_1485174.jpg,/marimo/milk10k_train_masks/IL_1057278_dermoscopic_mask.png,0.3912925925925926,valid,600x450,600x450
IL_1057711,IL_1057711,/marimo/milk10k/MILK10k_Training_Input/IL_1057711/ISIC_8012264.jpg,/marimo/milk10k_train_masks/IL_1057711_dermoscopic_mask.png,0.4282814814814815,valid,600x450,600x450
IL_1058871,IL_1058871,/marimo/milk10k/MILK10k_Training_Input/IL_1058871/ISIC_0777452.jpg,/marimo/milk10k_train_masks/IL_1058871_dermoscopic_mask.png,0.5513629629629629,valid,600x450,600x450
IL_1059300,IL_1059300,/marimo/milk10k/MILK10k_Training_Input/IL_1059300/ISIC_5854998.jpg,/marimo/milk10k_train_masks/IL_1059300_dermoscopic_mask.png,0.34288148148148145,valid,600x450,600x450
IL_1060778,IL_1060778,/marimo/milk10k/MILK10k_Training_Input/IL_1060778/ISIC_7567589.jpg,/marimo/milk10k_train_masks/IL_1060778_dermoscopic_mask.png,0.39436666666666664,valid,600x450,600x450
IL_1062117,IL_1062117,/marimo/milk10k/MILK10k_Training_Input/IL_1062117/ISIC_7922830.jpg,/marimo/milk10k_train_masks/IL_1062117_dermoscopic_mask.png,0.23754074074074075,valid,600x450,600x450
IL_1062224,IL_1062224,/marimo/milk10k/MILK10k_Training_Input/IL_1062224/ISIC_5744011.jpg,/marimo/milk10k_train_masks/IL_1062224_dermoscopic_mask.png,0.5929185185185185,valid,600x450,600x450
IL_1065158,IL_1065158,/marimo/milk10k/MILK10k_Training_Input/IL_1065158/ISIC_9875364.jpg,/marimo/milk10k_train_masks/IL_1065158_dermoscopic_mask.png,0.1687925925925926,valid,600x450,600x450
IL_1065532,IL_1065532,/marimo/milk10k/MILK10k_Training_Input/IL_1065532/ISIC_3003010.jpg,/marimo/milk10k_train_masks/IL_1065532_dermoscopic_mask.png,0.539062962962963,valid,600x450,600x450
IL_1066260,IL_1066260,/marimo/milk10k/MILK10k_Training_Input/IL_1066260/ISIC_4228893.jpg,/marimo/milk10k_train_masks/IL_1066260_dermoscopic_mask.png,0.32604814814814814,valid,600x450,600x450
IL_1066401,IL_1066401,/marimo/milk10k/MILK10k_Training_Input/IL_1066401/ISIC_3040289.jpg,/marimo/milk10k_train_masks/IL_1066401_dermoscopic_mask.png,0.06368888888888889,valid,600x450,600x450
IL_1066586,IL_1066586,/marimo/milk10k/MILK10k_Training_Input/IL_1066586/ISIC_2945370.jpg,/marimo/milk10k_train_masks/IL_1066586_dermoscopic_mask.png,0.3748740740740741,valid,600x450,600x450
IL_1072966,IL_1072966,/marimo/milk10k/MILK10k_Training_Input/IL_1072966/ISIC_8870190.jpg,/marimo/milk10k_train_masks/IL_1072966_dermoscopic_mask.png,0.08544814814814815,valid,600x450,600x450
IL_1075637,IL_1075637,/marimo/milk10k/MILK10k_Training_Input/IL_1075637/ISIC_3303065.jpg,/marimo/milk10k_train_masks/IL_1075637_dermoscopic_mask.png,0.2995333333333333,valid,600x450,600x450
IL_1075649,IL_1075649,/marimo/milk10k/MILK10k_Training_Input/IL_1075649/ISIC_2337998.jpg,/marimo/milk10k_train_masks/IL_1075649_dermoscopic_mask.png,0.6078370370370371,valid,600x450,600x450
IL_1075740,IL_1075740,/marimo/milk10k/MILK10k_Training_Input/IL_1075740/ISIC_1264034.jpg,/marimo/milk10k_train_masks/IL_1075740_dermoscopic_mask.png,0.40953703703703703,valid,600x450,600x450
IL_1077035,IL_1077035,/marimo/milk10k/MILK10k_Training_Input/IL_1077035/ISIC_1364390.jpg,/marimo/milk10k_train_masks/IL_1077035_dermoscopic_mask.png,0.49011481481481484,valid,600x450,600x450
IL_1077349,IL_1077349,/marimo/milk10k/MILK10k_Training_Input/IL_1077349/ISIC_1859626.jpg,/marimo/milk10k_train_masks/IL_1077349_dermoscopic_mask.png,0.5889629629629629,valid,600x450,600x450
IL_1077791,IL_1077791,/marimo/milk10k/MILK10k_Training_Input/IL_1077791/ISIC_3445145.jpg,/marimo/milk10k_train_masks/IL_1077791_dermoscopic_mask.png,0.017914814814814814,valid,600x450,600x450
IL_1081068,IL_1081068,/marimo/milk10k/MILK10k_Training_Input/IL_1081068/ISIC_3983224.jpg,/marimo/milk10k_train_masks/IL_1081068_dermoscopic_mask.png,0.6025259259259259,valid,600x450,600x450
IL_1082732,IL_1082732,/marimo/milk10k/MILK10k_Training_Input/IL_1082732/ISIC_7516346.jpg,/marimo/milk10k_train_masks/IL_1082732_dermoscopic_mask.png,0.3847962962962963,valid,600x450,600x450
IL_1085478,IL_1085478,/marimo/milk10k/MILK10k_Training_Input/IL_1085478/ISIC_1338697.jpg,/marimo/milk10k_train_masks/IL_1085478_dermoscopic_mask.png,0.07026666666666667,valid,600x450,600x450
IL_1087504,IL_1087504,/marimo/milk10k/MILK10k_Training_Input/IL_1087504/ISIC_1763947.jpg,/marimo/milk10k_train_masks/IL_1087504_dermoscopic_mask.png,0.40928888888888887,valid,600x450,600x450
IL_1088813,IL_1088813,/marimo/milk10k/MILK10k_Training_Input/IL_1088813/ISIC_5780488.jpg,/marimo/milk10k_train_masks/IL_1088813_dermoscopic_mask.png,0.6457740740740741,valid,600x450,600x450
IL_1089053,IL_1089053,/marimo/milk10k/MILK10k_Training_Input/IL_1089053/ISIC_9578110.jpg,/marimo/milk10k_train_masks/IL_1089053_dermoscopic_mask.png,0.173,valid,600x450,600x450
IL_1090086,IL_1090086,/marimo/milk10k/MILK10k_Training_Input/IL_1090086/ISIC_4674125.jpg,/marimo/milk10k_train_masks/IL_1090086_dermoscopic_mask.png,0.20385185185185184,valid,600x450,600x450
IL_1093822,IL_1093822,/marimo/milk10k/MILK10k_Training_Input/IL_1093822/ISIC_6860247.jpg,/marimo/milk10k_train_masks/IL_1093822_dermoscopic_mask.png,0.358737037037037,valid,600x450,600x450
IL_1094162,IL_1094162,/marimo/milk10k/MILK10k_Training_Input/IL_1094162/ISIC_6457111.jpg,/marimo/milk10k_train_masks/IL_1094162_dermoscopic_mask.png,0.4535925925925926,valid,600x450,600x450
IL_1097416,IL_1097416,/marimo/milk10k/MILK10k_Training_Input/IL_1097416/ISIC_4969277.jpg,/marimo/milk10k_train_masks/IL_1097416_dermoscopic_mask.png,0.38785925925925924,valid,600x450,600x450
IL_1098569,IL_1098569,/marimo/milk10k/MILK10k_Training_Input/IL_1098569/ISIC_2324691.jpg,/marimo/milk10k_train_masks/IL_1098569_dermoscopic_mask.png,0.3959962962962963,valid,600x450,600x450
IL_1099248,IL_1099248,/marimo/milk10k/MILK10k_Training_Input/IL_1099248/ISIC_4494886.jpg,/marimo/milk10k_train_masks/IL_1099248_dermoscopic_mask.png,0.7449777777777777,valid,600x450,600x450
IL_1101904,IL_1101904,/marimo/milk10k/MILK10k_Training_Input/IL_1101904/ISIC_0426131.jpg,/marimo/milk10k_train_masks/IL_1101904_dermoscopic_mask.png,0.34094814814814817,valid,600x450,600x450
IL_1102266,IL_1102266,/marimo/milk10k/MILK10k_Training_Input/IL_1102266/ISIC_0450792.jpg,/marimo/milk10k_train_masks/IL_1102266_dermoscopic_mask.png,0.5671666666666667,valid,600x450,600x450
IL_1104611,IL_1104611,/marimo/milk10k/MILK10k_Training_Input/IL_1104611/ISIC_9536837.jpg,/marimo/milk10k_train_masks/IL_1104611_dermoscopic_mask.png,0.09461111111111112,valid,600x450,600x450
IL_1104647,IL_1104647,/marimo/milk10k/MILK10k_Training_Input/IL_1104647/ISIC_5616230.jpg,/marimo/milk10k_train_masks/IL_1104647_dermoscopic_mask.png,0.42123333333333335,valid,600x450,600x450
IL_1105307,IL_1105307,/marimo/milk10k/MILK10k_Training_Input/IL_1105307/ISIC_8121619.jpg,/marimo/milk10k_train_masks/IL_1105307_dermoscopic_mask.png,0.07387407407407408,valid,600x450,600x450
IL_1110847,IL_1110847,/marimo/milk10k/MILK10k_Training_Input/IL_1110847/ISIC_3410251.jpg,/marimo/milk10k_train_masks/IL_1110847_dermoscopic_mask.png,0.16185925925925926,valid,600x450,600x450
IL_1114001,IL_1114001,/marimo/milk10k/MILK10k_Training_Input/IL_1114001/ISIC_0855384.jpg,/marimo/milk10k_train_masks/IL_1114001_dermoscopic_mask.png,0.0877,valid,600x450,600x450
IL_1116868,IL_1116868,/marimo/milk10k/MILK10k_Training_Input/IL_1116868/ISIC_2183795.jpg,/marimo/milk10k_train_masks/IL_1116868_dermoscopic_mask.png,0.3438,valid,600x450,600x450
IL_1118259,IL_1118259,/marimo/milk10k/MILK10k_Training_Input/IL_1118259/ISIC_2671356.jpg,/marimo/milk10k_train_masks/IL_1118259_dermoscopic_mask.png,0.34654814814814816,valid,600x450,600x450
IL_1118490,IL_1118490,/marimo/milk10k/MILK10k_Training_Input/IL_1118490/ISIC_9268464.jpg,/marimo/milk10k_train_masks/IL_1118490_dermoscopic_mask.png,0.2757296296296296,valid,600x450,600x450
IL_1120917,IL_1120917,/marimo/milk10k/MILK10k_Training_Input/IL_1120917/ISIC_3869104.jpg,/marimo/milk10k_train_masks/IL_1120917_dermoscopic_mask.png,0.19947037037037038,valid,600x450,600x450
IL_1122341,IL_1122341,/marimo/milk10k/MILK10k_Training_Input/IL_1122341/ISIC_0666405.jpg,/marimo/milk10k_train_masks/IL_1122341_dermoscopic_mask.png,0.3272111111111111,valid,600x450,600x450
IL_1122729,IL_1122729,/marimo/milk10k/MILK10k_Training_Input/IL_1122729/ISIC_6938390.jpg,/marimo/milk10k_train_masks/IL_1122729_dermoscopic_mask.png,0.36857407407407405,valid,600x450,600x450
IL_1127308,IL_1127308,/marimo/milk10k/MILK10k_Training_Input/IL_1127308/ISIC_5064865.jpg,/marimo/milk10k_train_masks/IL_1127308_dermoscopic_mask.png,0.08917407407407407,valid,600x450,600x450
IL_1128310,IL_1128310,/marimo/milk10k/MILK10k_Training_Input/IL_1128310/ISIC_7504308.jpg,/marimo/milk10k_train_masks/IL_1128310_dermoscopic_mask.png,0.22302592592592593,valid,600x450,600x450
IL_1129675,IL_1129675,/marimo/milk10k/MILK10k_Training_Input/IL_1129675/ISIC_4955572.jpg,/marimo/milk10k_train_masks/IL_1129675_dermoscopic_mask.png,0.4182666666666667,valid,600x450,600x450
IL_1131415,IL_1131415,/marimo/milk10k/MILK10k_Training_Input/IL_1131415/ISIC_4708288.jpg,/marimo/milk10k_train_masks/IL_1131415_dermoscopic_mask.png,0.03222962962962963,valid,600x450,600x450
IL_1131642,IL_1131642,/marimo/milk10k/MILK10k_Training_Input/IL_1131642/ISIC_2567925.jpg,/marimo/milk10k_train_masks/IL_1131642_dermoscopic_mask.png,0.27214444444444447,valid,600x450,600x450
IL_1133754,IL_1133754,/marimo/milk10k/MILK10k_Training_Input/IL_1133754/ISIC_1379351.jpg,/marimo/milk10k_train_masks/IL_1133754_dermoscopic_mask.png,0.2619666666666667,valid,600x450,600x450
IL_1139231,IL_1139231,/marimo/milk10k/MILK10k_Training_Input/IL_1139231/ISIC_3866655.jpg,/marimo/milk10k_train_masks/IL_1139231_dermoscopic_mask.png,0.3650481481481481,valid,600x450,600x450
IL_1140654,IL_1140654,/marimo/milk10k/MILK10k_Training_Input/IL_1140654/ISIC_6638547.jpg,/marimo/milk10k_train_masks/IL_1140654_dermoscopic_mask.png,0.2211037037037037,valid,600x450,600x450
IL_1141738,IL_1141738,/marimo/milk10k/MILK10k_Training_Input/IL_1141738/ISIC_1102101.jpg,/marimo/milk10k_train_masks/IL_1141738_dermoscopic_mask.png,0.33082962962962964,valid,600x450,600x450
IL_1141889,IL_1141889,/marimo/milk10k/MILK10k_Training_Input/IL_1141889/ISIC_3265817.jpg,/marimo/milk10k_train_masks/IL_1141889_dermoscopic_mask.png,0.3368185185185185,valid,600x450,600x450
IL_1150013,IL_1150013,/marimo/milk10k/MILK10k_Training_Input/IL_1150013/ISIC_5103206.jpg,/marimo/milk10k_train_masks/IL_1150013_dermoscopic_mask.png,0.499162962962963,valid,600x450,600x450
IL_1151731,IL_1151731,/marimo/milk10k/MILK10k_Training_Input/IL_1151731/ISIC_3468250.jpg,/marimo/milk10k_train_masks/IL_1151731_dermoscopic_mask.png,0.5404740740740741,valid,600x450,600x450
IL_1152647,IL_1152647,/marimo/milk10k/MILK10k_Training_Input/IL_1152647/ISIC_0314216.jpg,/marimo/milk10k_train_masks/IL_1152647_dermoscopic_mask.png,0.15431481481481482,valid,600x450,600x450
IL_1154245,IL_1154245,/marimo/milk10k/MILK10k_Training_Input/IL_1154245/ISIC_5610942.jpg,/marimo/milk10k_train_masks/IL_1154245_dermoscopic_mask.png,0.09344444444444444,valid,600x450,600x450
IL_1159424,IL_1159424,/marimo/milk10k/MILK10k_Training_Input/IL_1159424/ISIC_4312494.jpg,/marimo/milk10k_train_masks/IL_1159424_dermoscopic_mask.png,0.5286518518518518,valid,600x450,600x450
IL_1162183,IL_1162183,/marimo/milk10k/MILK10k_Training_Input/IL_1162183/ISIC_8438291.jpg,/marimo/milk10k_train_masks/IL_1162183_dermoscopic_mask.png,0.24842962962962964,valid,600x450,600x450
IL_1166072,IL_1166072,/marimo/milk10k/MILK10k_Training_Input/IL_1166072/ISIC_7110025.jpg,/marimo/milk10k_train_masks/IL_1166072_dermoscopic_mask.png,0.5763148148148148,valid,600x450,600x450
IL_1167409,IL_1167409,/marimo/milk10k/MILK10k_Training_Input/IL_1167409/ISIC_6982597.jpg,/marimo/milk10k_train_masks/IL_1167409_dermoscopic_mask.png,0.3882074074074074,valid,600x450,600x450
IL_1169182,IL_1169182,/marimo/milk10k/MILK10k_Training_Input/IL_1169182/ISIC_3824162.jpg,/marimo/milk10k_train_masks/IL_1169182_dermoscopic_mask.png,0.2311814814814815,valid,600x450,600x450
IL_1170242,IL_1170242,/marimo/milk10k/MILK10k_Training_Input/IL_1170242/ISIC_8880596.jpg,/marimo/milk10k_train_masks/IL_1170242_dermoscopic_mask.png,0.036251851851851855,valid,600x450,600x450
IL_1173774,IL_1173774,/marimo/milk10k/MILK10k_Training_Input/IL_1173774/ISIC_8389918.jpg,/marimo/milk10k_train_masks/IL_1173774_dermoscopic_mask.png,0.08635185185185185,valid,600x450,600x450
IL_1174594,IL_1174594,/marimo/milk10k/MILK10k_Training_Input/IL_1174594/ISIC_4497112.jpg,/marimo/milk10k_train_masks/IL_1174594_dermoscopic_mask.png,0.33432222222222224,valid,600x450,600x450
IL_1175004,IL_1175004,/marimo/milk10k/MILK10k_Training_Input/IL_1175004/ISIC_5132630.jpg,/marimo/milk10k_train_masks/IL_1175004_dermoscopic_mask.png,0.26214444444444446,valid,600x450,600x450
IL_1175883,IL_1175883,/marimo/milk10k/MILK10k_Training_Input/IL_1175883/ISIC_0245594.jpg,/marimo/milk10k_train_masks/IL_1175883_dermoscopic_mask.png,0.16207407407407406,valid,600x450,600x450
IL_1176036,IL_1176036,/marimo/milk10k/MILK10k_Training_Input/IL_1176036/ISIC_4911521.jpg,/marimo/milk10k_train_masks/IL_1176036_dermoscopic_mask.png,0.17246296296296296,valid,600x450,600x450
IL_1178215,IL_1178215,/marimo/milk10k/MILK10k_Training_Input/IL_1178215/ISIC_6503533.jpg,/marimo/milk10k_train_masks/IL_1178215_dermoscopic_mask.png,0.44337037037037036,valid,600x450,600x450
IL_1178770,IL_1178770,/marimo/milk10k/MILK10k_Training_Input/IL_1178770/ISIC_9447454.jpg,/marimo/milk10k_train_masks/IL_1178770_dermoscopic_mask.png,0.31713703703703705,valid,600x450,600x450
IL_1181749,IL_1181749,/marimo/milk10k/MILK10k_Training_Input/IL_1181749/ISIC_7832392.jpg,/marimo/milk10k_train_masks/IL_1181749_dermoscopic_mask.png,0.38688518518518517,valid,600x450,600x450
IL_1184743,IL_1184743,/marimo/milk10k/MILK10k_Training_Input/IL_1184743/ISIC_7821150.jpg,/marimo/milk10k_train_masks/IL_1184743_dermoscopic_mask.png,0.13512592592592593,valid,600x450,600x450
IL_1185786,IL_1185786,/marimo/milk10k/MILK10k_Training_Input/IL_1185786/ISIC_9700218.jpg,/marimo/milk10k_train_masks/IL_1185786_dermoscopic_mask.png,0.11032222222222222,valid,600x450,600x450
IL_1187197,IL_1187197,/marimo/milk10k/MILK10k_Training_Input/IL_1187197/ISIC_7713646.jpg,/marimo/milk10k_train_masks/IL_1187197_dermoscopic_mask.png,0.09578148148148148,valid,600x450,600x450
IL_1188935,IL_1188935,/marimo/milk10k/MILK10k_Training_Input/IL_1188935/ISIC_5836698.jpg,/marimo/milk10k_train_masks/IL_1188935_dermoscopic_mask.png,0.4051592592592593,valid,600x450,600x450
IL_1192220,IL_1192220,/marimo/milk10k/MILK10k_Training_Input/IL_1192220/ISIC_2321009.jpg,/marimo/milk10k_train_masks/IL_1192220_dermoscopic_mask.png,0.42587037037037034,valid,600x450,600x450
IL_1203056,IL_1203056,/marimo/milk10k/MILK10k_Training_Input/IL_1203056/ISIC_4679707.jpg,/marimo/milk10k_train_masks/IL_1203056_dermoscopic_mask.png,0.5329111111111111,valid,600x450,600x450
IL_1207845,IL_1207845,/marimo/milk10k/MILK10k_Training_Input/IL_1207845/ISIC_0686612.jpg,/marimo/milk10k_train_masks/IL_1207845_dermoscopic_mask.png,0.15284444444444445,valid,600x450,600x450
IL_1209024,IL_1209024,/marimo/milk10k/MILK10k_Training_Input/IL_1209024/ISIC_8976041.jpg,/marimo/milk10k_train_masks/IL_1209024_dermoscopic_mask.png,0.14327407407407408,valid,600x450,600x450
IL_1211911,IL_1211911,/marimo/milk10k/MILK10k_Training_Input/IL_1211911/ISIC_9003113.jpg,/marimo/milk10k_train_masks/IL_1211911_dermoscopic_mask.png,0.13721481481481482,valid,600x450,600x450
IL_1212389,IL_1212389,/marimo/milk10k/MILK10k_Training_Input/IL_1212389/ISIC_7656591.jpg,/marimo/milk10k_train_masks/IL_1212389_dermoscopic_mask.png,0.37479259259259257,valid,600x450,600x450
IL_1214545,IL_1214545,/marimo/milk10k/MILK10k_Training_Input/IL_1214545/ISIC_7320276.jpg,/marimo/milk10k_train_masks/IL_1214545_dermoscopic_mask.png,0.1521962962962963,valid,600x450,600x450
IL_1218660,IL_1218660,/marimo/milk10k/MILK10k_Training_Input/IL_1218660/ISIC_3185277.jpg,/marimo/milk10k_train_masks/IL_1218660_dermoscopic_mask.png,0.04727407407407407,valid,600x450,600x450
IL_1222046,IL_1222046,/marimo/milk10k/MILK10k_Training_Input/IL_1222046/ISIC_4385584.jpg,/marimo/milk10k_train_masks/IL_1222046_dermoscopic_mask.png,0.054014814814814814,valid,600x450,600x450
IL_1222860,IL_1222860,/marimo/milk10k/MILK10k_Training_Input/IL_1222860/ISIC_4885574.jpg,/marimo/milk10k_train_masks/IL_1222860_dermoscopic_mask.png,0.3488962962962963,valid,600x450,600x450
IL_1223574,IL_1223574,/marimo/milk10k/MILK10k_Training_Input/IL_1223574/ISIC_8365405.jpg,/marimo/milk10k_train_masks/IL_1223574_dermoscopic_mask.png,0.6566518518518518,valid,600x450,600x450
IL_1225900,IL_1225900,/marimo/milk10k/MILK10k_Training_Input/IL_1225900/ISIC_2847750.jpg,/marimo/milk10k_train_masks/IL_1225900_dermoscopic_mask.png,0.2803259259259259,valid,600x450,600x450
IL_1230964,IL_1230964,/marimo/milk10k/MILK10k_Training_Input/IL_1230964/ISIC_6582004.jpg,/marimo/milk10k_train_masks/IL_1230964_dermoscopic_mask.png,0.583062962962963,valid,600x450,600x450
IL_1238733,IL_1238733,/marimo/milk10k/MILK10k_Training_Input/IL_1238733/ISIC_0780574.jpg,/marimo/milk10k_train_masks/IL_1238733_dermoscopic_mask.png,0.03771111111111111,valid,600x450,600x450
IL_1239256,IL_1239256,/marimo/milk10k/MILK10k_Training_Input/IL_1239256/ISIC_7604705.jpg,/marimo/milk10k_train_masks/IL_1239256_dermoscopic_mask.png,0.30365925925925924,valid,600x450,600x450
IL_1240049,IL_1240049,/marimo/milk10k/MILK10k_Training_Input/IL_1240049/ISIC_8307786.jpg,/marimo/milk10k_train_masks/IL_1240049_dermoscopic_mask.png,0.526862962962963,valid,600x450,600x450
IL_1242369,IL_1242369,/marimo/milk10k/MILK10k_Training_Input/IL_1242369/ISIC_2851725.jpg,/marimo/milk10k_train_masks/IL_1242369_dermoscopic_mask.png,0.5189074074074074,valid,600x450,600x450
IL_1243946,IL_1243946,/marimo/milk10k/MILK10k_Training_Input/IL_1243946/ISIC_7965372.jpg,/marimo/milk10k_train_masks/IL_1243946_dermoscopic_mask.png,0.12806666666666666,valid,600x450,600x450
IL_1249286,IL_1249286,/marimo/milk10k/MILK10k_Training_Input/IL_1249286/ISIC_8436767.jpg,/marimo/milk10k_train_masks/IL_1249286_dermoscopic_mask.png,0.34607037037037036,valid,600x450,600x450
IL_1251030,IL_1251030,/marimo/milk10k/MILK10k_Training_Input/IL_1251030/ISIC_4381662.jpg,/marimo/milk10k_train_masks/IL_1251030_dermoscopic_mask.png,0.5260111111111111,valid,600x450,600x450
IL_1252231,IL_1252231,/marimo/milk10k/MILK10k_Training_Input/IL_1252231/ISIC_5373218.jpg,/marimo/milk10k_train_masks/IL_1252231_dermoscopic_mask.png,0.5021740740740741,valid,600x450,600x450
IL_1253074,IL_1253074,/marimo/milk10k/MILK10k_Training_Input/IL_1253074/ISIC_1090781.jpg,/marimo/milk10k_train_masks/IL_1253074_dermoscopic_mask.png,0.31347407407407407,valid,600x450,600x450
IL_1254806,IL_1254806,/marimo/milk10k/MILK10k_Training_Input/IL_1254806/ISIC_8260850.jpg,/marimo/milk10k_train_masks/IL_1254806_dermoscopic_mask.png,0.32934074074074077,valid,600x450,600x450
IL_1259120,IL_1259120,/marimo/milk10k/MILK10k_Training_Input/IL_1259120/ISIC_7362585.jpg,/marimo/milk10k_train_masks/IL_1259120_dermoscopic_mask.png,0.09026296296296296,valid,600x450,600x450
IL_1263439,IL_1263439,/marimo/milk10k/MILK10k_Training_Input/IL_1263439/ISIC_2100757.jpg,/marimo/milk10k_train_masks/IL_1263439_dermoscopic_mask.png,0.22647407407407408,valid,600x450,600x450
IL_1263840,IL_1263840,/marimo/milk10k/MILK10k_Training_Input/IL_1263840/ISIC_8839329.jpg,/marimo/milk10k_train_masks/IL_1263840_dermoscopic_mask.png,0.2645740740740741,valid,600x450,600x450
IL_1264405,IL_1264405,/marimo/milk10k/MILK10k_Training_Input/IL_1264405/ISIC_2235918.jpg,/marimo/milk10k_train_masks/IL_1264405_dermoscopic_mask.png,0.0690925925925926,valid,600x450,600x450
IL_1267317,IL_1267317,/marimo/milk10k/MILK10k_Training_Input/IL_1267317/ISIC_9560618.jpg,/marimo/milk10k_train_masks/IL_1267317_dermoscopic_mask.png,0.09395555555555556,valid,600x450,600x450
IL_1272138,IL_1272138,/marimo/milk10k/MILK10k_Training_Input/IL_1272138/ISIC_4429544.jpg,/marimo/milk10k_train_masks/IL_1272138_dermoscopic_mask.png,0.3753888888888889,valid,600x450,600x450
IL_1272170,IL_1272170,/marimo/milk10k/MILK10k_Training_Input/IL_1272170/ISIC_6771998.jpg,/marimo/milk10k_train_masks/IL_1272170_dermoscopic_mask.png,0.18475555555555556,valid,600x450,600x450
IL_1273535,IL_1273535,/marimo/milk10k/MILK10k_Training_Input/IL_1273535/ISIC_7630309.jpg,/marimo/milk10k_train_masks/IL_1273535_dermoscopic_mask.png,0.3302962962962963,valid,600x450,600x450
IL_1274050,IL_1274050,/marimo/milk10k/MILK10k_Training_Input/IL_1274050/ISIC_6470630.jpg,/marimo/milk10k_train_masks/IL_1274050_dermoscopic_mask.png,0.6326222222222222,valid,600x450,600x450
IL_1274055,IL_1274055,/marimo/milk10k/MILK10k_Training_Input/IL_1274055/ISIC_1724838.jpg,/marimo/milk10k_train_masks/IL_1274055_dermoscopic_mask.png,0.2851185185185185,valid,600x450,600x450
IL_1275816,IL_1275816,/marimo/milk10k/MILK10k_Training_Input/IL_1275816/ISIC_5047162.jpg,/marimo/milk10k_train_masks/IL_1275816_dermoscopic_mask.png,0.36554444444444445,valid,600x450,600x450
IL_1277363,IL_1277363,/marimo/milk10k/MILK10k_Training_Input/IL_1277363/ISIC_1373637.jpg,/marimo/milk10k_train_masks/IL_1277363_dermoscopic_mask.png,0.5542259259259259,valid,600x450,600x450
IL_1280440,IL_1280440,/marimo/milk10k/MILK10k_Training_Input/IL_1280440/ISIC_0640031.jpg,/marimo/milk10k_train_masks/IL_1280440_dermoscopic_mask.png,0.29252962962962964,valid,600x450,600x450
IL_1281940,IL_1281940,/marimo/milk10k/MILK10k_Training_Input/IL_1281940/ISIC_7482467.jpg,/marimo/milk10k_train_masks/IL_1281940_dermoscopic_mask.png,0.1904962962962963,valid,600x450,600x450
IL_1283249,IL_1283249,/marimo/milk10k/MILK10k_Training_Input/IL_1283249/ISIC_6970909.jpg,/marimo/milk10k_train_masks/IL_1283249_dermoscopic_mask.png,0.2682851851851852,valid,600x450,600x450
IL_1286984,IL_1286984,/marimo/milk10k/MILK10k_Training_Input/IL_1286984/ISIC_3094215.jpg,/marimo/milk10k_train_masks/IL_1286984_dermoscopic_mask.png,0.25162222222222225,valid,600x450,600x450
IL_1287592,IL_1287592,/marimo/milk10k/MILK10k_Training_Input/IL_1287592/ISIC_2093906.jpg,/marimo/milk10k_train_masks/IL_1287592_dermoscopic_mask.png,0.3639222222222222,valid,600x450,600x450
IL_1288672,IL_1288672,/marimo/milk10k/MILK10k_Training_Input/IL_1288672/ISIC_4729676.jpg,/marimo/milk10k_train_masks/IL_1288672_dermoscopic_mask.png,0.04065185185185185,valid,600x450,600x450
IL_1289201,IL_1289201,/marimo/milk10k/MILK10k_Training_Input/IL_1289201/ISIC_9989889.jpg,/marimo/milk10k_train_masks/IL_1289201_dermoscopic_mask.png,0.28413333333333335,valid,600x450,600x450
IL_1293344,IL_1293344,/marimo/milk10k/MILK10k_Training_Input/IL_1293344/ISIC_3028893.jpg,/marimo/milk10k_train_masks/IL_1293344_dermoscopic_mask.png,0.5241259259259259,valid,600x450,600x450
IL_1293524,IL_1293524,/marimo/milk10k/MILK10k_Training_Input/IL_1293524/ISIC_8031107.jpg,/marimo/milk10k_train_masks/IL_1293524_dermoscopic_mask.png,0.2758037037037037,valid,600x450,600x450
IL_1300499,IL_1300499,/marimo/milk10k/MILK10k_Training_Input/IL_1300499/ISIC_4282506.jpg,/marimo/milk10k_train_masks/IL_1300499_dermoscopic_mask.png,0.3852074074074074,valid,600x450,600x450
IL_1300657,IL_1300657,/marimo/milk10k/MILK10k_Training_Input/IL_1300657/ISIC_1237960.jpg,/marimo/milk10k_train_masks/IL_1300657_dermoscopic_mask.png,0.35146666666666665,valid,600x450,600x450
IL_1303481,IL_1303481,/marimo/milk10k/MILK10k_Training_Input/IL_1303481/ISIC_7388680.jpg,/marimo/milk10k_train_masks/IL_1303481_dermoscopic_mask.png,0.3457925925925926,valid,600x450,600x450
IL_1303773,IL_1303773,/marimo/milk10k/MILK10k_Training_Input/IL_1303773/ISIC_7668131.jpg,/marimo/milk10k_train_masks/IL_1303773_dermoscopic_mask.png,0.46874444444444446,valid,600x450,600x450
IL_1304235,IL_1304235,/marimo/milk10k/MILK10k_Training_Input/IL_1304235/ISIC_3730545.jpg,/marimo/milk10k_train_masks/IL_1304235_dermoscopic_mask.png,0.21877777777777777,valid,600x450,600x450
IL_1305031,IL_1305031,/marimo/milk10k/MILK10k_Training_Input/IL_1305031/ISIC_4857268.jpg,/marimo/milk10k_train_masks/IL_1305031_dermoscopic_mask.png,0.1682925925925926,valid,600x450,600x450
IL_1311157,IL_1311157,/marimo/milk10k/MILK10k_Training_Input/IL_1311157/ISIC_3504270.jpg,/marimo/milk10k_train_masks/IL_1311157_dermoscopic_mask.png,0.22552222222222224,valid,600x450,600x450
IL_1313145,IL_1313145,/marimo/milk10k/MILK10k_Training_Input/IL_1313145/ISIC_2846167.jpg,/marimo/milk10k_train_masks/IL_1313145_dermoscopic_mask.png,0.3194592592592593,valid,600x450,600x450
IL_1313650,IL_1313650,/marimo/milk10k/MILK10k_Training_Input/IL_1313650/ISIC_0958356.jpg,/marimo/milk10k_train_masks/IL_1313650_dermoscopic_mask.png,0.37246296296296294,valid,600x450,600x450
IL_1314107,IL_1314107,/marimo/milk10k/MILK10k_Training_Input/IL_1314107/ISIC_6028688.jpg,/marimo/milk10k_train_masks/IL_1314107_dermoscopic_mask.png,0.38584444444444443,valid,600x450,600x450
IL_1314812,IL_1314812,/marimo/milk10k/MILK10k_Training_Input/IL_1314812/ISIC_8944107.jpg,/marimo/milk10k_train_masks/IL_1314812_dermoscopic_mask.png,0.32681481481481484,valid,600x450,600x450
IL_1314832,IL_1314832,/marimo/milk10k/MILK10k_Training_Input/IL_1314832/ISIC_9945392.jpg,/marimo/milk10k_train_masks/IL_1314832_dermoscopic_mask.png,0.1804,valid,600x450,600x450
IL_1319352,IL_1319352,/marimo/milk10k/MILK10k_Training_Input/IL_1319352/ISIC_8812260.jpg,/marimo/milk10k_train_masks/IL_1319352_dermoscopic_mask.png,0.1313888888888889,valid,600x450,600x450
IL_1320390,IL_1320390,/marimo/milk10k/MILK10k_Training_Input/IL_1320390/ISIC_2930366.jpg,/marimo/milk10k_train_masks/IL_1320390_dermoscopic_mask.png,0.4184185185185185,valid,600x450,600x450
IL_1320717,IL_1320717,/marimo/milk10k/MILK10k_Training_Input/IL_1320717/ISIC_7359025.jpg,/marimo/milk10k_train_masks/IL_1320717_dermoscopic_mask.png,0.1280888888888889,valid,600x450,600x450
IL_1322770,IL_1322770,/marimo/milk10k/MILK10k_Training_Input/IL_1322770/ISIC_9744084.jpg,/marimo/milk10k_train_masks/IL_1322770_dermoscopic_mask.png,0.2632703703703704,valid,600x450,600x450
IL_1326669,IL_1326669,/marimo/milk10k/MILK10k_Training_Input/IL_1326669/ISIC_9092057.jpg,/marimo/milk10k_train_masks/IL_1326669_dermoscopic_mask.png,0.2922074074074074,valid,600x450,600x450
IL_1327367,IL_1327367,/marimo/milk10k/MILK10k_Training_Input/IL_1327367/ISIC_9411450.jpg,/marimo/milk10k_train_masks/IL_1327367_dermoscopic_mask.png,0.09490740740740741,valid,600x450,600x450
IL_1328121,IL_1328121,/marimo/milk10k/MILK10k_Training_Input/IL_1328121/ISIC_0812574.jpg,/marimo/milk10k_train_masks/IL_1328121_dermoscopic_mask.png,0.8896888888888889,valid,600x450,600x450
IL_1330840,IL_1330840,/marimo/milk10k/MILK10k_Training_Input/IL_1330840/ISIC_8516115.jpg,/marimo/milk10k_train_masks/IL_1330840_dermoscopic_mask.png,0.08243703703703703,valid,600x450,600x450
IL_1332909,IL_1332909,/marimo/milk10k/MILK10k_Training_Input/IL_1332909/ISIC_1795097.jpg,/marimo/milk10k_train_masks/IL_1332909_dermoscopic_mask.png,0.48373333333333335,valid,600x450,600x450
IL_1334935,IL_1334935,/marimo/milk10k/MILK10k_Training_Input/IL_1334935/ISIC_3597945.jpg,/marimo/milk10k_train_masks/IL_1334935_dermoscopic_mask.png,0.3934888888888889,valid,600x450,600x450
IL_1337093,IL_1337093,/marimo/milk10k/MILK10k_Training_Input/IL_1337093/ISIC_0822220.jpg,/marimo/milk10k_train_masks/IL_1337093_dermoscopic_mask.png,0.6771333333333334,valid,600x450,600x450
IL_1337756,IL_1337756,/marimo/milk10k/MILK10k_Training_Input/IL_1337756/ISIC_0174755.jpg,/marimo/milk10k_train_masks/IL_1337756_dermoscopic_mask.png,0.11546296296296296,valid,600x450,600x450
IL_1339596,IL_1339596,/marimo/milk10k/MILK10k_Training_Input/IL_1339596/ISIC_1150454.jpg,/marimo/milk10k_train_masks/IL_1339596_dermoscopic_mask.png,0.3491666666666667,valid,600x450,600x450
IL_1345766,IL_1345766,/marimo/milk10k/MILK10k_Training_Input/IL_1345766/ISIC_0423217.jpg,/marimo/milk10k_train_masks/IL_1345766_dermoscopic_mask.png,0.4757148148148148,valid,600x450,600x450
IL_1346442,IL_1346442,/marimo/milk10k/MILK10k_Training_Input/IL_1346442/ISIC_8430655.jpg,/marimo/milk10k_train_masks/IL_1346442_dermoscopic_mask.png,0.2985185185185185,valid,600x450,600x450
IL_1348391,IL_1348391,/marimo/milk10k/MILK10k_Training_Input/IL_1348391/ISIC_9586937.jpg,/marimo/milk10k_train_masks/IL_1348391_dermoscopic_mask.png,0.052951851851851854,valid,600x450,600x450
IL_1350763,IL_1350763,/marimo/milk10k/MILK10k_Training_Input/IL_1350763/ISIC_5092515.jpg,/marimo/milk10k_train_masks/IL_1350763_dermoscopic_mask.png,0.633137037037037,valid,600x450,600x450
IL_1351587,IL_1351587,/marimo/milk10k/MILK10k_Training_Input/IL_1351587/ISIC_1326309.jpg,/marimo/milk10k_train_masks/IL_1351587_dermoscopic_mask.png,0.38192592592592595,valid,600x450,600x450
IL_1353481,IL_1353481,/marimo/milk10k/MILK10k_Training_Input/IL_1353481/ISIC_4442146.jpg,/marimo/milk10k_train_masks/IL_1353481_dermoscopic_mask.png,0.1418111111111111,valid,600x450,600x450
IL_1353803,IL_1353803,/marimo/milk10k/MILK10k_Training_Input/IL_1353803/ISIC_5995935.jpg,/marimo/milk10k_train_masks/IL_1353803_dermoscopic_mask.png,0.40621111111111113,valid,600x450,600x450
IL_1355090,IL_1355090,/marimo/milk10k/MILK10k_Training_Input/IL_1355090/ISIC_6023245.jpg,/marimo/milk10k_train_masks/IL_1355090_dermoscopic_mask.png,0.09582962962962963,valid,600x450,600x450
IL_1356310,IL_1356310,/marimo/milk10k/MILK10k_Training_Input/IL_1356310/ISIC_4471113.jpg,/marimo/milk10k_train_masks/IL_1356310_dermoscopic_mask.png,0.20888518518518517,valid,600x450,600x450
IL_1361358,IL_1361358,/marimo/milk10k/MILK10k_Training_Input/IL_1361358/ISIC_2832853.jpg,/marimo/milk10k_train_masks/IL_1361358_dermoscopic_mask.png,0.5401148148148148,valid,600x450,600x450
IL_1364035,IL_1364035,/marimo/milk10k/MILK10k_Training_Input/IL_1364035/ISIC_4875335.jpg,/marimo/milk10k_train_masks/IL_1364035_dermoscopic_mask.png,0.6185518518518518,valid,600x450,600x450
IL_1366322,IL_1366322,/marimo/milk10k/MILK10k_Training_Input/IL_1366322/ISIC_1209022.jpg,/marimo/milk10k_train_masks/IL_1366322_dermoscopic_mask.png,0.10247777777777778,valid,600x450,600x450
IL_1367516,IL_1367516,/marimo/milk10k/MILK10k_Training_Input/IL_1367516/ISIC_0442866.jpg,/marimo/milk10k_train_masks/IL_1367516_dermoscopic_mask.png,0.34577407407407407,valid,600x450,600x450
IL_1370183,IL_1370183,/marimo/milk10k/MILK10k_Training_Input/IL_1370183/ISIC_1014424.jpg,/marimo/milk10k_train_masks/IL_1370183_dermoscopic_mask.png,0.6217111111111111,valid,600x450,600x450
IL_1378003,IL_1378003,/marimo/milk10k/MILK10k_Training_Input/IL_1378003/ISIC_8312363.jpg,/marimo/milk10k_train_masks/IL_1378003_dermoscopic_mask.png,0.21860740740740742,valid,600x450,600x450
IL_1379461,IL_1379461,/marimo/milk10k/MILK10k_Training_Input/IL_1379461/ISIC_3304699.jpg,/marimo/milk10k_train_masks/IL_1379461_dermoscopic_mask.png,0.3799296296296296,valid,600x450,600x450
IL_1381975,IL_1381975,/marimo/milk10k/MILK10k_Training_Input/IL_1381975/ISIC_6325623.jpg,/marimo/milk10k_train_masks/IL_1381975_dermoscopic_mask.png,0.5597740740740741,valid,600x450,600x450
IL_1387239,IL_1387239,/marimo/milk10k/MILK10k_Training_Input/IL_1387239/ISIC_9468437.jpg,/marimo/milk10k_train_masks/IL_1387239_dermoscopic_mask.png,0.0546037037037037,valid,600x450,600x450
IL_1391368,IL_1391368,/marimo/milk10k/MILK10k_Training_Input/IL_1391368/ISIC_2418437.jpg,/marimo/milk10k_train_masks/IL_1391368_dermoscopic_mask.png,0.18021481481481483,valid,600x450,600x450
IL_1391471,IL_1391471,/marimo/milk10k/MILK10k_Training_Input/IL_1391471/ISIC_4984469.jpg,/marimo/milk10k_train_masks/IL_1391471_dermoscopic_mask.png,0.37887037037037036,valid,600x450,600x450
IL_1392309,IL_1392309,/marimo/milk10k/MILK10k_Training_Input/IL_1392309/ISIC_4204828.jpg,/marimo/milk10k_train_masks/IL_1392309_dermoscopic_mask.png,0.05881111111111111,valid,600x450,600x450
IL_1393183,IL_1393183,/marimo/milk10k/MILK10k_Training_Input/IL_1393183/ISIC_7464071.jpg,/marimo/milk10k_train_masks/IL_1393183_dermoscopic_mask.png,0.22668888888888888,valid,600x450,600x450
IL_1393586,IL_1393586,/marimo/milk10k/MILK10k_Training_Input/IL_1393586/ISIC_3178945.jpg,/marimo/milk10k_train_masks/IL_1393586_dermoscopic_mask.png,0.2769259259259259,valid,600x450,600x450
IL_1393794,IL_1393794,/marimo/milk10k/MILK10k_Training_Input/IL_1393794/ISIC_1409004.jpg,/marimo/milk10k_train_masks/IL_1393794_dermoscopic_mask.png,0.14007777777777777,valid,600x450,600x450
IL_1394947,IL_1394947,/marimo/milk10k/MILK10k_Training_Input/IL_1394947/ISIC_2824759.jpg,/marimo/milk10k_train_masks/IL_1394947_dermoscopic_mask.png,0.4266888888888889,valid,600x450,600x450
IL_1396679,IL_1396679,/marimo/milk10k/MILK10k_Training_Input/IL_1396679/ISIC_9275120.jpg,/marimo/milk10k_train_masks/IL_1396679_dermoscopic_mask.png,0.4068851851851852,valid,600x450,600x450
IL_1397250,IL_1397250,/marimo/milk10k/MILK10k_Training_Input/IL_1397250/ISIC_2322494.jpg,/marimo/milk10k_train_masks/IL_1397250_dermoscopic_mask.png,0.33512592592592594,valid,600x450,600x450
IL_1397522,IL_1397522,/marimo/milk10k/MILK10k_Training_Input/IL_1397522/ISIC_2590426.jpg,/marimo/milk10k_train_masks/IL_1397522_dermoscopic_mask.png,0.12795185185185184,valid,600x450,600x450
IL_1399100,IL_1399100,/marimo/milk10k/MILK10k_Training_Input/IL_1399100/ISIC_2827093.jpg,/marimo/milk10k_train_masks/IL_1399100_dermoscopic_mask.png,0.14212962962962963,valid,600x450,600x450
IL_1403088,IL_1403088,/marimo/milk10k/MILK10k_Training_Input/IL_1403088/ISIC_6367931.jpg,/marimo/milk10k_train_masks/IL_1403088_dermoscopic_mask.png,0.6560259259259259,valid,600x450,600x450
IL_1404122,IL_1404122,/marimo/milk10k/MILK10k_Training_Input/IL_1404122/ISIC_0101767.jpg,/marimo/milk10k_train_masks/IL_1404122_dermoscopic_mask.png,0.32876666666666665,valid,600x450,600x450
IL_1404405,IL_1404405,/marimo/milk10k/MILK10k_Training_Input/IL_1404405/ISIC_7811672.jpg,/marimo/milk10k_train_masks/IL_1404405_dermoscopic_mask.png,0.2546333333333333,valid,600x450,600x450
IL_1405632,IL_1405632,/marimo/milk10k/MILK10k_Training_Input/IL_1405632/ISIC_5089274.jpg,/marimo/milk10k_train_masks/IL_1405632_dermoscopic_mask.png,0.3393074074074074,valid,600x450,600x450
IL_1405890,IL_1405890,/marimo/milk10k/MILK10k_Training_Input/IL_1405890/ISIC_1653953.jpg,/marimo/milk10k_train_masks/IL_1405890_dermoscopic_mask.png,0.6828481481481481,valid,600x450,600x450
IL_1406578,IL_1406578,/marimo/milk10k/MILK10k_Training_Input/IL_1406578/ISIC_6672065.jpg,/marimo/milk10k_train_masks/IL_1406578_dermoscopic_mask.png,0.16093703703703705,valid,600x450,600x450
IL_1407853,IL_1407853,/marimo/milk10k/MILK10k_Training_Input/IL_1407853/ISIC_9030826.jpg,/marimo/milk10k_train_masks/IL_1407853_dermoscopic_mask.png,0.29964444444444444,valid,600x450,600x450
IL_1409066,IL_1409066,/marimo/milk10k/MILK10k_Training_Input/IL_1409066/ISIC_8549775.jpg,/marimo/milk10k_train_masks/IL_1409066_dermoscopic_mask.png,0.24143703703703703,valid,600x450,600x450
IL_1413445,IL_1413445,/marimo/milk10k/MILK10k_Training_Input/IL_1413445/ISIC_7523542.jpg,/marimo/milk10k_train_masks/IL_1413445_dermoscopic_mask.png,0.24455925925925925,valid,600x450,600x450
IL_1416084,IL_1416084,/marimo/milk10k/MILK10k_Training_Input/IL_1416084/ISIC_2440983.jpg,/marimo/milk10k_train_masks/IL_1416084_dermoscopic_mask.png,0.32306666666666667,valid,600x450,600x450
IL_1418098,IL_1418098,/marimo/milk10k/MILK10k_Training_Input/IL_1418098/ISIC_0735025.jpg,/marimo/milk10k_train_masks/IL_1418098_dermoscopic_mask.png,0.3345,valid,600x450,600x450
IL_1418511,IL_1418511,/marimo/milk10k/MILK10k_Training_Input/IL_1418511/ISIC_1817453.jpg,/marimo/milk10k_train_masks/IL_1418511_dermoscopic_mask.png,0.2904333333333333,valid,600x450,600x450
IL_1418667,IL_1418667,/marimo/milk10k/MILK10k_Training_Input/IL_1418667/ISIC_2987179.jpg,/marimo/milk10k_train_masks/IL_1418667_dermoscopic_mask.png,0.6056703703703704,valid,600x450,600x450
IL_1418796,IL_1418796,/marimo/milk10k/MILK10k_Training_Input/IL_1418796/ISIC_2645530.jpg,/marimo/milk10k_train_masks/IL_1418796_dermoscopic_mask.png,0.49184074074074075,valid,600x450,600x450
IL_1422027,IL_1422027,/marimo/milk10k/MILK10k_Training_Input/IL_1422027/ISIC_6730946.jpg,/marimo/milk10k_train_masks/IL_1422027_dermoscopic_mask.png,0.24954074074074073,valid,600x450,600x450
IL_1423650,IL_1423650,/marimo/milk10k/MILK10k_Training_Input/IL_1423650/ISIC_7945457.jpg,/marimo/milk10k_train_masks/IL_1423650_dermoscopic_mask.png,0.6280259259259259,valid,600x450,600x450
IL_1427039,IL_1427039,/marimo/milk10k/MILK10k_Training_Input/IL_1427039/ISIC_2220505.jpg,/marimo/milk10k_train_masks/IL_1427039_dermoscopic_mask.png,0.14886296296296297,valid,600x450,600x450
IL_1427561,IL_1427561,/marimo/milk10k/MILK10k_Training_Input/IL_1427561/ISIC_0700335.jpg,/marimo/milk10k_train_masks/IL_1427561_dermoscopic_mask.png,0.08134814814814814,valid,600x450,600x450
IL_1434019,IL_1434019,/marimo/milk10k/MILK10k_Training_Input/IL_1434019/ISIC_3687721.jpg,/marimo/milk10k_train_masks/IL_1434019_dermoscopic_mask.png,0.33345185185185183,valid,600x450,600x450
IL_1436809,IL_1436809,/marimo/milk10k/MILK10k_Training_Input/IL_1436809/ISIC_3469837.jpg,/marimo/milk10k_train_masks/IL_1436809_dermoscopic_mask.png,0.408,valid,600x450,600x450
IL_1437147,IL_1437147,/marimo/milk10k/MILK10k_Training_Input/IL_1437147/ISIC_8783624.jpg,/marimo/milk10k_train_masks/IL_1437147_dermoscopic_mask.png,0.2518666666666667,valid,600x450,600x450
IL_1438127,IL_1438127,/marimo/milk10k/MILK10k_Training_Input/IL_1438127/ISIC_4934707.jpg,/marimo/milk10k_train_masks/IL_1438127_dermoscopic_mask.png,0.29186666666666666,valid,600x450,600x450
IL_1438394,IL_1438394,/marimo/milk10k/MILK10k_Training_Input/IL_1438394/ISIC_1595455.jpg,/marimo/milk10k_train_masks/IL_1438394_dermoscopic_mask.png,0.31528518518518517,valid,600x450,600x450
IL_1438397,IL_1438397,/marimo/milk10k/MILK10k_Training_Input/IL_1438397/ISIC_0935658.jpg,/marimo/milk10k_train_masks/IL_1438397_dermoscopic_mask.png,0.2925888888888889,valid,600x450,600x450
IL_1439879,IL_1439879,/marimo/milk10k/MILK10k_Training_Input/IL_1439879/ISIC_8288141.jpg,/marimo/milk10k_train_masks/IL_1439879_dermoscopic_mask.png,0.4816111111111111,valid,600x450,600x450
IL_1441711,IL_1441711,/marimo/milk10k/MILK10k_Training_Input/IL_1441711/ISIC_5054841.jpg,/marimo/milk10k_train_masks/IL_1441711_dermoscopic_mask.png,0.13587777777777776,valid,600x450,600x450
IL_1442151,IL_1442151,/marimo/milk10k/MILK10k_Training_Input/IL_1442151/ISIC_9697273.jpg,/marimo/milk10k_train_masks/IL_1442151_dermoscopic_mask.png,0.3570962962962963,valid,600x450,600x450
IL_1443713,IL_1443713,/marimo/milk10k/MILK10k_Training_Input/IL_1443713/ISIC_7083773.jpg,/marimo/milk10k_train_masks/IL_1443713_dermoscopic_mask.png,0.1003962962962963,valid,600x450,600x450
IL_1445099,IL_1445099,/marimo/milk10k/MILK10k_Training_Input/IL_1445099/ISIC_5509679.jpg,/marimo/milk10k_train_masks/IL_1445099_dermoscopic_mask.png,0.3738148148148148,valid,600x450,600x450
IL_1446570,IL_1446570,/marimo/milk10k/MILK10k_Training_Input/IL_1446570/ISIC_5240279.jpg,/marimo/milk10k_train_masks/IL_1446570_dermoscopic_mask.png,0.2601888888888889,valid,600x450,600x450
IL_1448486,IL_1448486,/marimo/milk10k/MILK10k_Training_Input/IL_1448486/ISIC_7297776.jpg,/marimo/milk10k_train_masks/IL_1448486_dermoscopic_mask.png,0.3319740740740741,valid,600x450,600x450
IL_1452313,IL_1452313,/marimo/milk10k/MILK10k_Training_Input/IL_1452313/ISIC_6783253.jpg,/marimo/milk10k_train_masks/IL_1452313_dermoscopic_mask.png,0.5191740740740741,valid,600x450,600x450
IL_1453755,IL_1453755,/marimo/milk10k/MILK10k_Training_Input/IL_1453755/ISIC_0100523.jpg,/marimo/milk10k_train_masks/IL_1453755_dermoscopic_mask.png,0.07935555555555555,valid,600x450,600x450
IL_1456101,IL_1456101,/marimo/milk10k/MILK10k_Training_Input/IL_1456101/ISIC_5703250.jpg,/marimo/milk10k_train_masks/IL_1456101_dermoscopic_mask.png,0.5197777777777778,valid,600x450,600x450
IL_1461373,IL_1461373,/marimo/milk10k/MILK10k_Training_Input/IL_1461373/ISIC_2492745.jpg,/marimo/milk10k_train_masks/IL_1461373_dermoscopic_mask.png,0.24442592592592594,valid,600x450,600x450
IL_1468442,IL_1468442,/marimo/milk10k/MILK10k_Training_Input/IL_1468442/ISIC_1001492.jpg,/marimo/milk10k_train_masks/IL_1468442_dermoscopic_mask.png,0.2253777777777778,valid,600x450,600x450
IL_1469055,IL_1469055,/marimo/milk10k/MILK10k_Training_Input/IL_1469055/ISIC_5968779.jpg,/marimo/milk10k_train_masks/IL_1469055_dermoscopic_mask.png,0.19135925925925926,valid,600x450,600x450
IL_1470267,IL_1470267,/marimo/milk10k/MILK10k_Training_Input/IL_1470267/ISIC_7665103.jpg,/marimo/milk10k_train_masks/IL_1470267_dermoscopic_mask.png,0.2920037037037037,valid,600x450,600x450
IL_1470689,IL_1470689,/marimo/milk10k/MILK10k_Training_Input/IL_1470689/ISIC_9992299.jpg,/marimo/milk10k_train_masks/IL_1470689_dermoscopic_mask.png,0.22647777777777778,valid,600x450,600x450
IL_1477835,IL_1477835,/marimo/milk10k/MILK10k_Training_Input/IL_1477835/ISIC_7077229.jpg,/marimo/milk10k_train_masks/IL_1477835_dermoscopic_mask.png,0.33436666666666665,valid,600x450,600x450
IL_1478833,IL_1478833,/marimo/milk10k/MILK10k_Training_Input/IL_1478833/ISIC_7200761.jpg,/marimo/milk10k_train_masks/IL_1478833_dermoscopic_mask.png,0.44882962962962963,valid,600x450,600x450
IL_1479283,IL_1479283,/marimo/milk10k/MILK10k_Training_Input/IL_1479283/ISIC_5831158.jpg,/marimo/milk10k_train_masks/IL_1479283_dermoscopic_mask.png,0.11811851851851851,valid,600x450,600x450
IL_1480174,IL_1480174,/marimo/milk10k/MILK10k_Training_Input/IL_1480174/ISIC_2247564.jpg,/marimo/milk10k_train_masks/IL_1480174_dermoscopic_mask.png,0.1776962962962963,valid,600x450,600x450
IL_1482319,IL_1482319,/marimo/milk10k/MILK10k_Training_Input/IL_1482319/ISIC_6155449.jpg,/marimo/milk10k_train_masks/IL_1482319_dermoscopic_mask.png,0.5966222222222223,valid,600x450,600x450
IL_1484044,IL_1484044,/marimo/milk10k/MILK10k_Training_Input/IL_1484044/ISIC_7374556.jpg,/marimo/milk10k_train_masks/IL_1484044_dermoscopic_mask.png,0.15675185185185186,valid,600x450,600x450
IL_1485026,IL_1485026,/marimo/milk10k/MILK10k_Training_Input/IL_1485026/ISIC_0745953.jpg,/marimo/milk10k_train_masks/IL_1485026_dermoscopic_mask.png,0.29065185185185183,valid,600x450,600x450
IL_1486691,IL_1486691,/marimo/milk10k/MILK10k_Training_Input/IL_1486691/ISIC_0141634.jpg,/marimo/milk10k_train_masks/IL_1486691_dermoscopic_mask.png,0.2181925925925926,valid,600x450,600x450
IL_1492358,IL_1492358,/marimo/milk10k/MILK10k_Training_Input/IL_1492358/ISIC_0694740.jpg,/marimo/milk10k_train_masks/IL_1492358_dermoscopic_mask.png,0.23224814814814815,valid,600x450,600x450
IL_1495229,IL_1495229,/marimo/milk10k/MILK10k_Training_Input/IL_1495229/ISIC_3347493.jpg,/marimo/milk10k_train_masks/IL_1495229_dermoscopic_mask.png,0.17394444444444446,valid,600x450,600x450
IL_1496554,IL_1496554,/marimo/milk10k/MILK10k_Training_Input/IL_1496554/ISIC_2716900.jpg,/marimo/milk10k_train_masks/IL_1496554_dermoscopic_mask.png,0.7716962962962963,valid,600x450,600x450
IL_1500549,IL_1500549,/marimo/milk10k/MILK10k_Training_Input/IL_1500549/ISIC_9706117.jpg,/marimo/milk10k_train_masks/IL_1500549_dermoscopic_mask.png,0.4694185185185185,valid,600x450,600x450
IL_1501227,IL_1501227,/marimo/milk10k/MILK10k_Training_Input/IL_1501227/ISIC_7261525.jpg,/marimo/milk10k_train_masks/IL_1501227_dermoscopic_mask.png,0.6306518518518518,valid,600x450,600x450
IL_1501614,IL_1501614,/marimo/milk10k/MILK10k_Training_Input/IL_1501614/ISIC_6561654.jpg,/marimo/milk10k_train_masks/IL_1501614_dermoscopic_mask.png,0.02354074074074074,valid,600x450,600x450
IL_1504585,IL_1504585,/marimo/milk10k/MILK10k_Training_Input/IL_1504585/ISIC_5512440.jpg,/marimo/milk10k_train_masks/IL_1504585_dermoscopic_mask.png,0.5016444444444444,valid,600x450,600x450
IL_1504921,IL_1504921,/marimo/milk10k/MILK10k_Training_Input/IL_1504921/ISIC_7063713.jpg,/marimo/milk10k_train_masks/IL_1504921_dermoscopic_mask.png,0.21206666666666665,valid,600x450,600x450
IL_1509738,IL_1509738,/marimo/milk10k/MILK10k_Training_Input/IL_1509738/ISIC_9038494.jpg,/marimo/milk10k_train_masks/IL_1509738_dermoscopic_mask.png,0.5840185185185185,valid,600x450,600x450
IL_1509760,IL_1509760,/marimo/milk10k/MILK10k_Training_Input/IL_1509760/ISIC_5901436.jpg,/marimo/milk10k_train_masks/IL_1509760_dermoscopic_mask.png,0.3172740740740741,valid,600x450,600x450
IL_1510895,IL_1510895,/marimo/milk10k/MILK10k_Training_Input/IL_1510895/ISIC_4919090.jpg,/marimo/milk10k_train_masks/IL_1510895_dermoscopic_mask.png,0.2772925925925926,valid,600x450,600x450
IL_1510919,IL_1510919,/marimo/milk10k/MILK10k_Training_Input/IL_1510919/ISIC_5399025.jpg,/marimo/milk10k_train_masks/IL_1510919_dermoscopic_mask.png,0.5445629629629629,valid,600x450,600x450
IL_1511744,IL_1511744,/marimo/milk10k/MILK10k_Training_Input/IL_1511744/ISIC_4306480.jpg,/marimo/milk10k_train_masks/IL_1511744_dermoscopic_mask.png,0.26833703703703704,valid,600x450,600x450
IL_1512724,IL_1512724,/marimo/milk10k/MILK10k_Training_Input/IL_1512724/ISIC_7335595.jpg,/marimo/milk10k_train_masks/IL_1512724_dermoscopic_mask.png,0.08014814814814815,valid,600x450,600x450
IL_1515252,IL_1515252,/marimo/milk10k/MILK10k_Training_Input/IL_1515252/ISIC_3167917.jpg,/marimo/milk10k_train_masks/IL_1515252_dermoscopic_mask.png,0.6990518518518518,valid,600x450,600x450
IL_1517338,IL_1517338,/marimo/milk10k/MILK10k_Training_Input/IL_1517338/ISIC_2302262.jpg,/marimo/milk10k_train_masks/IL_1517338_dermoscopic_mask.png,0.2195,valid,600x450,600x450
IL_1524130,IL_1524130,/marimo/milk10k/MILK10k_Training_Input/IL_1524130/ISIC_8723221.jpg,/marimo/milk10k_train_masks/IL_1524130_dermoscopic_mask.png,0.2172925925925926,valid,600x450,600x450
IL_1528983,IL_1528983,/marimo/milk10k/MILK10k_Training_Input/IL_1528983/ISIC_7061593.jpg,/marimo/milk10k_train_masks/IL_1528983_dermoscopic_mask.png,0.17065555555555556,valid,600x450,600x450
IL_1529488,IL_1529488,/marimo/milk10k/MILK10k_Training_Input/IL_1529488/ISIC_3002045.jpg,/marimo/milk10k_train_masks/IL_1529488_dermoscopic_mask.png,0.06177777777777778,valid,600x450,600x450
IL_1530235,IL_1530235,/marimo/milk10k/MILK10k_Training_Input/IL_1530235/ISIC_2355114.jpg,/marimo/milk10k_train_masks/IL_1530235_dermoscopic_mask.png,0.24933703703703702,valid,600x450,600x450
IL_1535763,IL_1535763,/marimo/milk10k/MILK10k_Training_Input/IL_1535763/ISIC_7311133.jpg,/marimo/milk10k_train_masks/IL_1535763_dermoscopic_mask.png,0.16291481481481482,valid,600x450,600x450
IL_1537266,IL_1537266,/marimo/milk10k/MILK10k_Training_Input/IL_1537266/ISIC_6508139.jpg,/marimo/milk10k_train_masks/IL_1537266_dermoscopic_mask.png,0.3843185185185185,valid,600x450,600x450
IL_1538395,IL_1538395,/marimo/milk10k/MILK10k_Training_Input/IL_1538395/ISIC_8619763.jpg,/marimo/milk10k_train_masks/IL_1538395_dermoscopic_mask.png,0.06559629629629629,valid,600x450,600x450
IL_1538944,IL_1538944,/marimo/milk10k/MILK10k_Training_Input/IL_1538944/ISIC_0684627.jpg,/marimo/milk10k_train_masks/IL_1538944_dermoscopic_mask.png,0.4577925925925926,valid,600x450,600x450
IL_1539562,IL_1539562,/marimo/milk10k/MILK10k_Training_Input/IL_1539562/ISIC_0950495.jpg,/marimo/milk10k_train_masks/IL_1539562_dermoscopic_mask.png,0.31783703703703703,valid,600x450,600x450
IL_1539688,IL_1539688,/marimo/milk10k/MILK10k_Training_Input/IL_1539688/ISIC_8604474.jpg,/marimo/milk10k_train_masks/IL_1539688_dermoscopic_mask.png,0.5744814814814815,valid,600x450,600x450
IL_1543931,IL_1543931,/marimo/milk10k/MILK10k_Training_Input/IL_1543931/ISIC_8695455.jpg,/marimo/milk10k_train_masks/IL_1543931_dermoscopic_mask.png,0.12007037037037037,valid,600x450,600x450
IL_1544139,IL_1544139,/marimo/milk10k/MILK10k_Training_Input/IL_1544139/ISIC_2919752.jpg,/marimo/milk10k_train_masks/IL_1544139_dermoscopic_mask.png,0.16268518518518518,valid,600x450,600x450
IL_1546321,IL_1546321,/marimo/milk10k/MILK10k_Training_Input/IL_1546321/ISIC_5461210.jpg,/marimo/milk10k_train_masks/IL_1546321_dermoscopic_mask.png,0.1755925925925926,valid,600x450,600x450
IL_1549960,IL_1549960,/marimo/milk10k/MILK10k_Training_Input/IL_1549960/ISIC_7322599.jpg,/marimo/milk10k_train_masks/IL_1549960_dermoscopic_mask.png,0.2760740740740741,valid,600x450,600x450
IL_1555108,IL_1555108,/marimo/milk10k/MILK10k_Training_Input/IL_1555108/ISIC_4216061.jpg,/marimo/milk10k_train_masks/IL_1555108_dermoscopic_mask.png,0.22593333333333335,valid,600x450,600x450
IL_1556034,IL_1556034,/marimo/milk10k/MILK10k_Training_Input/IL_1556034/ISIC_7134919.jpg,/marimo/milk10k_train_masks/IL_1556034_dermoscopic_mask.png,0.15037037037037038,valid,600x450,600x450
IL_1557433,IL_1557433,/marimo/milk10k/MILK10k_Training_Input/IL_1557433/ISIC_1826564.jpg,/marimo/milk10k_train_masks/IL_1557433_dermoscopic_mask.png,0.1087962962962963,valid,600x450,600x450
IL_1558479,IL_1558479,/marimo/milk10k/MILK10k_Training_Input/IL_1558479/ISIC_2214376.jpg,/marimo/milk10k_train_masks/IL_1558479_dermoscopic_mask.png,0.5199962962962963,valid,600x450,600x450
IL_1558791,IL_1558791,/marimo/milk10k/MILK10k_Training_Input/IL_1558791/ISIC_0519768.jpg,/marimo/milk10k_train_masks/IL_1558791_dermoscopic_mask.png,0.19378148148148147,valid,600x450,600x450
IL_1559121,IL_1559121,/marimo/milk10k/MILK10k_Training_Input/IL_1559121/ISIC_6365088.jpg,/marimo/milk10k_train_masks/IL_1559121_dermoscopic_mask.png,0.38254444444444446,valid,600x450,600x450
IL_1561326,IL_1561326,/marimo/milk10k/MILK10k_Training_Input/IL_1561326/ISIC_3965502.jpg,/marimo/milk10k_train_masks/IL_1561326_dermoscopic_mask.png,0.13018888888888888,valid,600x450,600x450
IL_1562251,IL_1562251,/marimo/milk10k/MILK10k_Training_Input/IL_1562251/ISIC_4391227.jpg,/marimo/milk10k_train_masks/IL_1562251_dermoscopic_mask.png,0.3963851851851852,valid,600x450,600x450
IL_1564314,IL_1564314,/marimo/milk10k/MILK10k_Training_Input/IL_1564314/ISIC_9570770.jpg,/marimo/milk10k_train_masks/IL_1564314_dermoscopic_mask.png,0.7020814814814815,valid,600x450,600x450
IL_1565112,IL_1565112,/marimo/milk10k/MILK10k_Training_Input/IL_1565112/ISIC_1646339.jpg,/marimo/milk10k_train_masks/IL_1565112_dermoscopic_mask.png,0.2670592592592593,valid,600x450,600x450
IL_1565255,IL_1565255,/marimo/milk10k/MILK10k_Training_Input/IL_1565255/ISIC_0881507.jpg,/marimo/milk10k_train_masks/IL_1565255_dermoscopic_mask.png,0.2652555555555556,valid,600x450,600x450
IL_1565429,IL_1565429,/marimo/milk10k/MILK10k_Training_Input/IL_1565429/ISIC_9424882.jpg,/marimo/milk10k_train_masks/IL_1565429_dermoscopic_mask.png,0.1370925925925926,valid,600x450,600x450
IL_1567374,IL_1567374,/marimo/milk10k/MILK10k_Training_Input/IL_1567374/ISIC_5124607.jpg,/marimo/milk10k_train_masks/IL_1567374_dermoscopic_mask.png,0.1852111111111111,valid,600x450,600x450
IL_1567666,IL_1567666,/marimo/milk10k/MILK10k_Training_Input/IL_1567666/ISIC_8313343.jpg,/marimo/milk10k_train_masks/IL_1567666_dermoscopic_mask.png,0.44379259259259257,valid,600x450,600x450
IL_1569334,IL_1569334,/marimo/milk10k/MILK10k_Training_Input/IL_1569334/ISIC_1821539.jpg,/marimo/milk10k_train_masks/IL_1569334_dermoscopic_mask.png,0.45565555555555554,valid,600x450,600x450
IL_1569644,IL_1569644,/marimo/milk10k/MILK10k_Training_Input/IL_1569644/ISIC_1462492.jpg,/marimo/milk10k_train_masks/IL_1569644_dermoscopic_mask.png,0.18914444444444445,valid,600x450,600x450
IL_1571488,IL_1571488,/marimo/milk10k/MILK10k_Training_Input/IL_1571488/ISIC_4795806.jpg,/marimo/milk10k_train_masks/IL_1571488_dermoscopic_mask.png,0.36918518518518517,valid,600x450,600x450
IL_1571556,IL_1571556,/marimo/milk10k/MILK10k_Training_Input/IL_1571556/ISIC_8832843.jpg,/marimo/milk10k_train_masks/IL_1571556_dermoscopic_mask.png,0.4219851851851852,valid,600x450,600x450
IL_1572038,IL_1572038,/marimo/milk10k/MILK10k_Training_Input/IL_1572038/ISIC_0497851.jpg,/marimo/milk10k_train_masks/IL_1572038_dermoscopic_mask.png,0.19362592592592592,valid,600x450,600x450
IL_1572653,IL_1572653,/marimo/milk10k/MILK10k_Training_Input/IL_1572653/ISIC_4929586.jpg,/marimo/milk10k_train_masks/IL_1572653_dermoscopic_mask.png,0.12278148148148148,valid,600x450,600x450
IL_1575881,IL_1575881,/marimo/milk10k/MILK10k_Training_Input/IL_1575881/ISIC_7805699.jpg,/marimo/milk10k_train_masks/IL_1575881_dermoscopic_mask.png,0.22337037037037036,valid,600x450,600x450
IL_1575936,IL_1575936,/marimo/milk10k/MILK10k_Training_Input/IL_1575936/ISIC_5947248.jpg,/marimo/milk10k_train_masks/IL_1575936_dermoscopic_mask.png,0.22541851851851852,valid,600x450,600x450
IL_1576423,IL_1576423,/marimo/milk10k/MILK10k_Training_Input/IL_1576423/ISIC_6250232.jpg,/marimo/milk10k_train_masks/IL_1576423_dermoscopic_mask.png,0.40764814814814815,valid,600x450,600x450
IL_1577299,IL_1577299,/marimo/milk10k/MILK10k_Training_Input/IL_1577299/ISIC_9254710.jpg,/marimo/milk10k_train_masks/IL_1577299_dermoscopic_mask.png,0.5832444444444445,valid,600x450,600x450
IL_1577473,IL_1577473,/marimo/milk10k/MILK10k_Training_Input/IL_1577473/ISIC_9073665.jpg,/marimo/milk10k_train_masks/IL_1577473_dermoscopic_mask.png,0.21368148148148147,valid,600x450,600x450
IL_1587748,IL_1587748,/marimo/milk10k/MILK10k_Training_Input/IL_1587748/ISIC_2868713.jpg,/marimo/milk10k_train_masks/IL_1587748_dermoscopic_mask.png,0.1325,valid,600x450,600x450
IL_1592850,IL_1592850,/marimo/milk10k/MILK10k_Training_Input/IL_1592850/ISIC_9139090.jpg,/marimo/milk10k_train_masks/IL_1592850_dermoscopic_mask.png,0.1158962962962963,valid,600x450,600x450
IL_1595494,IL_1595494,/marimo/milk10k/MILK10k_Training_Input/IL_1595494/ISIC_2796878.jpg,/marimo/milk10k_train_masks/IL_1595494_dermoscopic_mask.png,0.24344074074074074,valid,600x450,600x450
IL_1595828,IL_1595828,/marimo/milk10k/MILK10k_Training_Input/IL_1595828/ISIC_4801832.jpg,/marimo/milk10k_train_masks/IL_1595828_dermoscopic_mask.png,0.32414814814814813,valid,600x450,600x450
IL_1601873,IL_1601873,/marimo/milk10k/MILK10k_Training_Input/IL_1601873/ISIC_8921695.jpg,/marimo/milk10k_train_masks/IL_1601873_dermoscopic_mask.png,0.28027407407407406,valid,600x450,600x450
IL_1606035,IL_1606035,/marimo/milk10k/MILK10k_Training_Input/IL_1606035/ISIC_7614845.jpg,/marimo/milk10k_train_masks/IL_1606035_dermoscopic_mask.png,0.41233333333333333,valid,600x450,600x450
IL_1606661,IL_1606661,/marimo/milk10k/MILK10k_Training_Input/IL_1606661/ISIC_2174727.jpg,/marimo/milk10k_train_masks/IL_1606661_dermoscopic_mask.png,0.4081222222222222,valid,600x450,600x450
IL_1608004,IL_1608004,/marimo/milk10k/MILK10k_Training_Input/IL_1608004/ISIC_8254063.jpg,/marimo/milk10k_train_masks/IL_1608004_dermoscopic_mask.png,0.3146407407407407,valid,600x450,600x450
IL_1608050,IL_1608050,/marimo/milk10k/MILK10k_Training_Input/IL_1608050/ISIC_2116783.jpg,/marimo/milk10k_train_masks/IL_1608050_dermoscopic_mask.png,0.39715555555555554,valid,600x450,600x450
IL_1608100,IL_1608100,/marimo/milk10k/MILK10k_Training_Input/IL_1608100/ISIC_2970971.jpg,/marimo/milk10k_train_masks/IL_1608100_dermoscopic_mask.png,0.1116962962962963,valid,600x450,600x450
IL_1609531,IL_1609531,/marimo/milk10k/MILK10k_Training_Input/IL_1609531/ISIC_5224246.jpg,/marimo/milk10k_train_masks/IL_1609531_dermoscopic_mask.png,0.2869333333333333,valid,600x450,600x450
IL_1609893,IL_1609893,/marimo/milk10k/MILK10k_Training_Input/IL_1609893/ISIC_0913438.jpg,/marimo/milk10k_train_masks/IL_1609893_dermoscopic_mask.png,0.4179925925925926,valid,600x450,600x450
IL_1610839,IL_1610839,/marimo/milk10k/MILK10k_Training_Input/IL_1610839/ISIC_9518414.jpg,/marimo/milk10k_train_masks/IL_1610839_dermoscopic_mask.png,0.21205925925925925,valid,600x450,600x450
IL_1611761,IL_1611761,/marimo/milk10k/MILK10k_Training_Input/IL_1611761/ISIC_7184709.jpg,/marimo/milk10k_train_masks/IL_1611761_dermoscopic_mask.png,0.6493148148148148,valid,600x450,600x450
IL_1612768,IL_1612768,/marimo/milk10k/MILK10k_Training_Input/IL_1612768/ISIC_0051817.jpg,/marimo/milk10k_train_masks/IL_1612768_dermoscopic_mask.png,0.6802222222222222,valid,600x450,600x450
IL_1615908,IL_1615908,/marimo/milk10k/MILK10k_Training_Input/IL_1615908/ISIC_7692464.jpg,/marimo/milk10k_train_masks/IL_1615908_dermoscopic_mask.png,0.5187518518518518,valid,600x450,600x450
IL_1617304,IL_1617304,/marimo/milk10k/MILK10k_Training_Input/IL_1617304/ISIC_1806373.jpg,/marimo/milk10k_train_masks/IL_1617304_dermoscopic_mask.png,0.2775851851851852,valid,600x450,600x450
IL_1618054,IL_1618054,/marimo/milk10k/MILK10k_Training_Input/IL_1618054/ISIC_3460141.jpg,/marimo/milk10k_train_masks/IL_1618054_dermoscopic_mask.png,0.23379259259259258,valid,600x450,600x450
IL_1618148,IL_1618148,/marimo/milk10k/MILK10k_Training_Input/IL_1618148/ISIC_7949818.jpg,/marimo/milk10k_train_masks/IL_1618148_dermoscopic_mask.png,0.38754814814814814,valid,600x450,600x450
IL_1618777,IL_1618777,/marimo/milk10k/MILK10k_Training_Input/IL_1618777/ISIC_5255131.jpg,/marimo/milk10k_train_masks/IL_1618777_dermoscopic_mask.png,0.17954444444444445,valid,600x450,600x450
IL_1621058,IL_1621058,/marimo/milk10k/MILK10k_Training_Input/IL_1621058/ISIC_9658944.jpg,/marimo/milk10k_train_masks/IL_1621058_dermoscopic_mask.png,0.42431851851851854,valid,600x450,600x450
IL_1622119,IL_1622119,/marimo/milk10k/MILK10k_Training_Input/IL_1622119/ISIC_4168419.jpg,/marimo/milk10k_train_masks/IL_1622119_dermoscopic_mask.png,0.2417888888888889,valid,600x450,600x450
IL_1623050,IL_1623050,/marimo/milk10k/MILK10k_Training_Input/IL_1623050/ISIC_7943939.jpg,/marimo/milk10k_train_masks/IL_1623050_dermoscopic_mask.png,0.5128851851851852,valid,600x450,600x450
IL_1623260,IL_1623260,/marimo/milk10k/MILK10k_Training_Input/IL_1623260/ISIC_7903287.jpg,/marimo/milk10k_train_masks/IL_1623260_dermoscopic_mask.png,0.6075259259259259,valid,600x450,600x450
IL_1623659,IL_1623659,/marimo/milk10k/MILK10k_Training_Input/IL_1623659/ISIC_1966383.jpg,/marimo/milk10k_train_masks/IL_1623659_dermoscopic_mask.png,0.1436148148148148,valid,600x450,600x450
IL_1625931,IL_1625931,/marimo/milk10k/MILK10k_Training_Input/IL_1625931/ISIC_2094021.jpg,/marimo/milk10k_train_masks/IL_1625931_dermoscopic_mask.png,0.475737037037037,valid,600x450,600x450
IL_1627026,IL_1627026,/marimo/milk10k/MILK10k_Training_Input/IL_1627026/ISIC_9807754.jpg,/marimo/milk10k_train_masks/IL_1627026_dermoscopic_mask.png,0.6609481481481482,valid,600x450,600x450
IL_1629455,IL_1629455,/marimo/milk10k/MILK10k_Training_Input/IL_1629455/ISIC_7424370.jpg,/marimo/milk10k_train_masks/IL_1629455_dermoscopic_mask.png,0.6389777777777778,valid,600x450,600x450
IL_1633502,IL_1633502,/marimo/milk10k/MILK10k_Training_Input/IL_1633502/ISIC_0727761.jpg,/marimo/milk10k_train_masks/IL_1633502_dermoscopic_mask.png,0.5001703703703704,valid,600x450,600x450
IL_1641012,IL_1641012,/marimo/milk10k/MILK10k_Training_Input/IL_1641012/ISIC_1733416.jpg,/marimo/milk10k_train_masks/IL_1641012_dermoscopic_mask.png,0.4592481481481481,valid,600x450,600x450
IL_1641261,IL_1641261,/marimo/milk10k/MILK10k_Training_Input/IL_1641261/ISIC_5072182.jpg,/marimo/milk10k_train_masks/IL_1641261_dermoscopic_mask.png,0.4478,valid,600x450,600x450
IL_1641908,IL_1641908,/marimo/milk10k/MILK10k_Training_Input/IL_1641908/ISIC_2320348.jpg,/marimo/milk10k_train_masks/IL_1641908_dermoscopic_mask.png,0.04254814814814815,valid,600x450,600x450
IL_1644397,IL_1644397,/marimo/milk10k/MILK10k_Training_Input/IL_1644397/ISIC_7592017.jpg,/marimo/milk10k_train_masks/IL_1644397_dermoscopic_mask.png,0.6015518518518519,valid,600x450,600x450
IL_1645941,IL_1645941,/marimo/milk10k/MILK10k_Training_Input/IL_1645941/ISIC_2252587.jpg,/marimo/milk10k_train_masks/IL_1645941_dermoscopic_mask.png,0.3184037037037037,valid,600x450,600x450
IL_1647212,IL_1647212,/marimo/milk10k/MILK10k_Training_Input/IL_1647212/ISIC_7878714.jpg,/marimo/milk10k_train_masks/IL_1647212_dermoscopic_mask.png,0.2286074074074074,valid,600x450,600x450
IL_1647541,IL_1647541,/marimo/milk10k/MILK10k_Training_Input/IL_1647541/ISIC_4680765.jpg,/marimo/milk10k_train_masks/IL_1647541_dermoscopic_mask.png,0.06264074074074075,valid,600x450,600x450
IL_1651344,IL_1651344,/marimo/milk10k/MILK10k_Training_Input/IL_1651344/ISIC_7009788.jpg,/marimo/milk10k_train_masks/IL_1651344_dermoscopic_mask.png,0.38504444444444447,valid,600x450,600x450
IL_1653926,IL_1653926,/marimo/milk10k/MILK10k_Training_Input/IL_1653926/ISIC_3034439.jpg,/marimo/milk10k_train_masks/IL_1653926_dermoscopic_mask.png,0.45007037037037034,valid,600x450,600x450
IL_1655178,IL_1655178,/marimo/milk10k/MILK10k_Training_Input/IL_1655178/ISIC_0298744.jpg,/marimo/milk10k_train_masks/IL_1655178_dermoscopic_mask.png,0.3180777777777778,valid,600x450,600x450
IL_1655830,IL_1655830,/marimo/milk10k/MILK10k_Training_Input/IL_1655830/ISIC_3708334.jpg,/marimo/milk10k_train_masks/IL_1655830_dermoscopic_mask.png,0.11788148148148148,valid,600x450,600x450
IL_1657109,IL_1657109,/marimo/milk10k/MILK10k_Training_Input/IL_1657109/ISIC_4196278.jpg,/marimo/milk10k_train_masks/IL_1657109_dermoscopic_mask.png,0.20004074074074074,valid,600x450,600x450
IL_1658282,IL_1658282,/marimo/milk10k/MILK10k_Training_Input/IL_1658282/ISIC_1455660.jpg,/marimo/milk10k_train_masks/IL_1658282_dermoscopic_mask.png,0.2875740740740741,valid,600x450,600x450
IL_1659172,IL_1659172,/marimo/milk10k/MILK10k_Training_Input/IL_1659172/ISIC_9791119.jpg,/marimo/milk10k_train_masks/IL_1659172_dermoscopic_mask.png,0.3013148148148148,valid,600x450,600x450
IL_1659933,IL_1659933,/marimo/milk10k/MILK10k_Training_Input/IL_1659933/ISIC_2259826.jpg,/marimo/milk10k_train_masks/IL_1659933_dermoscopic_mask.png,0.5193518518518518,valid,600x450,600x450
IL_1660797,IL_1660797,/marimo/milk10k/MILK10k_Training_Input/IL_1660797/ISIC_0570697.jpg,/marimo/milk10k_train_masks/IL_1660797_dermoscopic_mask.png,0.03905185185185185,valid,600x450,600x450
IL_1662116,IL_1662116,/marimo/milk10k/MILK10k_Training_Input/IL_1662116/ISIC_7308563.jpg,/marimo/milk10k_train_masks/IL_1662116_dermoscopic_mask.png,0.19725555555555555,valid,600x450,600x450
IL_1664257,IL_1664257,/marimo/milk10k/MILK10k_Training_Input/IL_1664257/ISIC_9427744.jpg,/marimo/milk10k_train_masks/IL_1664257_dermoscopic_mask.png,0.25144814814814814,valid,600x450,600x450
IL_1667522,IL_1667522,/marimo/milk10k/MILK10k_Training_Input/IL_1667522/ISIC_8133623.jpg,/marimo/milk10k_train_masks/IL_1667522_dermoscopic_mask.png,0.5362518518518519,valid,600x450,600x450
IL_1669635,IL_1669635,/marimo/milk10k/MILK10k_Training_Input/IL_1669635/ISIC_9280729.jpg,/marimo/milk10k_train_masks/IL_1669635_dermoscopic_mask.png,0.2644962962962963,valid,600x450,600x450
IL_1670186,IL_1670186,/marimo/milk10k/MILK10k_Training_Input/IL_1670186/ISIC_3577478.jpg,/marimo/milk10k_train_masks/IL_1670186_dermoscopic_mask.png,0.1996814814814815,valid,600x450,600x450
IL_1671184,IL_1671184,/marimo/milk10k/MILK10k_Training_Input/IL_1671184/ISIC_6475622.jpg,/marimo/milk10k_train_masks/IL_1671184_dermoscopic_mask.png,0.02118148148148148,valid,600x450,600x450
IL_1671392,IL_1671392,/marimo/milk10k/MILK10k_Training_Input/IL_1671392/ISIC_0768895.jpg,/marimo/milk10k_train_masks/IL_1671392_dermoscopic_mask.png,0.48286666666666667,valid,600x450,600x450
IL_1672894,IL_1672894,/marimo/milk10k/MILK10k_Training_Input/IL_1672894/ISIC_9569749.jpg,/marimo/milk10k_train_masks/IL_1672894_dermoscopic_mask.png,0.08117777777777778,valid,600x450,600x450
IL_1673815,IL_1673815,/marimo/milk10k/MILK10k_Training_Input/IL_1673815/ISIC_9927174.jpg,/marimo/milk10k_train_masks/IL_1673815_dermoscopic_mask.png,0.2245814814814815,valid,600x450,600x450
IL_1675253,IL_1675253,/marimo/milk10k/MILK10k_Training_Input/IL_1675253/ISIC_6901642.jpg,/marimo/milk10k_train_masks/IL_1675253_dermoscopic_mask.png,0.1492037037037037,valid,600x450,600x450
IL_1678341,IL_1678341,/marimo/milk10k/MILK10k_Training_Input/IL_1678341/ISIC_4148971.jpg,/marimo/milk10k_train_masks/IL_1678341_dermoscopic_mask.png,0.2690962962962963,valid,600x450,600x450
IL_1680101,IL_1680101,/marimo/milk10k/MILK10k_Training_Input/IL_1680101/ISIC_1190372.jpg,/marimo/milk10k_train_masks/IL_1680101_dermoscopic_mask.png,0.3133185185185185,valid,600x450,600x450
IL_1682958,IL_1682958,/marimo/milk10k/MILK10k_Training_Input/IL_1682958/ISIC_6221556.jpg,/marimo/milk10k_train_masks/IL_1682958_dermoscopic_mask.png,0.18472962962962963,valid,600x450,600x450
IL_1684898,IL_1684898,/marimo/milk10k/MILK10k_Training_Input/IL_1684898/ISIC_8975655.jpg,/marimo/milk10k_train_masks/IL_1684898_dermoscopic_mask.png,0.3295925925925926,valid,600x450,600x450
IL_1693296,IL_1693296,/marimo/milk10k/MILK10k_Training_Input/IL_1693296/ISIC_4517185.jpg,/marimo/milk10k_train_masks/IL_1693296_dermoscopic_mask.png,0.21638148148148148,valid,600x450,600x450
IL_1693887,IL_1693887,/marimo/milk10k/MILK10k_Training_Input/IL_1693887/ISIC_9080829.jpg,/marimo/milk10k_train_masks/IL_1693887_dermoscopic_mask.png,0.2825888888888889,valid,600x450,600x450
IL_1694504,IL_1694504,/marimo/milk10k/MILK10k_Training_Input/IL_1694504/ISIC_2328520.jpg,/marimo/milk10k_train_masks/IL_1694504_dermoscopic_mask.png,0.3094074074074074,valid,600x450,600x450
IL_1696405,IL_1696405,/marimo/milk10k/MILK10k_Training_Input/IL_1696405/ISIC_9809557.jpg,/marimo/milk10k_train_masks/IL_1696405_dermoscopic_mask.png,0.1260111111111111,valid,600x450,600x450
IL_1701401,IL_1701401,/marimo/milk10k/MILK10k_Training_Input/IL_1701401/ISIC_1160288.jpg,/marimo/milk10k_train_masks/IL_1701401_dermoscopic_mask.png,0.3511222222222222,valid,600x450,600x450
IL_1703552,IL_1703552,/marimo/milk10k/MILK10k_Training_Input/IL_1703552/ISIC_0977792.jpg,/marimo/milk10k_train_masks/IL_1703552_dermoscopic_mask.png,0.7976444444444445,valid,600x450,600x450
IL_1711238,IL_1711238,/marimo/milk10k/MILK10k_Training_Input/IL_1711238/ISIC_5080331.jpg,/marimo/milk10k_train_masks/IL_1711238_dermoscopic_mask.png,0.4171074074074074,valid,600x450,600x450
IL_1711365,IL_1711365,/marimo/milk10k/MILK10k_Training_Input/IL_1711365/ISIC_6846051.jpg,/marimo/milk10k_train_masks/IL_1711365_dermoscopic_mask.png,0.35913703703703703,valid,600x450,600x450
IL_1712969,IL_1712969,/marimo/milk10k/MILK10k_Training_Input/IL_1712969/ISIC_4407417.jpg,/marimo/milk10k_train_masks/IL_1712969_dermoscopic_mask.png,0.14513703703703704,valid,600x450,600x450
IL_1713775,IL_1713775,/marimo/milk10k/MILK10k_Training_Input/IL_1713775/ISIC_1557986.jpg,/marimo/milk10k_train_masks/IL_1713775_dermoscopic_mask.png,0.19091111111111111,valid,600x450,600x450
IL_1717004,IL_1717004,/marimo/milk10k/MILK10k_Training_Input/IL_1717004/ISIC_1222720.jpg,/marimo/milk10k_train_masks/IL_1717004_dermoscopic_mask.png,0.6224296296296297,valid,600x450,600x450
IL_1717276,IL_1717276,/marimo/milk10k/MILK10k_Training_Input/IL_1717276/ISIC_9571862.jpg,/marimo/milk10k_train_masks/IL_1717276_dermoscopic_mask.png,0.305,valid,600x450,600x450
IL_1718320,IL_1718320,/marimo/milk10k/MILK10k_Training_Input/IL_1718320/ISIC_9925307.jpg,/marimo/milk10k_train_masks/IL_1718320_dermoscopic_mask.png,0.6476148148148149,valid,600x450,600x450
IL_1720611,IL_1720611,/marimo/milk10k/MILK10k_Training_Input/IL_1720611/ISIC_8145823.jpg,/marimo/milk10k_train_masks/IL_1720611_dermoscopic_mask.png,0.2056,valid,600x450,600x450
IL_1724111,IL_1724111,/marimo/milk10k/MILK10k_Training_Input/IL_1724111/ISIC_7266198.jpg,/marimo/milk10k_train_masks/IL_1724111_dermoscopic_mask.png,0.5452185185185185,valid,600x450,600x450
IL_1724228,IL_1724228,/marimo/milk10k/MILK10k_Training_Input/IL_1724228/ISIC_9864702.jpg,/marimo/milk10k_train_masks/IL_1724228_dermoscopic_mask.png,0.4489148148148148,valid,600x450,600x450
IL_1726538,IL_1726538,/marimo/milk10k/MILK10k_Training_Input/IL_1726538/ISIC_4490295.jpg,/marimo/milk10k_train_masks/IL_1726538_dermoscopic_mask.png,0.4549111111111111,valid,600x450,600x450
IL_1732835,IL_1732835,/marimo/milk10k/MILK10k_Training_Input/IL_1732835/ISIC_8925555.jpg,/marimo/milk10k_train_masks/IL_1732835_dermoscopic_mask.png,0.2133962962962963,valid,600x450,600x450
IL_1733952,IL_1733952,/marimo/milk10k/MILK10k_Training_Input/IL_1733952/ISIC_8762355.jpg,/marimo/milk10k_train_masks/IL_1733952_dermoscopic_mask.png,0.5303740740740741,valid,600x450,600x450
IL_1734179,IL_1734179,/marimo/milk10k/MILK10k_Training_Input/IL_1734179/ISIC_3103579.jpg,/marimo/milk10k_train_masks/IL_1734179_dermoscopic_mask.png,0.501662962962963,valid,600x450,600x450
IL_1735251,IL_1735251,/marimo/milk10k/MILK10k_Training_Input/IL_1735251/ISIC_2456679.jpg,/marimo/milk10k_train_masks/IL_1735251_dermoscopic_mask.png,0.33476666666666666,valid,600x450,600x450
IL_1735486,IL_1735486,/marimo/milk10k/MILK10k_Training_Input/IL_1735486/ISIC_1694966.jpg,/marimo/milk10k_train_masks/IL_1735486_dermoscopic_mask.png,0.17571851851851852,valid,600x450,600x450
IL_1735552,IL_1735552,/marimo/milk10k/MILK10k_Training_Input/IL_1735552/ISIC_6186797.jpg,/marimo/milk10k_train_masks/IL_1735552_dermoscopic_mask.png,0.25205185185185186,valid,600x450,600x450
IL_1739101,IL_1739101,/marimo/milk10k/MILK10k_Training_Input/IL_1739101/ISIC_2352071.jpg,/marimo/milk10k_train_masks/IL_1739101_dermoscopic_mask.png,0.9122185185185185,valid,600x450,600x450
IL_1739769,IL_1739769,/marimo/milk10k/MILK10k_Training_Input/IL_1739769/ISIC_6330968.jpg,/marimo/milk10k_train_masks/IL_1739769_dermoscopic_mask.png,0.11461111111111111,valid,600x450,600x450
IL_1740059,IL_1740059,/marimo/milk10k/MILK10k_Training_Input/IL_1740059/ISIC_4659670.jpg,/marimo/milk10k_train_masks/IL_1740059_dermoscopic_mask.png,0.29113333333333336,valid,600x450,600x450
IL_1740748,IL_1740748,/marimo/milk10k/MILK10k_Training_Input/IL_1740748/ISIC_2778083.jpg,/marimo/milk10k_train_masks/IL_1740748_dermoscopic_mask.png,0.2656148148148148,valid,600x450,600x450
IL_1741364,IL_1741364,/marimo/milk10k/MILK10k_Training_Input/IL_1741364/ISIC_7059546.jpg,/marimo/milk10k_train_masks/IL_1741364_dermoscopic_mask.png,0.1304,valid,600x450,600x450
IL_1741464,IL_1741464,/marimo/milk10k/MILK10k_Training_Input/IL_1741464/ISIC_9886654.jpg,/marimo/milk10k_train_masks/IL_1741464_dermoscopic_mask.png,0.2134185185185185,valid,600x450,600x450
IL_1741530,IL_1741530,/marimo/milk10k/MILK10k_Training_Input/IL_1741530/ISIC_0909697.jpg,/marimo/milk10k_train_masks/IL_1741530_dermoscopic_mask.png,0.4068888888888889,valid,600x450,600x450
IL_1743491,IL_1743491,/marimo/milk10k/MILK10k_Training_Input/IL_1743491/ISIC_6639957.jpg,/marimo/milk10k_train_masks/IL_1743491_dermoscopic_mask.png,0.16744444444444445,valid,600x450,600x450
IL_1744023,IL_1744023,/marimo/milk10k/MILK10k_Training_Input/IL_1744023/ISIC_0129379.jpg,/marimo/milk10k_train_masks/IL_1744023_dermoscopic_mask.png,0.3538222222222222,valid,600x450,600x450
IL_1744975,IL_1744975,/marimo/milk10k/MILK10k_Training_Input/IL_1744975/ISIC_2764511.jpg,/marimo/milk10k_train_masks/IL_1744975_dermoscopic_mask.png,0.11122222222222222,valid,600x450,600x450
IL_1746833,IL_1746833,/marimo/milk10k/MILK10k_Training_Input/IL_1746833/ISIC_1398132.jpg,/marimo/milk10k_train_masks/IL_1746833_dermoscopic_mask.png,0.15189259259259258,valid,600x450,600x450
IL_1748759,IL_1748759,/marimo/milk10k/MILK10k_Training_Input/IL_1748759/ISIC_9142036.jpg,/marimo/milk10k_train_masks/IL_1748759_dermoscopic_mask.png,0.33112592592592593,valid,600x450,600x450
IL_1749163,IL_1749163,/marimo/milk10k/MILK10k_Training_Input/IL_1749163/ISIC_0289550.jpg,/marimo/milk10k_train_masks/IL_1749163_dermoscopic_mask.png,0.07892962962962963,valid,600x450,600x450
IL_1749756,IL_1749756,/marimo/milk10k/MILK10k_Training_Input/IL_1749756/ISIC_3518193.jpg,/marimo/milk10k_train_masks/IL_1749756_dermoscopic_mask.png,0.10843333333333334,valid,600x450,600x450
IL_1752331,IL_1752331,/marimo/milk10k/MILK10k_Training_Input/IL_1752331/ISIC_7754022.jpg,/marimo/milk10k_train_masks/IL_1752331_dermoscopic_mask.png,0.2464,valid,600x450,600x450
IL_1752453,IL_1752453,/marimo/milk10k/MILK10k_Training_Input/IL_1752453/ISIC_3265547.jpg,/marimo/milk10k_train_masks/IL_1752453_dermoscopic_mask.png,0.7175481481481482,valid,600x450,600x450
IL_1752573,IL_1752573,/marimo/milk10k/MILK10k_Training_Input/IL_1752573/ISIC_0805994.jpg,/marimo/milk10k_train_masks/IL_1752573_dermoscopic_mask.png,0.00837037037037037,too_small,600x450,600x450
IL_1753473,IL_1753473,/marimo/milk10k/MILK10k_Training_Input/IL_1753473/ISIC_7278433.jpg,/marimo/milk10k_train_masks/IL_1753473_dermoscopic_mask.png,0.1783888888888889,valid,600x450,600x450
IL_1756405,IL_1756405,/marimo/milk10k/MILK10k_Training_Input/IL_1756405/ISIC_1029056.jpg,/marimo/milk10k_train_masks/IL_1756405_dermoscopic_mask.png,0.49822962962962963,valid,600x450,600x450
IL_1758628,IL_1758628,/marimo/milk10k/MILK10k_Training_Input/IL_1758628/ISIC_2527161.jpg,/marimo/milk10k_train_masks/IL_1758628_dermoscopic_mask.png,0.3436296296296296,valid,600x450,600x450
IL_1758673,IL_1758673,/marimo/milk10k/MILK10k_Training_Input/IL_1758673/ISIC_1255149.jpg,/marimo/milk10k_train_masks/IL_1758673_dermoscopic_mask.png,0.31170740740740743,valid,600x450,600x450
IL_1763474,IL_1763474,/marimo/milk10k/MILK10k_Training_Input/IL_1763474/ISIC_4971008.jpg,/marimo/milk10k_train_masks/IL_1763474_dermoscopic_mask.png,0.3032296296296296,valid,600x450,600x450
IL_1765810,IL_1765810,/marimo/milk10k/MILK10k_Training_Input/IL_1765810/ISIC_3064112.jpg,/marimo/milk10k_train_masks/IL_1765810_dermoscopic_mask.png,0.2748333333333333,valid,600x450,600x450
IL_1766125,IL_1766125,/marimo/milk10k/MILK10k_Training_Input/IL_1766125/ISIC_0866932.jpg,/marimo/milk10k_train_masks/IL_1766125_dermoscopic_mask.png,0.33152592592592595,valid,600x450,600x450
IL_1770771,IL_1770771,/marimo/milk10k/MILK10k_Training_Input/IL_1770771/ISIC_0811514.jpg,/marimo/milk10k_train_masks/IL_1770771_dermoscopic_mask.png,0.31106666666666666,valid,600x450,600x450
IL_1773483,IL_1773483,/marimo/milk10k/MILK10k_Training_Input/IL_1773483/ISIC_9733625.jpg,/marimo/milk10k_train_masks/IL_1773483_dermoscopic_mask.png,0.31692592592592594,valid,600x450,600x450
IL_1778367,IL_1778367,/marimo/milk10k/MILK10k_Training_Input/IL_1778367/ISIC_2102002.jpg,/marimo/milk10k_train_masks/IL_1778367_dermoscopic_mask.png,0.19603333333333334,valid,600x450,600x450
IL_1779253,IL_1779253,/marimo/milk10k/MILK10k_Training_Input/IL_1779253/ISIC_8808076.jpg,/marimo/milk10k_train_masks/IL_1779253_dermoscopic_mask.png,0.07904074074074074,valid,600x450,600x450
IL_1779696,IL_1779696,/marimo/milk10k/MILK10k_Training_Input/IL_1779696/ISIC_8830839.jpg,/marimo/milk10k_train_masks/IL_1779696_dermoscopic_mask.png,0.5898111111111111,valid,600x450,600x450
IL_1779871,IL_1779871,/marimo/milk10k/MILK10k_Training_Input/IL_1779871/ISIC_5825703.jpg,/marimo/milk10k_train_masks/IL_1779871_dermoscopic_mask.png,0.4792296296296296,valid,600x450,600x450
IL_1782345,IL_1782345,/marimo/milk10k/MILK10k_Training_Input/IL_1782345/ISIC_4740515.jpg,/marimo/milk10k_train_masks/IL_1782345_dermoscopic_mask.png,0.08992222222222222,valid,600x450,600x450
IL_1794572,IL_1794572,/marimo/milk10k/MILK10k_Training_Input/IL_1794572/ISIC_4346905.jpg,/marimo/milk10k_train_masks/IL_1794572_dermoscopic_mask.png,0.2187851851851852,valid,600x450,600x450
IL_1794752,IL_1794752,/marimo/milk10k/MILK10k_Training_Input/IL_1794752/ISIC_5306085.jpg,/marimo/milk10k_train_masks/IL_1794752_dermoscopic_mask.png,0.20046666666666665,valid,600x450,600x450
IL_1796652,IL_1796652,/marimo/milk10k/MILK10k_Training_Input/IL_1796652/ISIC_3961718.jpg,/marimo/milk10k_train_masks/IL_1796652_dermoscopic_mask.png,0.6039074074074074,valid,600x450,600x450
IL_1797280,IL_1797280,/marimo/milk10k/MILK10k_Training_Input/IL_1797280/ISIC_0082674.jpg,/marimo/milk10k_train_masks/IL_1797280_dermoscopic_mask.png,0.1014074074074074,valid,600x450,600x450
IL_1799297,IL_1799297,/marimo/milk10k/MILK10k_Training_Input/IL_1799297/ISIC_2879057.jpg,/marimo/milk10k_train_masks/IL_1799297_dermoscopic_mask.png,0.5926703703703704,valid,600x450,600x450
IL_1801069,IL_1801069,/marimo/milk10k/MILK10k_Training_Input/IL_1801069/ISIC_8603109.jpg,/marimo/milk10k_train_masks/IL_1801069_dermoscopic_mask.png,0.45344444444444443,valid,600x450,600x450
IL_1801204,IL_1801204,/marimo/milk10k/MILK10k_Training_Input/IL_1801204/ISIC_1101076.jpg,/marimo/milk10k_train_masks/IL_1801204_dermoscopic_mask.png,0.12471851851851852,valid,600x450,600x450
IL_1801280,IL_1801280,/marimo/milk10k/MILK10k_Training_Input/IL_1801280/ISIC_7090951.jpg,/marimo/milk10k_train_masks/IL_1801280_dermoscopic_mask.png,0.12290370370370371,valid,600x450,600x450
IL_1804750,IL_1804750,/marimo/milk10k/MILK10k_Training_Input/IL_1804750/ISIC_8870317.jpg,/marimo/milk10k_train_masks/IL_1804750_dermoscopic_mask.png,0.6689592592592593,valid,600x450,600x450
IL_1804830,IL_1804830,/marimo/milk10k/MILK10k_Training_Input/IL_1804830/ISIC_8254014.jpg,/marimo/milk10k_train_masks/IL_1804830_dermoscopic_mask.png,0.15738148148148148,valid,600x450,600x450
IL_1808002,IL_1808002,/marimo/milk10k/MILK10k_Training_Input/IL_1808002/ISIC_6221334.jpg,/marimo/milk10k_train_masks/IL_1808002_dermoscopic_mask.png,0.18872962962962964,valid,600x450,600x450
IL_1812353,IL_1812353,/marimo/milk10k/MILK10k_Training_Input/IL_1812353/ISIC_2515747.jpg,/marimo/milk10k_train_masks/IL_1812353_dermoscopic_mask.png,0.2315148148148148,valid,600x450,600x450
IL_1813183,IL_1813183,/marimo/milk10k/MILK10k_Training_Input/IL_1813183/ISIC_4763505.jpg,/marimo/milk10k_train_masks/IL_1813183_dermoscopic_mask.png,0.1526962962962963,valid,600x450,600x450
IL_1815141,IL_1815141,/marimo/milk10k/MILK10k_Training_Input/IL_1815141/ISIC_2036689.jpg,/marimo/milk10k_train_masks/IL_1815141_dermoscopic_mask.png,0.6526296296296297,valid,600x450,600x450
IL_1817922,IL_1817922,/marimo/milk10k/MILK10k_Training_Input/IL_1817922/ISIC_7585813.jpg,/marimo/milk10k_train_masks/IL_1817922_dermoscopic_mask.png,0.8144518518518519,valid,600x450,600x450
IL_1818431,IL_1818431,/marimo/milk10k/MILK10k_Training_Input/IL_1818431/ISIC_8362273.jpg,/marimo/milk10k_train_masks/IL_1818431_dermoscopic_mask.png,0.18137407407407408,valid,600x450,600x450
IL_1821378,IL_1821378,/marimo/milk10k/MILK10k_Training_Input/IL_1821378/ISIC_7520217.jpg,/marimo/milk10k_train_masks/IL_1821378_dermoscopic_mask.png,0.48784444444444447,valid,600x450,600x450
IL_1824943,IL_1824943,/marimo/milk10k/MILK10k_Training_Input/IL_1824943/ISIC_3905888.jpg,/marimo/milk10k_train_masks/IL_1824943_dermoscopic_mask.png,0.1182037037037037,valid,600x450,600x450
IL_1827145,IL_1827145,/marimo/milk10k/MILK10k_Training_Input/IL_1827145/ISIC_3129795.jpg,/marimo/milk10k_train_masks/IL_1827145_dermoscopic_mask.png,0.0762074074074074,valid,600x450,600x450
IL_1831903,IL_1831903,/marimo/milk10k/MILK10k_Training_Input/IL_1831903/ISIC_9099090.jpg,/marimo/milk10k_train_masks/IL_1831903_dermoscopic_mask.png,0.4264703703703704,valid,600x450,600x450
IL_1833955,IL_1833955,/marimo/milk10k/MILK10k_Training_Input/IL_1833955/ISIC_1343499.jpg,/marimo/milk10k_train_masks/IL_1833955_dermoscopic_mask.png,0.6114222222222222,valid,600x450,600x450
IL_1836211,IL_1836211,/marimo/milk10k/MILK10k_Training_Input/IL_1836211/ISIC_8511040.jpg,/marimo/milk10k_train_masks/IL_1836211_dermoscopic_mask.png,0.6702111111111111,valid,600x450,600x450
IL_1839563,IL_1839563,/marimo/milk10k/MILK10k_Training_Input/IL_1839563/ISIC_7461810.jpg,/marimo/milk10k_train_masks/IL_1839563_dermoscopic_mask.png,0.13504444444444444,valid,600x450,600x450
IL_1840884,IL_1840884,/marimo/milk10k/MILK10k_Training_Input/IL_1840884/ISIC_7216810.jpg,/marimo/milk10k_train_masks/IL_1840884_dermoscopic_mask.png,0.1610888888888889,valid,600x450,600x450
IL_1843719,IL_1843719,/marimo/milk10k/MILK10k_Training_Input/IL_1843719/ISIC_8060479.jpg,/marimo/milk10k_train_masks/IL_1843719_dermoscopic_mask.png,0.1695962962962963,valid,600x450,600x450
IL_1843945,IL_1843945,/marimo/milk10k/MILK10k_Training_Input/IL_1843945/ISIC_0154826.jpg,/marimo/milk10k_train_masks/IL_1843945_dermoscopic_mask.png,0.13606666666666667,valid,600x450,600x450
IL_1844435,IL_1844435,/marimo/milk10k/MILK10k_Training_Input/IL_1844435/ISIC_3627672.jpg,/marimo/milk10k_train_masks/IL_1844435_dermoscopic_mask.png,0.6169222222222223,valid,600x450,600x450
IL_1845648,IL_1845648,/marimo/milk10k/MILK10k_Training_Input/IL_1845648/ISIC_3482891.jpg,/marimo/milk10k_train_masks/IL_1845648_dermoscopic_mask.png,0.5441111111111111,valid,600x450,600x450
IL_1846045,IL_1846045,/marimo/milk10k/MILK10k_Training_Input/IL_1846045/ISIC_3986538.jpg,/marimo/milk10k_train_masks/IL_1846045_dermoscopic_mask.png,0.7738333333333334,valid,600x450,600x450
IL_1846294,IL_1846294,/marimo/milk10k/MILK10k_Training_Input/IL_1846294/ISIC_0283929.jpg,/marimo/milk10k_train_masks/IL_1846294_dermoscopic_mask.png,0.7528666666666667,valid,600x450,600x450
IL_1848591,IL_1848591,/marimo/milk10k/MILK10k_Training_Input/IL_1848591/ISIC_0151603.jpg,/marimo/milk10k_train_masks/IL_1848591_dermoscopic_mask.png,0.15852222222222223,valid,600x450,600x450
IL_1848853,IL_1848853,/marimo/milk10k/MILK10k_Training_Input/IL_1848853/ISIC_0529633.jpg,/marimo/milk10k_train_masks/IL_1848853_dermoscopic_mask.png,0.859762962962963,valid,600x450,600x450
IL_1849535,IL_1849535,/marimo/milk10k/MILK10k_Training_Input/IL_1849535/ISIC_8143135.jpg,/marimo/milk10k_train_masks/IL_1849535_dermoscopic_mask.png,0.563937037037037,valid,600x450,600x450
IL_1857472,IL_1857472,/marimo/milk10k/MILK10k_Training_Input/IL_1857472/ISIC_3344295.jpg,/marimo/milk10k_train_masks/IL_1857472_dermoscopic_mask.png,0.24827777777777776,valid,600x450,600x450
IL_1858376,IL_1858376,/marimo/milk10k/MILK10k_Training_Input/IL_1858376/ISIC_7624779.jpg,/marimo/milk10k_train_masks/IL_1858376_dermoscopic_mask.png,0.45422222222222225,valid,600x450,600x450
IL_1858396,IL_1858396,/marimo/milk10k/MILK10k_Training_Input/IL_1858396/ISIC_1689523.jpg,/marimo/milk10k_train_masks/IL_1858396_dermoscopic_mask.png,0.05814444444444444,valid,600x450,600x450
IL_1858834,IL_1858834,/marimo/milk10k/MILK10k_Training_Input/IL_1858834/ISIC_7677176.jpg,/marimo/milk10k_train_masks/IL_1858834_dermoscopic_mask.png,0.07955925925925926,valid,600x450,600x450
IL_1858842,IL_1858842,/marimo/milk10k/MILK10k_Training_Input/IL_1858842/ISIC_1708907.jpg,/marimo/milk10k_train_masks/IL_1858842_dermoscopic_mask.png,0.3107333333333333,valid,600x450,600x450
IL_1860378,IL_1860378,/marimo/milk10k/MILK10k_Training_Input/IL_1860378/ISIC_1018753.jpg,/marimo/milk10k_train_masks/IL_1860378_dermoscopic_mask.png,0.1487037037037037,valid,600x450,600x450
IL_1861078,IL_1861078,/marimo/milk10k/MILK10k_Training_Input/IL_1861078/ISIC_5249321.jpg,/marimo/milk10k_train_masks/IL_1861078_dermoscopic_mask.png,0.03952592592592592,valid,600x450,600x450
IL_1861400,IL_1861400,/marimo/milk10k/MILK10k_Training_Input/IL_1861400/ISIC_3365437.jpg,/marimo/milk10k_train_masks/IL_1861400_dermoscopic_mask.png,0.44124444444444444,valid,600x450,600x450
IL_1861760,IL_1861760,/marimo/milk10k/MILK10k_Training_Input/IL_1861760/ISIC_3540017.jpg,/marimo/milk10k_train_masks/IL_1861760_dermoscopic_mask.png,0.36335185185185187,valid,600x450,600x450
IL_1866416,IL_1866416,/marimo/milk10k/MILK10k_Training_Input/IL_1866416/ISIC_7047621.jpg,/marimo/milk10k_train_masks/IL_1866416_dermoscopic_mask.png,0.34835555555555553,valid,600x450,600x450
IL_1866823,IL_1866823,/marimo/milk10k/MILK10k_Training_Input/IL_1866823/ISIC_9060041.jpg,/marimo/milk10k_train_masks/IL_1866823_dermoscopic_mask.png,0.28076666666666666,valid,600x450,600x450
IL_1871141,IL_1871141,/marimo/milk10k/MILK10k_Training_Input/IL_1871141/ISIC_8545164.jpg,/marimo/milk10k_train_masks/IL_1871141_dermoscopic_mask.png,0.5549777777777778,valid,600x450,600x450
IL_1873116,IL_1873116,/marimo/milk10k/MILK10k_Training_Input/IL_1873116/ISIC_1063001.jpg,/marimo/milk10k_train_masks/IL_1873116_dermoscopic_mask.png,0.3682074074074074,valid,600x450,600x450
IL_1873727,IL_1873727,/marimo/milk10k/MILK10k_Training_Input/IL_1873727/ISIC_5728121.jpg,/marimo/milk10k_train_masks/IL_1873727_dermoscopic_mask.png,0.1960185185185185,valid,600x450,600x450
IL_1873832,IL_1873832,/marimo/milk10k/MILK10k_Training_Input/IL_1873832/ISIC_7531562.jpg,/marimo/milk10k_train_masks/IL_1873832_dermoscopic_mask.png,0.3822,valid,600x450,600x450
IL_1874719,IL_1874719,/marimo/milk10k/MILK10k_Training_Input/IL_1874719/ISIC_4445549.jpg,/marimo/milk10k_train_masks/IL_1874719_dermoscopic_mask.png,0.40824444444444447,valid,600x450,600x450
IL_1874896,IL_1874896,/marimo/milk10k/MILK10k_Training_Input/IL_1874896/ISIC_0773145.jpg,/marimo/milk10k_train_masks/IL_1874896_dermoscopic_mask.png,0.4310703703703704,valid,600x450,600x450
IL_1877456,IL_1877456,/marimo/milk10k/MILK10k_Training_Input/IL_1877456/ISIC_6161217.jpg,/marimo/milk10k_train_masks/IL_1877456_dermoscopic_mask.png,0.2604111111111111,valid,600x450,600x450
IL_1879101,IL_1879101,/marimo/milk10k/MILK10k_Training_Input/IL_1879101/ISIC_1887239.jpg,/marimo/milk10k_train_masks/IL_1879101_dermoscopic_mask.png,0.25844074074074075,valid,600x450,600x450
IL_1880052,IL_1880052,/marimo/milk10k/MILK10k_Training_Input/IL_1880052/ISIC_2944495.jpg,/marimo/milk10k_train_masks/IL_1880052_dermoscopic_mask.png,0.15115185185185184,valid,600x450,600x450
IL_1882056,IL_1882056,/marimo/milk10k/MILK10k_Training_Input/IL_1882056/ISIC_2195775.jpg,/marimo/milk10k_train_masks/IL_1882056_dermoscopic_mask.png,0.42494444444444446,valid,600x450,600x450
IL_1882623,IL_1882623,/marimo/milk10k/MILK10k_Training_Input/IL_1882623/ISIC_6294166.jpg,/marimo/milk10k_train_masks/IL_1882623_dermoscopic_mask.png,0.09336666666666667,valid,600x450,600x450
IL_1886112,IL_1886112,/marimo/milk10k/MILK10k_Training_Input/IL_1886112/ISIC_2374466.jpg,/marimo/milk10k_train_masks/IL_1886112_dermoscopic_mask.png,0.6253037037037037,valid,600x450,600x450
IL_1888715,IL_1888715,/marimo/milk10k/MILK10k_Training_Input/IL_1888715/ISIC_8324594.jpg,/marimo/milk10k_train_masks/IL_1888715_dermoscopic_mask.png,0.18652222222222223,valid,600x450,600x450
IL_1891015,IL_1891015,/marimo/milk10k/MILK10k_Training_Input/IL_1891015/ISIC_1143783.jpg,/marimo/milk10k_train_masks/IL_1891015_dermoscopic_mask.png,0.11275185185185185,valid,600x450,600x450
IL_1891845,IL_1891845,/marimo/milk10k/MILK10k_Training_Input/IL_1891845/ISIC_8400472.jpg,/marimo/milk10k_train_masks/IL_1891845_dermoscopic_mask.png,0.2676925925925926,valid,600x450,600x450
IL_1894858,IL_1894858,/marimo/milk10k/MILK10k_Training_Input/IL_1894858/ISIC_9641063.jpg,/marimo/milk10k_train_masks/IL_1894858_dermoscopic_mask.png,0.4343148148148148,valid,600x450,600x450
IL_1898208,IL_1898208,/marimo/milk10k/MILK10k_Training_Input/IL_1898208/ISIC_6886169.jpg,/marimo/milk10k_train_masks/IL_1898208_dermoscopic_mask.png,0.5202962962962963,valid,600x450,600x450
IL_1900541,IL_1900541,/marimo/milk10k/MILK10k_Training_Input/IL_1900541/ISIC_1998166.jpg,/marimo/milk10k_train_masks/IL_1900541_dermoscopic_mask.png,0.5841592592592593,valid,600x450,600x450
IL_1902090,IL_1902090,/marimo/milk10k/MILK10k_Training_Input/IL_1902090/ISIC_5171624.jpg,/marimo/milk10k_train_masks/IL_1902090_dermoscopic_mask.png,0.24682592592592592,valid,600x450,600x450
IL_1904975,IL_1904975,/marimo/milk10k/MILK10k_Training_Input/IL_1904975/ISIC_0983974.jpg,/marimo/milk10k_train_masks/IL_1904975_dermoscopic_mask.png,0.4628703703703704,valid,600x450,600x450
IL_1906171,IL_1906171,/marimo/milk10k/MILK10k_Training_Input/IL_1906171/ISIC_7176466.jpg,/marimo/milk10k_train_masks/IL_1906171_dermoscopic_mask.png,0.3481185185185185,valid,600x450,600x450
IL_1907886,IL_1907886,/marimo/milk10k/MILK10k_Training_Input/IL_1907886/ISIC_4490935.jpg,/marimo/milk10k_train_masks/IL_1907886_dermoscopic_mask.png,0.44485925925925923,valid,600x450,600x450
IL_1911635,IL_1911635,/marimo/milk10k/MILK10k_Training_Input/IL_1911635/ISIC_7374719.jpg,/marimo/milk10k_train_masks/IL_1911635_dermoscopic_mask.png,0.3467148148148148,valid,600x450,600x450
IL_1916880,IL_1916880,/marimo/milk10k/MILK10k_Training_Input/IL_1916880/ISIC_5233519.jpg,/marimo/milk10k_train_masks/IL_1916880_dermoscopic_mask.png,0.2763814814814815,valid,600x450,600x450
IL_1918190,IL_1918190,/marimo/milk10k/MILK10k_Training_Input/IL_1918190/ISIC_3862963.jpg,/marimo/milk10k_train_masks/IL_1918190_dermoscopic_mask.png,0.36222592592592595,valid,600x450,600x450
IL_1918702,IL_1918702,/marimo/milk10k/MILK10k_Training_Input/IL_1918702/ISIC_6101727.jpg,/marimo/milk10k_train_masks/IL_1918702_dermoscopic_mask.png,0.35242962962962965,valid,600x450,600x450
IL_1921779,IL_1921779,/marimo/milk10k/MILK10k_Training_Input/IL_1921779/ISIC_5191763.jpg,/marimo/milk10k_train_masks/IL_1921779_dermoscopic_mask.png,0.6444962962962963,valid,600x450,600x450
IL_1925186,IL_1925186,/marimo/milk10k/MILK10k_Training_Input/IL_1925186/ISIC_5792555.jpg,/marimo/milk10k_train_masks/IL_1925186_dermoscopic_mask.png,0.33142962962962963,valid,600x450,600x450
IL_1927976,IL_1927976,/marimo/milk10k/MILK10k_Training_Input/IL_1927976/ISIC_1692214.jpg,/marimo/milk10k_train_masks/IL_1927976_dermoscopic_mask.png,0.1742074074074074,valid,600x450,600x450
IL_1928434,IL_1928434,/marimo/milk10k/MILK10k_Training_Input/IL_1928434/ISIC_3235167.jpg,/marimo/milk10k_train_masks/IL_1928434_dermoscopic_mask.png,0.055185185185185184,valid,600x450,600x450
IL_1930653,IL_1930653,/marimo/milk10k/MILK10k_Training_Input/IL_1930653/ISIC_0772947.jpg,/marimo/milk10k_train_masks/IL_1930653_dermoscopic_mask.png,0.5225592592592593,valid,600x450,600x450
IL_1930968,IL_1930968,/marimo/milk10k/MILK10k_Training_Input/IL_1930968/ISIC_1206880.jpg,/marimo/milk10k_train_masks/IL_1930968_dermoscopic_mask.png,0.09194444444444444,valid,600x450,600x450
IL_1933864,IL_1933864,/marimo/milk10k/MILK10k_Training_Input/IL_1933864/ISIC_2149064.jpg,/marimo/milk10k_train_masks/IL_1933864_dermoscopic_mask.png,0.2949703703703704,valid,600x450,600x450
IL_1936294,IL_1936294,/marimo/milk10k/MILK10k_Training_Input/IL_1936294/ISIC_5044856.jpg,/marimo/milk10k_train_masks/IL_1936294_dermoscopic_mask.png,0.25324074074074077,valid,600x450,600x450
IL_1938646,IL_1938646,/marimo/milk10k/MILK10k_Training_Input/IL_1938646/ISIC_0869141.jpg,/marimo/milk10k_train_masks/IL_1938646_dermoscopic_mask.png,0.15787037037037038,valid,600x450,600x450
IL_1943405,IL_1943405,/marimo/milk10k/MILK10k_Training_Input/IL_1943405/ISIC_5188025.jpg,/marimo/milk10k_train_masks/IL_1943405_dermoscopic_mask.png,0.06589259259259259,valid,600x450,600x450
IL_1943704,IL_1943704,/marimo/milk10k/MILK10k_Training_Input/IL_1943704/ISIC_6924218.jpg,/marimo/milk10k_train_masks/IL_1943704_dermoscopic_mask.png,0.4723407407407407,valid,600x450,600x450
IL_1948146,IL_1948146,/marimo/milk10k/MILK10k_Training_Input/IL_1948146/ISIC_6305500.jpg,/marimo/milk10k_train_masks/IL_1948146_dermoscopic_mask.png,0.4023888888888889,valid,600x450,600x450
IL_1950813,IL_1950813,/marimo/milk10k/MILK10k_Training_Input/IL_1950813/ISIC_4213914.jpg,/marimo/milk10k_train_masks/IL_1950813_dermoscopic_mask.png,0.15245185185185184,valid,600x450,600x450
IL_1958887,IL_1958887,/marimo/milk10k/MILK10k_Training_Input/IL_1958887/ISIC_6747915.jpg,/marimo/milk10k_train_masks/IL_1958887_dermoscopic_mask.png,0.6553296296296296,valid,600x450,600x450
IL_1962759,IL_1962759,/marimo/milk10k/MILK10k_Training_Input/IL_1962759/ISIC_5020961.jpg,/marimo/milk10k_train_masks/IL_1962759_dermoscopic_mask.png,0.4050888888888889,valid,600x450,600x450
IL_1962885,IL_1962885,/marimo/milk10k/MILK10k_Training_Input/IL_1962885/ISIC_8056158.jpg,/marimo/milk10k_train_masks/IL_1962885_dermoscopic_mask.png,0.6250703703703704,valid,600x450,600x450
IL_1963304,IL_1963304,/marimo/milk10k/MILK10k_Training_Input/IL_1963304/ISIC_6860570.jpg,/marimo/milk10k_train_masks/IL_1963304_dermoscopic_mask.png,0.2671148148148148,valid,600x450,600x450
IL_1965425,IL_1965425,/marimo/milk10k/MILK10k_Training_Input/IL_1965425/ISIC_4272095.jpg,/marimo/milk10k_train_masks/IL_1965425_dermoscopic_mask.png,0.12672962962962964,valid,600x450,600x450
IL_1966288,IL_1966288,/marimo/milk10k/MILK10k_Training_Input/IL_1966288/ISIC_9982272.jpg,/marimo/milk10k_train_masks/IL_1966288_dermoscopic_mask.png,0.30677037037037036,valid,600x450,600x450
IL_1967474,IL_1967474,/marimo/milk10k/MILK10k_Training_Input/IL_1967474/ISIC_5099169.jpg,/marimo/milk10k_train_masks/IL_1967474_dermoscopic_mask.png,0.45411111111111113,valid,600x450,600x450
IL_1969159,IL_1969159,/marimo/milk10k/MILK10k_Training_Input/IL_1969159/ISIC_3835932.jpg,/marimo/milk10k_train_masks/IL_1969159_dermoscopic_mask.png,0.14638518518518517,valid,600x450,600x450
IL_1970176,IL_1970176,/marimo/milk10k/MILK10k_Training_Input/IL_1970176/ISIC_1978418.jpg,/marimo/milk10k_train_masks/IL_1970176_dermoscopic_mask.png,0.5742666666666667,valid,600x450,600x450
IL_1975374,IL_1975374,/marimo/milk10k/MILK10k_Training_Input/IL_1975374/ISIC_0699088.jpg,/marimo/milk10k_train_masks/IL_1975374_dermoscopic_mask.png,0.3052814814814815,valid,600x450,600x450
IL_1981700,IL_1981700,/marimo/milk10k/MILK10k_Training_Input/IL_1981700/ISIC_2601487.jpg,/marimo/milk10k_train_masks/IL_1981700_dermoscopic_mask.png,0.622037037037037,valid,600x450,600x450
IL_1987842,IL_1987842,/marimo/milk10k/MILK10k_Training_Input/IL_1987842/ISIC_9496310.jpg,/marimo/milk10k_train_masks/IL_1987842_dermoscopic_mask.png,0.10232222222222222,valid,600x450,600x450
IL_1989864,IL_1989864,/marimo/milk10k/MILK10k_Training_Input/IL_1989864/ISIC_0096543.jpg,/marimo/milk10k_train_masks/IL_1989864_dermoscopic_mask.png,0.053507407407407406,valid,600x450,600x450
IL_1993303,IL_1993303,/marimo/milk10k/MILK10k_Training_Input/IL_1993303/ISIC_1341677.jpg,/marimo/milk10k_train_masks/IL_1993303_dermoscopic_mask.png,0.5962111111111111,valid,600x450,600x450
IL_1994258,IL_1994258,/marimo/milk10k/MILK10k_Training_Input/IL_1994258/ISIC_1465204.jpg,/marimo/milk10k_train_masks/IL_1994258_dermoscopic_mask.png,0.09910740740740741,valid,600x450,600x450
IL_1994469,IL_1994469,/marimo/milk10k/MILK10k_Training_Input/IL_1994469/ISIC_8565474.jpg,/marimo/milk10k_train_masks/IL_1994469_dermoscopic_mask.png,0.08761111111111111,valid,600x450,600x450
IL_1997703,IL_1997703,/marimo/milk10k/MILK10k_Training_Input/IL_1997703/ISIC_2642475.jpg,/marimo/milk10k_train_masks/IL_1997703_dermoscopic_mask.png,0.5127777777777778,valid,600x450,600x450
IL_2004753,IL_2004753,/marimo/milk10k/MILK10k_Training_Input/IL_2004753/ISIC_1502467.jpg,/marimo/milk10k_train_masks/IL_2004753_dermoscopic_mask.png,0.3771407407407407,valid,600x450,600x450
IL_2006449,IL_2006449,/marimo/milk10k/MILK10k_Training_Input/IL_2006449/ISIC_1428490.jpg,/marimo/milk10k_train_masks/IL_2006449_dermoscopic_mask.png,0.2516407407407407,valid,600x450,600x450
IL_2012452,IL_2012452,/marimo/milk10k/MILK10k_Training_Input/IL_2012452/ISIC_1741107.jpg,/marimo/milk10k_train_masks/IL_2012452_dermoscopic_mask.png,0.33745925925925924,valid,600x450,600x450
IL_2014821,IL_2014821,/marimo/milk10k/MILK10k_Training_Input/IL_2014821/ISIC_4607649.jpg,/marimo/milk10k_train_masks/IL_2014821_dermoscopic_mask.png,0.3679925925925926,valid,600x450,600x450
IL_2015219,IL_2015219,/marimo/milk10k/MILK10k_Training_Input/IL_2015219/ISIC_2554103.jpg,/marimo/milk10k_train_masks/IL_2015219_dermoscopic_mask.png,0.09821111111111111,valid,600x450,600x450
IL_2027967,IL_2027967,/marimo/milk10k/MILK10k_Training_Input/IL_2027967/ISIC_8260534.jpg,/marimo/milk10k_train_masks/IL_2027967_dermoscopic_mask.png,0.2354888888888889,valid,600x450,600x450
IL_2031934,IL_2031934,/marimo/milk10k/MILK10k_Training_Input/IL_2031934/ISIC_9350105.jpg,/marimo/milk10k_train_masks/IL_2031934_dermoscopic_mask.png,0.6812074074074074,valid,600x450,600x450
IL_2032936,IL_2032936,/marimo/milk10k/MILK10k_Training_Input/IL_2032936/ISIC_6116093.jpg,/marimo/milk10k_train_masks/IL_2032936_dermoscopic_mask.png,0.5732111111111111,valid,600x450,600x450
IL_2033265,IL_2033265,/marimo/milk10k/MILK10k_Training_Input/IL_2033265/ISIC_4056904.jpg,/marimo/milk10k_train_masks/IL_2033265_dermoscopic_mask.png,0.4517333333333333,valid,600x450,600x450
IL_2040419,IL_2040419,/marimo/milk10k/MILK10k_Training_Input/IL_2040419/ISIC_7869069.jpg,/marimo/milk10k_train_masks/IL_2040419_dermoscopic_mask.png,0.1889962962962963,valid,600x450,600x450
IL_2040993,IL_2040993,/marimo/milk10k/MILK10k_Training_Input/IL_2040993/ISIC_6261700.jpg,/marimo/milk10k_train_masks/IL_2040993_dermoscopic_mask.png,0.8723481481481481,valid,600x450,600x450
IL_2041854,IL_2041854,/marimo/milk10k/MILK10k_Training_Input/IL_2041854/ISIC_3023607.jpg,/marimo/milk10k_train_masks/IL_2041854_dermoscopic_mask.png,0.22133333333333333,valid,600x450,600x450
IL_2045312,IL_2045312,/marimo/milk10k/MILK10k_Training_Input/IL_2045312/ISIC_7176434.jpg,/marimo/milk10k_train_masks/IL_2045312_dermoscopic_mask.png,0.07429629629629629,valid,600x450,600x450
IL_2048295,IL_2048295,/marimo/milk10k/MILK10k_Training_Input/IL_2048295/ISIC_1526527.jpg,/marimo/milk10k_train_masks/IL_2048295_dermoscopic_mask.png,0.29744444444444446,valid,600x450,600x450
IL_2048695,IL_2048695,/marimo/milk10k/MILK10k_Training_Input/IL_2048695/ISIC_6618250.jpg,/marimo/milk10k_train_masks/IL_2048695_dermoscopic_mask.png,0.6552111111111111,valid,600x450,600x450
IL_2048772,IL_2048772,/marimo/milk10k/MILK10k_Training_Input/IL_2048772/ISIC_1424974.jpg,/marimo/milk10k_train_masks/IL_2048772_dermoscopic_mask.png,0.6394777777777778,valid,600x450,600x450
IL_2049093,IL_2049093,/marimo/milk10k/MILK10k_Training_Input/IL_2049093/ISIC_4399830.jpg,/marimo/milk10k_train_masks/IL_2049093_dermoscopic_mask.png,0.11791851851851852,valid,600x450,600x450
IL_2053741,IL_2053741,/marimo/milk10k/MILK10k_Training_Input/IL_2053741/ISIC_1295245.jpg,/marimo/milk10k_train_masks/IL_2053741_dermoscopic_mask.png,0.1860925925925926,valid,600x450,600x450
IL_2055704,IL_2055704,/marimo/milk10k/MILK10k_Training_Input/IL_2055704/ISIC_4584962.jpg,/marimo/milk10k_train_masks/IL_2055704_dermoscopic_mask.png,0.24553703703703703,valid,600x450,600x450
IL_2055749,IL_2055749,/marimo/milk10k/MILK10k_Training_Input/IL_2055749/ISIC_8261347.jpg,/marimo/milk10k_train_masks/IL_2055749_dermoscopic_mask.png,0.3177037037037037,valid,600x450,600x450
IL_2057238,IL_2057238,/marimo/milk10k/MILK10k_Training_Input/IL_2057238/ISIC_6991585.jpg,/marimo/milk10k_train_masks/IL_2057238_dermoscopic_mask.png,0.18765555555555555,valid,600x450,600x450
IL_2058691,IL_2058691,/marimo/milk10k/MILK10k_Training_Input/IL_2058691/ISIC_6881977.jpg,/marimo/milk10k_train_masks/IL_2058691_dermoscopic_mask.png,0.5076407407407407,valid,600x450,600x450
IL_2066626,IL_2066626,/marimo/milk10k/MILK10k_Training_Input/IL_2066626/ISIC_1146954.jpg,/marimo/milk10k_train_masks/IL_2066626_dermoscopic_mask.png,0.08674814814814814,valid,600x450,600x450
IL_2067413,IL_2067413,/marimo/milk10k/MILK10k_Training_Input/IL_2067413/ISIC_3389727.jpg,/marimo/milk10k_train_masks/IL_2067413_dermoscopic_mask.png,0.040240740740740744,valid,600x450,600x450
IL_2072035,IL_2072035,/marimo/milk10k/MILK10k_Training_Input/IL_2072035/ISIC_2730868.jpg,/marimo/milk10k_train_masks/IL_2072035_dermoscopic_mask.png,0.16252962962962964,valid,600x450,600x450
IL_2080493,IL_2080493,/marimo/milk10k/MILK10k_Training_Input/IL_2080493/ISIC_0289289.jpg,/marimo/milk10k_train_masks/IL_2080493_dermoscopic_mask.png,0.05439259259259259,valid,600x450,600x450
IL_2082500,IL_2082500,/marimo/milk10k/MILK10k_Training_Input/IL_2082500/ISIC_1906798.jpg,/marimo/milk10k_train_masks/IL_2082500_dermoscopic_mask.png,0.13773703703703705,valid,600x450,600x450
IL_2086126,IL_2086126,/marimo/milk10k/MILK10k_Training_Input/IL_2086126/ISIC_5268767.jpg,/marimo/milk10k_train_masks/IL_2086126_dermoscopic_mask.png,0.32439259259259257,valid,600x450,600x450
IL_2087483,IL_2087483,/marimo/milk10k/MILK10k_Training_Input/IL_2087483/ISIC_9157592.jpg,/marimo/milk10k_train_masks/IL_2087483_dermoscopic_mask.png,0.20420740740740742,valid,600x450,600x450
IL_2088373,IL_2088373,/marimo/milk10k/MILK10k_Training_Input/IL_2088373/ISIC_9313746.jpg,/marimo/milk10k_train_masks/IL_2088373_dermoscopic_mask.png,0.38996296296296296,valid,600x450,600x450
IL_2088463,IL_2088463,/marimo/milk10k/MILK10k_Training_Input/IL_2088463/ISIC_2873988.jpg,/marimo/milk10k_train_masks/IL_2088463_dermoscopic_mask.png,0.36395925925925926,valid,600x450,600x450
IL_2090783,IL_2090783,/marimo/milk10k/MILK10k_Training_Input/IL_2090783/ISIC_6196546.jpg,/marimo/milk10k_train_masks/IL_2090783_dermoscopic_mask.png,0.32363333333333333,valid,600x450,600x450
IL_2093270,IL_2093270,/marimo/milk10k/MILK10k_Training_Input/IL_2093270/ISIC_9156154.jpg,/marimo/milk10k_train_masks/IL_2093270_dermoscopic_mask.png,0.5099851851851852,valid,600x450,600x450
IL_2094234,IL_2094234,/marimo/milk10k/MILK10k_Training_Input/IL_2094234/ISIC_5566320.jpg,/marimo/milk10k_train_masks/IL_2094234_dermoscopic_mask.png,0.45384444444444444,valid,600x450,600x450
IL_2095785,IL_2095785,/marimo/milk10k/MILK10k_Training_Input/IL_2095785/ISIC_1570827.jpg,/marimo/milk10k_train_masks/IL_2095785_dermoscopic_mask.png,0.4308074074074074,valid,600x450,600x450
IL_2096357,IL_2096357,/marimo/milk10k/MILK10k_Training_Input/IL_2096357/ISIC_8462208.jpg,/marimo/milk10k_train_masks/IL_2096357_dermoscopic_mask.png,0.21860740740740742,valid,600x450,600x450
IL_2096474,IL_2096474,/marimo/milk10k/MILK10k_Training_Input/IL_2096474/ISIC_2872052.jpg,/marimo/milk10k_train_masks/IL_2096474_dermoscopic_mask.png,0.19583333333333333,valid,600x450,600x450
IL_2101385,IL_2101385,/marimo/milk10k/MILK10k_Training_Input/IL_2101385/ISIC_5643547.jpg,/marimo/milk10k_train_masks/IL_2101385_dermoscopic_mask.png,0.2606925925925926,valid,600x450,600x450
IL_2103836,IL_2103836,/marimo/milk10k/MILK10k_Training_Input/IL_2103836/ISIC_1972798.jpg,/marimo/milk10k_train_masks/IL_2103836_dermoscopic_mask.png,0.12142592592592592,valid,600x450,600x450
IL_2104146,IL_2104146,/marimo/milk10k/MILK10k_Training_Input/IL_2104146/ISIC_0533507.jpg,/marimo/milk10k_train_masks/IL_2104146_dermoscopic_mask.png,0.6661481481481482,valid,600x450,600x450
IL_2104820,IL_2104820,/marimo/milk10k/MILK10k_Training_Input/IL_2104820/ISIC_2594634.jpg,/marimo/milk10k_train_masks/IL_2104820_dermoscopic_mask.png,0.0997925925925926,valid,600x450,600x450
IL_2107598,IL_2107598,/marimo/milk10k/MILK10k_Training_Input/IL_2107598/ISIC_1517003.jpg,/marimo/milk10k_train_masks/IL_2107598_dermoscopic_mask.png,0.41963333333333336,valid,600x450,600x450
IL_2109163,IL_2109163,/marimo/milk10k/MILK10k_Training_Input/IL_2109163/ISIC_2459161.jpg,/marimo/milk10k_train_masks/IL_2109163_dermoscopic_mask.png,0.5840444444444445,valid,600x450,600x450
IL_2110181,IL_2110181,/marimo/milk10k/MILK10k_Training_Input/IL_2110181/ISIC_6614371.jpg,/marimo/milk10k_train_masks/IL_2110181_dermoscopic_mask.png,0.2786777777777778,valid,600x450,600x450
IL_2111173,IL_2111173,/marimo/milk10k/MILK10k_Training_Input/IL_2111173/ISIC_8995161.jpg,/marimo/milk10k_train_masks/IL_2111173_dermoscopic_mask.png,0.23114074074074073,valid,600x450,600x450
IL_2113413,IL_2113413,/marimo/milk10k/MILK10k_Training_Input/IL_2113413/ISIC_4886441.jpg,/marimo/milk10k_train_masks/IL_2113413_dermoscopic_mask.png,0.44965925925925926,valid,600x450,600x450
IL_2124181,IL_2124181,/marimo/milk10k/MILK10k_Training_Input/IL_2124181/ISIC_9132006.jpg,/marimo/milk10k_train_masks/IL_2124181_dermoscopic_mask.png,0.024207407407407407,valid,600x450,600x450
IL_2128198,IL_2128198,/marimo/milk10k/MILK10k_Training_Input/IL_2128198/ISIC_9612446.jpg,/marimo/milk10k_train_masks/IL_2128198_dermoscopic_mask.png,0.2843888888888889,valid,600x450,600x450
IL_2131051,IL_2131051,/marimo/milk10k/MILK10k_Training_Input/IL_2131051/ISIC_3902522.jpg,/marimo/milk10k_train_masks/IL_2131051_dermoscopic_mask.png,0.2710592592592593,valid,600x450,600x450
IL_2134316,IL_2134316,/marimo/milk10k/MILK10k_Training_Input/IL_2134316/ISIC_2237025.jpg,/marimo/milk10k_train_masks/IL_2134316_dermoscopic_mask.png,0.1915,valid,600x450,600x450
IL_2135126,IL_2135126,/marimo/milk10k/MILK10k_Training_Input/IL_2135126/ISIC_8195917.jpg,/marimo/milk10k_train_masks/IL_2135126_dermoscopic_mask.png,0.25207407407407406,valid,600x450,600x450
IL_2139485,IL_2139485,/marimo/milk10k/MILK10k_Training_Input/IL_2139485/ISIC_4360620.jpg,/marimo/milk10k_train_masks/IL_2139485_dermoscopic_mask.png,0.27353333333333335,valid,600x450,600x450
IL_2141966,IL_2141966,/marimo/milk10k/MILK10k_Training_Input/IL_2141966/ISIC_3183046.jpg,/marimo/milk10k_train_masks/IL_2141966_dermoscopic_mask.png,0.12789629629629629,valid,600x450,600x450
IL_2150976,IL_2150976,/marimo/milk10k/MILK10k_Training_Input/IL_2150976/ISIC_1683950.jpg,/marimo/milk10k_train_masks/IL_2150976_dermoscopic_mask.png,0.22831851851851853,valid,600x450,600x450
IL_2152679,IL_2152679,/marimo/milk10k/MILK10k_Training_Input/IL_2152679/ISIC_5090480.jpg,/marimo/milk10k_train_masks/IL_2152679_dermoscopic_mask.png,0.4059037037037037,valid,600x450,600x450
IL_2154531,IL_2154531,/marimo/milk10k/MILK10k_Training_Input/IL_2154531/ISIC_5182952.jpg,/marimo/milk10k_train_masks/IL_2154531_dermoscopic_mask.png,0.3952074074074074,valid,600x450,600x450
IL_2156585,IL_2156585,/marimo/milk10k/MILK10k_Training_Input/IL_2156585/ISIC_3722054.jpg,/marimo/milk10k_train_masks/IL_2156585_dermoscopic_mask.png,0.40002592592592595,valid,600x450,600x450
IL_2160413,IL_2160413,/marimo/milk10k/MILK10k_Training_Input/IL_2160413/ISIC_0417486.jpg,/marimo/milk10k_train_masks/IL_2160413_dermoscopic_mask.png,0.038422222222222226,valid,600x450,600x450
IL_2163482,IL_2163482,/marimo/milk10k/MILK10k_Training_Input/IL_2163482/ISIC_3281875.jpg,/marimo/milk10k_train_masks/IL_2163482_dermoscopic_mask.png,0.3449,valid,600x450,600x450
IL_2166765,IL_2166765,/marimo/milk10k/MILK10k_Training_Input/IL_2166765/ISIC_6020001.jpg,/marimo/milk10k_train_masks/IL_2166765_dermoscopic_mask.png,0.5991444444444445,valid,600x450,600x450
IL_2167276,IL_2167276,/marimo/milk10k/MILK10k_Training_Input/IL_2167276/ISIC_8495426.jpg,/marimo/milk10k_train_masks/IL_2167276_dermoscopic_mask.png,0.48493703703703706,valid,600x450,600x450
IL_2167719,IL_2167719,/marimo/milk10k/MILK10k_Training_Input/IL_2167719/ISIC_1103956.jpg,/marimo/milk10k_train_masks/IL_2167719_dermoscopic_mask.png,0.2872925925925926,valid,600x450,600x450
IL_2170674,IL_2170674,/marimo/milk10k/MILK10k_Training_Input/IL_2170674/ISIC_9573010.jpg,/marimo/milk10k_train_masks/IL_2170674_dermoscopic_mask.png,0.22540740740740742,valid,600x450,600x450
IL_2171810,IL_2171810,/marimo/milk10k/MILK10k_Training_Input/IL_2171810/ISIC_3429549.jpg,/marimo/milk10k_train_masks/IL_2171810_dermoscopic_mask.png,0.42361481481481483,valid,600x450,600x450
IL_2172033,IL_2172033,/marimo/milk10k/MILK10k_Training_Input/IL_2172033/ISIC_3327943.jpg,/marimo/milk10k_train_masks/IL_2172033_dermoscopic_mask.png,0.7141666666666666,valid,600x450,600x450
IL_2175729,IL_2175729,/marimo/milk10k/MILK10k_Training_Input/IL_2175729/ISIC_7040859.jpg,/marimo/milk10k_train_masks/IL_2175729_dermoscopic_mask.png,0.13916296296296296,valid,600x450,600x450
IL_2176807,IL_2176807,/marimo/milk10k/MILK10k_Training_Input/IL_2176807/ISIC_3472228.jpg,/marimo/milk10k_train_masks/IL_2176807_dermoscopic_mask.png,0.21406296296296295,valid,600x450,600x450
IL_2177210,IL_2177210,/marimo/milk10k/MILK10k_Training_Input/IL_2177210/ISIC_8691098.jpg,/marimo/milk10k_train_masks/IL_2177210_dermoscopic_mask.png,0.3896925925925926,valid,600x450,600x450
IL_2178122,IL_2178122,/marimo/milk10k/MILK10k_Training_Input/IL_2178122/ISIC_7529554.jpg,/marimo/milk10k_train_masks/IL_2178122_dermoscopic_mask.png,0.2041,valid,600x450,600x450
IL_2185095,IL_2185095,/marimo/milk10k/MILK10k_Training_Input/IL_2185095/ISIC_9404484.jpg,/marimo/milk10k_train_masks/IL_2185095_dermoscopic_mask.png,0.6184666666666667,valid,600x450,600x450
IL_2185825,IL_2185825,/marimo/milk10k/MILK10k_Training_Input/IL_2185825/ISIC_8179634.jpg,/marimo/milk10k_train_masks/IL_2185825_dermoscopic_mask.png,0.36144814814814813,valid,600x450,600x450
IL_2187730,IL_2187730,/marimo/milk10k/MILK10k_Training_Input/IL_2187730/ISIC_8862307.jpg,/marimo/milk10k_train_masks/IL_2187730_dermoscopic_mask.png,0.042222222222222223,valid,600x450,600x450
IL_2190163,IL_2190163,/marimo/milk10k/MILK10k_Training_Input/IL_2190163/ISIC_0965546.jpg,/marimo/milk10k_train_masks/IL_2190163_dermoscopic_mask.png,0.7046518518518519,valid,600x450,600x450
IL_2190354,IL_2190354,/marimo/milk10k/MILK10k_Training_Input/IL_2190354/ISIC_6162714.jpg,/marimo/milk10k_train_masks/IL_2190354_dermoscopic_mask.png,0.034022222222222225,valid,600x450,600x450
IL_2191352,IL_2191352,/marimo/milk10k/MILK10k_Training_Input/IL_2191352/ISIC_1970706.jpg,/marimo/milk10k_train_masks/IL_2191352_dermoscopic_mask.png,0.3975925925925926,valid,600x450,600x450
IL_2194640,IL_2194640,/marimo/milk10k/MILK10k_Training_Input/IL_2194640/ISIC_4964428.jpg,/marimo/milk10k_train_masks/IL_2194640_dermoscopic_mask.png,0.3962888888888889,valid,600x450,600x450
IL_2196510,IL_2196510,/marimo/milk10k/MILK10k_Training_Input/IL_2196510/ISIC_7074302.jpg,/marimo/milk10k_train_masks/IL_2196510_dermoscopic_mask.png,0.18256666666666665,valid,600x450,600x450
IL_2197335,IL_2197335,/marimo/milk10k/MILK10k_Training_Input/IL_2197335/ISIC_9005347.jpg,/marimo/milk10k_train_masks/IL_2197335_dermoscopic_mask.png,0.14364074074074074,valid,600x450,600x450
IL_2198915,IL_2198915,/marimo/milk10k/MILK10k_Training_Input/IL_2198915/ISIC_7442526.jpg,/marimo/milk10k_train_masks/IL_2198915_dermoscopic_mask.png,0.17243703703703703,valid,600x450,600x450
IL_2200466,IL_2200466,/marimo/milk10k/MILK10k_Training_Input/IL_2200466/ISIC_2620132.jpg,/marimo/milk10k_train_masks/IL_2200466_dermoscopic_mask.png,0.49113703703703704,valid,600x450,600x450
IL_2201077,IL_2201077,/marimo/milk10k/MILK10k_Training_Input/IL_2201077/ISIC_1280046.jpg,/marimo/milk10k_train_masks/IL_2201077_dermoscopic_mask.png,0.27882222222222225,valid,600x450,600x450
IL_2201458,IL_2201458,/marimo/milk10k/MILK10k_Training_Input/IL_2201458/ISIC_8701478.jpg,/marimo/milk10k_train_masks/IL_2201458_dermoscopic_mask.png,0.3733074074074074,valid,600x450,600x450
IL_2201530,IL_2201530,/marimo/milk10k/MILK10k_Training_Input/IL_2201530/ISIC_2586728.jpg,/marimo/milk10k_train_masks/IL_2201530_dermoscopic_mask.png,0.5068666666666667,valid,600x450,600x450
IL_2205080,IL_2205080,/marimo/milk10k/MILK10k_Training_Input/IL_2205080/ISIC_6355154.jpg,/marimo/milk10k_train_masks/IL_2205080_dermoscopic_mask.png,0.11053703703703703,valid,600x450,600x450
IL_2206044,IL_2206044,/marimo/milk10k/MILK10k_Training_Input/IL_2206044/ISIC_0356038.jpg,/marimo/milk10k_train_masks/IL_2206044_dermoscopic_mask.png,0.47754814814814817,valid,600x450,600x450
IL_2208727,IL_2208727,/marimo/milk10k/MILK10k_Training_Input/IL_2208727/ISIC_5548095.jpg,/marimo/milk10k_train_masks/IL_2208727_dermoscopic_mask.png,0.09358518518518519,valid,600x450,600x450
IL_2211333,IL_2211333,/marimo/milk10k/MILK10k_Training_Input/IL_2211333/ISIC_8251123.jpg,/marimo/milk10k_train_masks/IL_2211333_dermoscopic_mask.png,0.2969851851851852,valid,600x450,600x450
IL_2211543,IL_2211543,/marimo/milk10k/MILK10k_Training_Input/IL_2211543/ISIC_3118860.jpg,/marimo/milk10k_train_masks/IL_2211543_dermoscopic_mask.png,0.5749740740740741,valid,600x450,600x450
IL_2211559,IL_2211559,/marimo/milk10k/MILK10k_Training_Input/IL_2211559/ISIC_4598485.jpg,/marimo/milk10k_train_masks/IL_2211559_dermoscopic_mask.png,0.40023703703703706,valid,600x450,600x450
IL_2211999,IL_2211999,/marimo/milk10k/MILK10k_Training_Input/IL_2211999/ISIC_0115985.jpg,/marimo/milk10k_train_masks/IL_2211999_dermoscopic_mask.png,0.45527407407407405,valid,600x450,600x450
IL_2215317,IL_2215317,/marimo/milk10k/MILK10k_Training_Input/IL_2215317/ISIC_8234709.jpg,/marimo/milk10k_train_masks/IL_2215317_dermoscopic_mask.png,0.4932185185185185,valid,600x450,600x450
IL_2216444,IL_2216444,/marimo/milk10k/MILK10k_Training_Input/IL_2216444/ISIC_1436009.jpg,/marimo/milk10k_train_masks/IL_2216444_dermoscopic_mask.png,0.22634444444444443,valid,600x450,600x450
IL_2218203,IL_2218203,/marimo/milk10k/MILK10k_Training_Input/IL_2218203/ISIC_2160854.jpg,/marimo/milk10k_train_masks/IL_2218203_dermoscopic_mask.png,0.17544444444444443,valid,600x450,600x450
IL_2218381,IL_2218381,/marimo/milk10k/MILK10k_Training_Input/IL_2218381/ISIC_6707935.jpg,/marimo/milk10k_train_masks/IL_2218381_dermoscopic_mask.png,0.6779259259259259,valid,600x450,600x450
IL_2218575,IL_2218575,/marimo/milk10k/MILK10k_Training_Input/IL_2218575/ISIC_5992562.jpg,/marimo/milk10k_train_masks/IL_2218575_dermoscopic_mask.png,0.4452777777777778,valid,600x450,600x450
IL_2221229,IL_2221229,/marimo/milk10k/MILK10k_Training_Input/IL_2221229/ISIC_6790517.jpg,/marimo/milk10k_train_masks/IL_2221229_dermoscopic_mask.png,0.3139925925925926,valid,600x450,600x450
IL_2222251,IL_2222251,/marimo/milk10k/MILK10k_Training_Input/IL_2222251/ISIC_0825152.jpg,/marimo/milk10k_train_masks/IL_2222251_dermoscopic_mask.png,0.3544148148148148,valid,600x450,600x450
IL_2227380,IL_2227380,/marimo/milk10k/MILK10k_Training_Input/IL_2227380/ISIC_0497921.jpg,/marimo/milk10k_train_masks/IL_2227380_dermoscopic_mask.png,0.8270333333333333,valid,600x450,600x450
IL_2227490,IL_2227490,/marimo/milk10k/MILK10k_Training_Input/IL_2227490/ISIC_0518723.jpg,/marimo/milk10k_train_masks/IL_2227490_dermoscopic_mask.png,0.13582592592592593,valid,600x450,600x450
IL_2228009,IL_2228009,/marimo/milk10k/MILK10k_Training_Input/IL_2228009/ISIC_1231719.jpg,/marimo/milk10k_train_masks/IL_2228009_dermoscopic_mask.png,0.5419888888888889,valid,600x450,600x450
IL_2228452,IL_2228452,/marimo/milk10k/MILK10k_Training_Input/IL_2228452/ISIC_0383910.jpg,/marimo/milk10k_train_masks/IL_2228452_dermoscopic_mask.png,0.12373703703703703,valid,600x450,600x450
IL_2229268,IL_2229268,/marimo/milk10k/MILK10k_Training_Input/IL_2229268/ISIC_7784876.jpg,/marimo/milk10k_train_masks/IL_2229268_dermoscopic_mask.png,0.32097777777777775,valid,600x450,600x450
IL_2233251,IL_2233251,/marimo/milk10k/MILK10k_Training_Input/IL_2233251/ISIC_2100961.jpg,/marimo/milk10k_train_masks/IL_2233251_dermoscopic_mask.png,0.15955925925925926,valid,600x450,600x450
IL_2234007,IL_2234007,/marimo/milk10k/MILK10k_Training_Input/IL_2234007/ISIC_0799155.jpg,/marimo/milk10k_train_masks/IL_2234007_dermoscopic_mask.png,0.22928518518518518,valid,600x450,600x450
IL_2234057,IL_2234057,/marimo/milk10k/MILK10k_Training_Input/IL_2234057/ISIC_4647126.jpg,/marimo/milk10k_train_masks/IL_2234057_dermoscopic_mask.png,0.3322185185185185,valid,600x450,600x450
IL_2236716,IL_2236716,/marimo/milk10k/MILK10k_Training_Input/IL_2236716/ISIC_6550491.jpg,/marimo/milk10k_train_masks/IL_2236716_dermoscopic_mask.png,0.2677814814814815,valid,600x450,600x450
IL_2237412,IL_2237412,/marimo/milk10k/MILK10k_Training_Input/IL_2237412/ISIC_9938958.jpg,/marimo/milk10k_train_masks/IL_2237412_dermoscopic_mask.png,0.5382259259259259,valid,600x450,600x450
IL_2237445,IL_2237445,/marimo/milk10k/MILK10k_Training_Input/IL_2237445/ISIC_2713587.jpg,/marimo/milk10k_train_masks/IL_2237445_dermoscopic_mask.png,0.4643888888888889,valid,600x450,600x450
IL_2239570,IL_2239570,/marimo/milk10k/MILK10k_Training_Input/IL_2239570/ISIC_4796147.jpg,/marimo/milk10k_train_masks/IL_2239570_dermoscopic_mask.png,0.34887407407407406,valid,600x450,600x450
IL_2241538,IL_2241538,/marimo/milk10k/MILK10k_Training_Input/IL_2241538/ISIC_3665449.jpg,/marimo/milk10k_train_masks/IL_2241538_dermoscopic_mask.png,0.32955555555555555,valid,600x450,600x450
IL_2242136,IL_2242136,/marimo/milk10k/MILK10k_Training_Input/IL_2242136/ISIC_5541499.jpg,/marimo/milk10k_train_masks/IL_2242136_dermoscopic_mask.png,0.30318518518518517,valid,600x450,600x450
IL_2243565,IL_2243565,/marimo/milk10k/MILK10k_Training_Input/IL_2243565/ISIC_5607257.jpg,/marimo/milk10k_train_masks/IL_2243565_dermoscopic_mask.png,0.716162962962963,valid,600x450,600x450
IL_2247062,IL_2247062,/marimo/milk10k/MILK10k_Training_Input/IL_2247062/ISIC_5173718.jpg,/marimo/milk10k_train_masks/IL_2247062_dermoscopic_mask.png,0.3681,valid,600x450,600x450
IL_2248531,IL_2248531,/marimo/milk10k/MILK10k_Training_Input/IL_2248531/ISIC_0411803.jpg,/marimo/milk10k_train_masks/IL_2248531_dermoscopic_mask.png,0.24616296296296297,valid,600x450,600x450
IL_2248965,IL_2248965,/marimo/milk10k/MILK10k_Training_Input/IL_2248965/ISIC_0361189.jpg,/marimo/milk10k_train_masks/IL_2248965_dermoscopic_mask.png,0.08222962962962962,valid,600x450,600x450
IL_2251187,IL_2251187,/marimo/milk10k/MILK10k_Training_Input/IL_2251187/ISIC_7045012.jpg,/marimo/milk10k_train_masks/IL_2251187_dermoscopic_mask.png,0.3948407407407407,valid,600x450,600x450
IL_2251531,IL_2251531,/marimo/milk10k/MILK10k_Training_Input/IL_2251531/ISIC_9138708.jpg,/marimo/milk10k_train_masks/IL_2251531_dermoscopic_mask.png,0.6723111111111111,valid,600x450,600x450
IL_2251689,IL_2251689,/marimo/milk10k/MILK10k_Training_Input/IL_2251689/ISIC_4737695.jpg,/marimo/milk10k_train_masks/IL_2251689_dermoscopic_mask.png,0.20170740740740742,valid,600x450,600x450
IL_2255727,IL_2255727,/marimo/milk10k/MILK10k_Training_Input/IL_2255727/ISIC_8403829.jpg,/marimo/milk10k_train_masks/IL_2255727_dermoscopic_mask.png,0.9470925925925926,valid,600x450,600x450
IL_2257224,IL_2257224,/marimo/milk10k/MILK10k_Training_Input/IL_2257224/ISIC_2129613.jpg,/marimo/milk10k_train_masks/IL_2257224_dermoscopic_mask.png,0.5672814814814815,valid,600x450,600x450
IL_2263451,IL_2263451,/marimo/milk10k/MILK10k_Training_Input/IL_2263451/ISIC_4822631.jpg,/marimo/milk10k_train_masks/IL_2263451_dermoscopic_mask.png,0.3529962962962963,valid,600x450,600x450
IL_2265683,IL_2265683,/marimo/milk10k/MILK10k_Training_Input/IL_2265683/ISIC_7839162.jpg,/marimo/milk10k_train_masks/IL_2265683_dermoscopic_mask.png,0.46704814814814816,valid,600x450,600x450
IL_2272404,IL_2272404,/marimo/milk10k/MILK10k_Training_Input/IL_2272404/ISIC_4330964.jpg,/marimo/milk10k_train_masks/IL_2272404_dermoscopic_mask.png,0.26325185185185185,valid,600x450,600x450
IL_2273559,IL_2273559,/marimo/milk10k/MILK10k_Training_Input/IL_2273559/ISIC_5120362.jpg,/marimo/milk10k_train_masks/IL_2273559_dermoscopic_mask.png,0.3263,valid,600x450,600x450
IL_2273712,IL_2273712,/marimo/milk10k/MILK10k_Training_Input/IL_2273712/ISIC_7733999.jpg,/marimo/milk10k_train_masks/IL_2273712_dermoscopic_mask.png,0.3431740740740741,valid,600x450,600x450
IL_2274387,IL_2274387,/marimo/milk10k/MILK10k_Training_Input/IL_2274387/ISIC_8032040.jpg,/marimo/milk10k_train_masks/IL_2274387_dermoscopic_mask.png,0.5978740740740741,valid,600x450,600x450
IL_2274698,IL_2274698,/marimo/milk10k/MILK10k_Training_Input/IL_2274698/ISIC_3689085.jpg,/marimo/milk10k_train_masks/IL_2274698_dermoscopic_mask.png,0.5810333333333333,valid,600x450,600x450
IL_2275218,IL_2275218,/marimo/milk10k/MILK10k_Training_Input/IL_2275218/ISIC_6602302.jpg,/marimo/milk10k_train_masks/IL_2275218_dermoscopic_mask.png,0.7065444444444444,valid,600x450,600x450
IL_2276592,IL_2276592,/marimo/milk10k/MILK10k_Training_Input/IL_2276592/ISIC_7278817.jpg,/marimo/milk10k_train_masks/IL_2276592_dermoscopic_mask.png,0.06657037037037038,valid,600x450,600x450
IL_2283112,IL_2283112,/marimo/milk10k/MILK10k_Training_Input/IL_2283112/ISIC_7813760.jpg,/marimo/milk10k_train_masks/IL_2283112_dermoscopic_mask.png,0.16837777777777777,valid,600x450,600x450
IL_2286275,IL_2286275,/marimo/milk10k/MILK10k_Training_Input/IL_2286275/ISIC_4733429.jpg,/marimo/milk10k_train_masks/IL_2286275_dermoscopic_mask.png,0.19191851851851852,valid,600x450,600x450
IL_2289243,IL_2289243,/marimo/milk10k/MILK10k_Training_Input/IL_2289243/ISIC_7171875.jpg,/marimo/milk10k_train_masks/IL_2289243_dermoscopic_mask.png,0.4648111111111111,valid,600x450,600x450
IL_2291153,IL_2291153,/marimo/milk10k/MILK10k_Training_Input/IL_2291153/ISIC_1594005.jpg,/marimo/milk10k_train_masks/IL_2291153_dermoscopic_mask.png,0.3447851851851852,valid,600x450,600x450
IL_2291194,IL_2291194,/marimo/milk10k/MILK10k_Training_Input/IL_2291194/ISIC_9467983.jpg,/marimo/milk10k_train_masks/IL_2291194_dermoscopic_mask.png,0.3444259259259259,valid,600x450,600x450
IL_2291869,IL_2291869,/marimo/milk10k/MILK10k_Training_Input/IL_2291869/ISIC_3431989.jpg,/marimo/milk10k_train_masks/IL_2291869_dermoscopic_mask.png,0.39806296296296295,valid,600x450,600x450
IL_2292995,IL_2292995,/marimo/milk10k/MILK10k_Training_Input/IL_2292995/ISIC_2215653.jpg,/marimo/milk10k_train_masks/IL_2292995_dermoscopic_mask.png,0.3126703703703704,valid,600x450,600x450
IL_2293895,IL_2293895,/marimo/milk10k/MILK10k_Training_Input/IL_2293895/ISIC_0411397.jpg,/marimo/milk10k_train_masks/IL_2293895_dermoscopic_mask.png,0.17794814814814816,valid,600x450,600x450
IL_2295141,IL_2295141,/marimo/milk10k/MILK10k_Training_Input/IL_2295141/ISIC_6314890.jpg,/marimo/milk10k_train_masks/IL_2295141_dermoscopic_mask.png,0.16505185185185184,valid,600x450,600x450
IL_2298931,IL_2298931,/marimo/milk10k/MILK10k_Training_Input/IL_2298931/ISIC_9172274.jpg,/marimo/milk10k_train_masks/IL_2298931_dermoscopic_mask.png,0.2791814814814815,valid,600x450,600x450
IL_2300316,IL_2300316,/marimo/milk10k/MILK10k_Training_Input/IL_2300316/ISIC_6349110.jpg,/marimo/milk10k_train_masks/IL_2300316_dermoscopic_mask.png,0.10261481481481481,valid,600x450,600x450
IL_2301403,IL_2301403,/marimo/milk10k/MILK10k_Training_Input/IL_2301403/ISIC_4712987.jpg,/marimo/milk10k_train_masks/IL_2301403_dermoscopic_mask.png,0.18844814814814814,valid,600x450,600x450
IL_2304727,IL_2304727,/marimo/milk10k/MILK10k_Training_Input/IL_2304727/ISIC_8778674.jpg,/marimo/milk10k_train_masks/IL_2304727_dermoscopic_mask.png,0.06871851851851851,valid,600x450,600x450
IL_2305001,IL_2305001,/marimo/milk10k/MILK10k_Training_Input/IL_2305001/ISIC_4847052.jpg,/marimo/milk10k_train_masks/IL_2305001_dermoscopic_mask.png,0.16995925925925925,valid,600x450,600x450
IL_2305768,IL_2305768,/marimo/milk10k/MILK10k_Training_Input/IL_2305768/ISIC_8830091.jpg,/marimo/milk10k_train_masks/IL_2305768_dermoscopic_mask.png,0.43654444444444446,valid,600x450,600x450
IL_2307206,IL_2307206,/marimo/milk10k/MILK10k_Training_Input/IL_2307206/ISIC_3810251.jpg,/marimo/milk10k_train_masks/IL_2307206_dermoscopic_mask.png,0.23454444444444444,valid,600x450,600x450
IL_2307468,IL_2307468,/marimo/milk10k/MILK10k_Training_Input/IL_2307468/ISIC_4726470.jpg,/marimo/milk10k_train_masks/IL_2307468_dermoscopic_mask.png,0.2528185185185185,valid,600x450,600x450
IL_2308802,IL_2308802,/marimo/milk10k/MILK10k_Training_Input/IL_2308802/ISIC_1652393.jpg,/marimo/milk10k_train_masks/IL_2308802_dermoscopic_mask.png,0.047233333333333336,valid,600x450,600x450
IL_2308976,IL_2308976,/marimo/milk10k/MILK10k_Training_Input/IL_2308976/ISIC_5180185.jpg,/marimo/milk10k_train_masks/IL_2308976_dermoscopic_mask.png,0.0865925925925926,valid,600x450,600x450
IL_2309123,IL_2309123,/marimo/milk10k/MILK10k_Training_Input/IL_2309123/ISIC_2464882.jpg,/marimo/milk10k_train_masks/IL_2309123_dermoscopic_mask.png,0.24881111111111112,valid,600x450,600x450
IL_2315075,IL_2315075,/marimo/milk10k/MILK10k_Training_Input/IL_2315075/ISIC_9271327.jpg,/marimo/milk10k_train_masks/IL_2315075_dermoscopic_mask.png,0.4368185185185185,valid,600x450,600x450
IL_2315755,IL_2315755,/marimo/milk10k/MILK10k_Training_Input/IL_2315755/ISIC_3048228.jpg,/marimo/milk10k_train_masks/IL_2315755_dermoscopic_mask.png,0.2626703703703704,valid,600x450,600x450
IL_2317693,IL_2317693,/marimo/milk10k/MILK10k_Training_Input/IL_2317693/ISIC_2119936.jpg,/marimo/milk10k_train_masks/IL_2317693_dermoscopic_mask.png,0.17571111111111112,valid,600x450,600x450
IL_2320070,IL_2320070,/marimo/milk10k/MILK10k_Training_Input/IL_2320070/ISIC_4469657.jpg,/marimo/milk10k_train_masks/IL_2320070_dermoscopic_mask.png,0.5084814814814815,valid,600x450,600x450
IL_2321044,IL_2321044,/marimo/milk10k/MILK10k_Training_Input/IL_2321044/ISIC_3032983.jpg,/marimo/milk10k_train_masks/IL_2321044_dermoscopic_mask.png,0.5960037037037037,valid,600x450,600x450
IL_2322719,IL_2322719,/marimo/milk10k/MILK10k_Training_Input/IL_2322719/ISIC_6938646.jpg,/marimo/milk10k_train_masks/IL_2322719_dermoscopic_mask.png,0.11071481481481482,valid,600x450,600x450
IL_2326241,IL_2326241,/marimo/milk10k/MILK10k_Training_Input/IL_2326241/ISIC_4561114.jpg,/marimo/milk10k_train_masks/IL_2326241_dermoscopic_mask.png,0.4163703703703704,valid,600x450,600x450
IL_2326581,IL_2326581,/marimo/milk10k/MILK10k_Training_Input/IL_2326581/ISIC_3341226.jpg,/marimo/milk10k_train_masks/IL_2326581_dermoscopic_mask.png,0.30543333333333333,valid,600x450,600x450
IL_2328375,IL_2328375,/marimo/milk10k/MILK10k_Training_Input/IL_2328375/ISIC_7644369.jpg,/marimo/milk10k_train_masks/IL_2328375_dermoscopic_mask.png,0.36915925925925924,valid,600x450,600x450
IL_2328480,IL_2328480,/marimo/milk10k/MILK10k_Training_Input/IL_2328480/ISIC_1505378.jpg,/marimo/milk10k_train_masks/IL_2328480_dermoscopic_mask.png,0.40552222222222223,valid,600x450,600x450
IL_2328752,IL_2328752,/marimo/milk10k/MILK10k_Training_Input/IL_2328752/ISIC_8109519.jpg,/marimo/milk10k_train_masks/IL_2328752_dermoscopic_mask.png,0.2604592592592593,valid,600x450,600x450
IL_2329642,IL_2329642,/marimo/milk10k/MILK10k_Training_Input/IL_2329642/ISIC_5841896.jpg,/marimo/milk10k_train_masks/IL_2329642_dermoscopic_mask.png,0.1862185185185185,valid,600x450,600x450
IL_2330730,IL_2330730,/marimo/milk10k/MILK10k_Training_Input/IL_2330730/ISIC_8703792.jpg,/marimo/milk10k_train_masks/IL_2330730_dermoscopic_mask.png,0.09973703703703704,valid,600x450,600x450
IL_2332411,IL_2332411,/marimo/milk10k/MILK10k_Training_Input/IL_2332411/ISIC_5510526.jpg,/marimo/milk10k_train_masks/IL_2332411_dermoscopic_mask.png,0.2856851851851852,valid,600x450,600x450
IL_2334074,IL_2334074,/marimo/milk10k/MILK10k_Training_Input/IL_2334074/ISIC_6312254.jpg,/marimo/milk10k_train_masks/IL_2334074_dermoscopic_mask.png,0.31346666666666667,valid,600x450,600x450
IL_2334846,IL_2334846,/marimo/milk10k/MILK10k_Training_Input/IL_2334846/ISIC_6428004.jpg,/marimo/milk10k_train_masks/IL_2334846_dermoscopic_mask.png,0.4961777777777778,valid,600x450,600x450
IL_2335600,IL_2335600,/marimo/milk10k/MILK10k_Training_Input/IL_2335600/ISIC_4369433.jpg,/marimo/milk10k_train_masks/IL_2335600_dermoscopic_mask.png,0.3304925925925926,valid,600x450,600x450
IL_2337974,IL_2337974,/marimo/milk10k/MILK10k_Training_Input/IL_2337974/ISIC_0867027.jpg,/marimo/milk10k_train_masks/IL_2337974_dermoscopic_mask.png,0.08992592592592592,valid,600x450,600x450
IL_2338679,IL_2338679,/marimo/milk10k/MILK10k_Training_Input/IL_2338679/ISIC_1721507.jpg,/marimo/milk10k_train_masks/IL_2338679_dermoscopic_mask.png,0.47204074074074076,valid,600x450,600x450
IL_2341353,IL_2341353,/marimo/milk10k/MILK10k_Training_Input/IL_2341353/ISIC_6698671.jpg,/marimo/milk10k_train_masks/IL_2341353_dermoscopic_mask.png,0.21137777777777778,valid,600x450,600x450
IL_2342693,IL_2342693,/marimo/milk10k/MILK10k_Training_Input/IL_2342693/ISIC_8293683.jpg,/marimo/milk10k_train_masks/IL_2342693_dermoscopic_mask.png,0.6603962962962963,valid,600x450,600x450
IL_2344576,IL_2344576,/marimo/milk10k/MILK10k_Training_Input/IL_2344576/ISIC_7912691.jpg,/marimo/milk10k_train_masks/IL_2344576_dermoscopic_mask.png,0.41655925925925924,valid,600x450,600x450
IL_2351136,IL_2351136,/marimo/milk10k/MILK10k_Training_Input/IL_2351136/ISIC_5165824.jpg,/marimo/milk10k_train_masks/IL_2351136_dermoscopic_mask.png,0.15522962962962963,valid,600x450,600x450
IL_2352772,IL_2352772,/marimo/milk10k/MILK10k_Training_Input/IL_2352772/ISIC_0119243.jpg,/marimo/milk10k_train_masks/IL_2352772_dermoscopic_mask.png,0.5546740740740741,valid,600x450,600x450
IL_2357169,IL_2357169,/marimo/milk10k/MILK10k_Training_Input/IL_2357169/ISIC_0912531.jpg,/marimo/milk10k_train_masks/IL_2357169_dermoscopic_mask.png,0.3428,valid,600x450,600x450
IL_2359351,IL_2359351,/marimo/milk10k/MILK10k_Training_Input/IL_2359351/ISIC_9180125.jpg,/marimo/milk10k_train_masks/IL_2359351_dermoscopic_mask.png,0.4806185185185185,valid,600x450,600x450
IL_2360320,IL_2360320,/marimo/milk10k/MILK10k_Training_Input/IL_2360320/ISIC_9161612.jpg,/marimo/milk10k_train_masks/IL_2360320_dermoscopic_mask.png,0.2553074074074074,valid,600x450,600x450
IL_2367179,IL_2367179,/marimo/milk10k/MILK10k_Training_Input/IL_2367179/ISIC_8329990.jpg,/marimo/milk10k_train_masks/IL_2367179_dermoscopic_mask.png,0.42392592592592593,valid,600x450,600x450
IL_2369165,IL_2369165,/marimo/milk10k/MILK10k_Training_Input/IL_2369165/ISIC_8491813.jpg,/marimo/milk10k_train_masks/IL_2369165_dermoscopic_mask.png,0.46541481481481484,valid,600x450,600x450
IL_2369272,IL_2369272,/marimo/milk10k/MILK10k_Training_Input/IL_2369272/ISIC_5883189.jpg,/marimo/milk10k_train_masks/IL_2369272_dermoscopic_mask.png,0.2625148148148148,valid,600x450,600x450
IL_2371687,IL_2371687,/marimo/milk10k/MILK10k_Training_Input/IL_2371687/ISIC_9353865.jpg,/marimo/milk10k_train_masks/IL_2371687_dermoscopic_mask.png,0.1344037037037037,valid,600x450,600x450
IL_2372422,IL_2372422,/marimo/milk10k/MILK10k_Training_Input/IL_2372422/ISIC_2212095.jpg,/marimo/milk10k_train_masks/IL_2372422_dermoscopic_mask.png,0.20946296296296296,valid,600x450,600x450
IL_2373762,IL_2373762,/marimo/milk10k/MILK10k_Training_Input/IL_2373762/ISIC_9995425.jpg,/marimo/milk10k_train_masks/IL_2373762_dermoscopic_mask.png,0.3191074074074074,valid,600x450,600x450
IL_2379441,IL_2379441,/marimo/milk10k/MILK10k_Training_Input/IL_2379441/ISIC_1756486.jpg,/marimo/milk10k_train_masks/IL_2379441_dermoscopic_mask.png,0.5210888888888889,valid,600x450,600x450
IL_2381359,IL_2381359,/marimo/milk10k/MILK10k_Training_Input/IL_2381359/ISIC_2178421.jpg,/marimo/milk10k_train_masks/IL_2381359_dermoscopic_mask.png,0.3545962962962963,valid,600x450,600x450
IL_2381875,IL_2381875,/marimo/milk10k/MILK10k_Training_Input/IL_2381875/ISIC_5728052.jpg,/marimo/milk10k_train_masks/IL_2381875_dermoscopic_mask.png,0.18008888888888888,valid,600x450,600x450
IL_2383580,IL_2383580,/marimo/milk10k/MILK10k_Training_Input/IL_2383580/ISIC_5958284.jpg,/marimo/milk10k_train_masks/IL_2383580_dermoscopic_mask.png,0.21626666666666666,valid,600x450,600x450
IL_2383953,IL_2383953,/marimo/milk10k/MILK10k_Training_Input/IL_2383953/ISIC_8118009.jpg,/marimo/milk10k_train_masks/IL_2383953_dermoscopic_mask.png,0.17455925925925925,valid,600x450,600x450
IL_2386676,IL_2386676,/marimo/milk10k/MILK10k_Training_Input/IL_2386676/ISIC_1473683.jpg,/marimo/milk10k_train_masks/IL_2386676_dermoscopic_mask.png,0.12165925925925926,valid,600x450,600x450
IL_2386719,IL_2386719,/marimo/milk10k/MILK10k_Training_Input/IL_2386719/ISIC_0350747.jpg,/marimo/milk10k_train_masks/IL_2386719_dermoscopic_mask.png,0.6344740740740741,valid,600x450,600x450
IL_2390458,IL_2390458,/marimo/milk10k/MILK10k_Training_Input/IL_2390458/ISIC_8292872.jpg,/marimo/milk10k_train_masks/IL_2390458_dermoscopic_mask.png,0.15754074074074073,valid,600x450,600x450
IL_2397644,IL_2397644,/marimo/milk10k/MILK10k_Training_Input/IL_2397644/ISIC_4606877.jpg,/marimo/milk10k_train_masks/IL_2397644_dermoscopic_mask.png,0.09107037037037037,valid,600x450,600x450
IL_2400114,IL_2400114,/marimo/milk10k/MILK10k_Training_Input/IL_2400114/ISIC_4905823.jpg,/marimo/milk10k_train_masks/IL_2400114_dermoscopic_mask.png,0.08171111111111111,valid,600x450,600x450
IL_2401021,IL_2401021,/marimo/milk10k/MILK10k_Training_Input/IL_2401021/ISIC_9708493.jpg,/marimo/milk10k_train_masks/IL_2401021_dermoscopic_mask.png,0.12113703703703704,valid,600x450,600x450
IL_2401585,IL_2401585,/marimo/milk10k/MILK10k_Training_Input/IL_2401585/ISIC_2581720.jpg,/marimo/milk10k_train_masks/IL_2401585_dermoscopic_mask.png,0.45873703703703705,valid,600x450,600x450
IL_2401627,IL_2401627,/marimo/milk10k/MILK10k_Training_Input/IL_2401627/ISIC_5442946.jpg,/marimo/milk10k_train_masks/IL_2401627_dermoscopic_mask.png,0.12613703703703705,valid,600x450,600x450
IL_2403428,IL_2403428,/marimo/milk10k/MILK10k_Training_Input/IL_2403428/ISIC_7883260.jpg,/marimo/milk10k_train_masks/IL_2403428_dermoscopic_mask.png,0.18053703703703702,valid,600x450,600x450
IL_2404701,IL_2404701,/marimo/milk10k/MILK10k_Training_Input/IL_2404701/ISIC_8019366.jpg,/marimo/milk10k_train_masks/IL_2404701_dermoscopic_mask.png,0.025014814814814816,valid,600x450,600x450
IL_2405400,IL_2405400,/marimo/milk10k/MILK10k_Training_Input/IL_2405400/ISIC_6344855.jpg,/marimo/milk10k_train_masks/IL_2405400_dermoscopic_mask.png,0.3341296296296296,valid,600x450,600x450
IL_2406754,IL_2406754,/marimo/milk10k/MILK10k_Training_Input/IL_2406754/ISIC_3085336.jpg,/marimo/milk10k_train_masks/IL_2406754_dermoscopic_mask.png,0.028077777777777778,valid,600x450,600x450
IL_2407358,IL_2407358,/marimo/milk10k/MILK10k_Training_Input/IL_2407358/ISIC_2716264.jpg,/marimo/milk10k_train_masks/IL_2407358_dermoscopic_mask.png,0.5389555555555555,valid,600x450,600x450
IL_2408766,IL_2408766,/marimo/milk10k/MILK10k_Training_Input/IL_2408766/ISIC_7765747.jpg,/marimo/milk10k_train_masks/IL_2408766_dermoscopic_mask.png,0.3119925925925926,valid,600x450,600x450
IL_2409650,IL_2409650,/marimo/milk10k/MILK10k_Training_Input/IL_2409650/ISIC_4573444.jpg,/marimo/milk10k_train_masks/IL_2409650_dermoscopic_mask.png,0.41107777777777776,valid,600x450,600x450
IL_2413319,IL_2413319,/marimo/milk10k/MILK10k_Training_Input/IL_2413319/ISIC_9735316.jpg,/marimo/milk10k_train_masks/IL_2413319_dermoscopic_mask.png,0.16041111111111112,valid,600x450,600x450
IL_2415353,IL_2415353,/marimo/milk10k/MILK10k_Training_Input/IL_2415353/ISIC_8281265.jpg,/marimo/milk10k_train_masks/IL_2415353_dermoscopic_mask.png,0.5566037037037037,valid,600x450,600x450
IL_2416806,IL_2416806,/marimo/milk10k/MILK10k_Training_Input/IL_2416806/ISIC_0256695.jpg,/marimo/milk10k_train_masks/IL_2416806_dermoscopic_mask.png,0.021762962962962963,valid,600x450,600x450
IL_2423269,IL_2423269,/marimo/milk10k/MILK10k_Training_Input/IL_2423269/ISIC_6949754.jpg,/marimo/milk10k_train_masks/IL_2423269_dermoscopic_mask.png,0.15665185185185185,valid,600x450,600x450
IL_2426275,IL_2426275,/marimo/milk10k/MILK10k_Training_Input/IL_2426275/ISIC_9642724.jpg,/marimo/milk10k_train_masks/IL_2426275_dermoscopic_mask.png,0.2788962962962963,valid,600x450,600x450
IL_2429008,IL_2429008,/marimo/milk10k/MILK10k_Training_Input/IL_2429008/ISIC_9693802.jpg,/marimo/milk10k_train_masks/IL_2429008_dermoscopic_mask.png,0.23826296296296295,valid,600x450,600x450
IL_2432555,IL_2432555,/marimo/milk10k/MILK10k_Training_Input/IL_2432555/ISIC_0772652.jpg,/marimo/milk10k_train_masks/IL_2432555_dermoscopic_mask.png,0.33804074074074075,valid,600x450,600x450
IL_2433161,IL_2433161,/marimo/milk10k/MILK10k_Training_Input/IL_2433161/ISIC_3259871.jpg,/marimo/milk10k_train_masks/IL_2433161_dermoscopic_mask.png,0.502237037037037,valid,600x450,600x450
IL_2441603,IL_2441603,/marimo/milk10k/MILK10k_Training_Input/IL_2441603/ISIC_5233296.jpg,/marimo/milk10k_train_masks/IL_2441603_dermoscopic_mask.png,0.4142925925925926,valid,600x450,600x450
IL_2442202,IL_2442202,/marimo/milk10k/MILK10k_Training_Input/IL_2442202/ISIC_8020571.jpg,/marimo/milk10k_train_masks/IL_2442202_dermoscopic_mask.png,0.07544074074074074,valid,600x450,600x450
IL_2448175,IL_2448175,/marimo/milk10k/MILK10k_Training_Input/IL_2448175/ISIC_7139452.jpg,/marimo/milk10k_train_masks/IL_2448175_dermoscopic_mask.png,0.29737407407407407,valid,600x450,600x450
IL_2448837,IL_2448837,/marimo/milk10k/MILK10k_Training_Input/IL_2448837/ISIC_5567599.jpg,/marimo/milk10k_train_masks/IL_2448837_dermoscopic_mask.png,0.10754074074074074,valid,600x450,600x450
IL_2450142,IL_2450142,/marimo/milk10k/MILK10k_Training_Input/IL_2450142/ISIC_5629312.jpg,/marimo/milk10k_train_masks/IL_2450142_dermoscopic_mask.png,0.04381481481481481,valid,600x450,600x450
IL_2450651,IL_2450651,/marimo/milk10k/MILK10k_Training_Input/IL_2450651/ISIC_3431903.jpg,/marimo/milk10k_train_masks/IL_2450651_dermoscopic_mask.png,0.12684444444444445,valid,600x450,600x450
IL_2451092,IL_2451092,/marimo/milk10k/MILK10k_Training_Input/IL_2451092/ISIC_4765663.jpg,/marimo/milk10k_train_masks/IL_2451092_dermoscopic_mask.png,0.13533333333333333,valid,600x450,600x450
IL_2454267,IL_2454267,/marimo/milk10k/MILK10k_Training_Input/IL_2454267/ISIC_8882696.jpg,/marimo/milk10k_train_masks/IL_2454267_dermoscopic_mask.png,0.3673,valid,600x450,600x450
IL_2461087,IL_2461087,/marimo/milk10k/MILK10k_Training_Input/IL_2461087/ISIC_1284470.jpg,/marimo/milk10k_train_masks/IL_2461087_dermoscopic_mask.png,0.10092222222222222,valid,600x450,600x450
IL_2463656,IL_2463656,/marimo/milk10k/MILK10k_Training_Input/IL_2463656/ISIC_1964200.jpg,/marimo/milk10k_train_masks/IL_2463656_dermoscopic_mask.png,0.4182814814814815,valid,600x450,600x450
IL_2466178,IL_2466178,/marimo/milk10k/MILK10k_Training_Input/IL_2466178/ISIC_5804674.jpg,/marimo/milk10k_train_masks/IL_2466178_dermoscopic_mask.png,0.3841,valid,600x450,600x450
IL_2466652,IL_2466652,/marimo/milk10k/MILK10k_Training_Input/IL_2466652/ISIC_3462090.jpg,/marimo/milk10k_train_masks/IL_2466652_dermoscopic_mask.png,0.8873333333333333,valid,600x450,600x450
IL_2466872,IL_2466872,/marimo/milk10k/MILK10k_Training_Input/IL_2466872/ISIC_8206552.jpg,/marimo/milk10k_train_masks/IL_2466872_dermoscopic_mask.png,0.2852222222222222,valid,600x450,600x450
IL_2467466,IL_2467466,/marimo/milk10k/MILK10k_Training_Input/IL_2467466/ISIC_4243113.jpg,/marimo/milk10k_train_masks/IL_2467466_dermoscopic_mask.png,0.21680740740740742,valid,600x450,600x450
IL_2468895,IL_2468895,/marimo/milk10k/MILK10k_Training_Input/IL_2468895/ISIC_4350222.jpg,/marimo/milk10k_train_masks/IL_2468895_dermoscopic_mask.png,0.11998518518518518,valid,600x450,600x450
IL_2470162,IL_2470162,/marimo/milk10k/MILK10k_Training_Input/IL_2470162/ISIC_2893311.jpg,/marimo/milk10k_train_masks/IL_2470162_dermoscopic_mask.png,0.35402962962962964,valid,600x450,600x450
IL_2471050,IL_2471050,/marimo/milk10k/MILK10k_Training_Input/IL_2471050/ISIC_5707338.jpg,/marimo/milk10k_train_masks/IL_2471050_dermoscopic_mask.png,0.6409444444444444,valid,600x450,600x450
IL_2473158,IL_2473158,/marimo/milk10k/MILK10k_Training_Input/IL_2473158/ISIC_5235518.jpg,/marimo/milk10k_train_masks/IL_2473158_dermoscopic_mask.png,0.28052222222222223,valid,600x450,600x450
IL_2473715,IL_2473715,/marimo/milk10k/MILK10k_Training_Input/IL_2473715/ISIC_7072308.jpg,/marimo/milk10k_train_masks/IL_2473715_dermoscopic_mask.png,0.3910851851851852,valid,600x450,600x450
IL_2473783,IL_2473783,/marimo/milk10k/MILK10k_Training_Input/IL_2473783/ISIC_2054960.jpg,/marimo/milk10k_train_masks/IL_2473783_dermoscopic_mask.png,0.4579925925925926,valid,600x450,600x450
IL_2474779,IL_2474779,/marimo/milk10k/MILK10k_Training_Input/IL_2474779/ISIC_8097741.jpg,/marimo/milk10k_train_masks/IL_2474779_dermoscopic_mask.png,0.38757407407407407,valid,600x450,600x450
IL_2476952,IL_2476952,/marimo/milk10k/MILK10k_Training_Input/IL_2476952/ISIC_4328393.jpg,/marimo/milk10k_train_masks/IL_2476952_dermoscopic_mask.png,0.1579074074074074,valid,600x450,600x450
IL_2477407,IL_2477407,/marimo/milk10k/MILK10k_Training_Input/IL_2477407/ISIC_2001379.jpg,/marimo/milk10k_train_masks/IL_2477407_dermoscopic_mask.png,0.0993,valid,600x450,600x450
IL_2478742,IL_2478742,/marimo/milk10k/MILK10k_Training_Input/IL_2478742/ISIC_0880053.jpg,/marimo/milk10k_train_masks/IL_2478742_dermoscopic_mask.png,0.3556,valid,600x450,600x450
IL_2480187,IL_2480187,/marimo/milk10k/MILK10k_Training_Input/IL_2480187/ISIC_3672274.jpg,/marimo/milk10k_train_masks/IL_2480187_dermoscopic_mask.png,0.2856296296296296,valid,600x450,600x450
IL_2482896,IL_2482896,/marimo/milk10k/MILK10k_Training_Input/IL_2482896/ISIC_2868896.jpg,/marimo/milk10k_train_masks/IL_2482896_dermoscopic_mask.png,0.10381111111111112,valid,600x450,600x450
IL_2483019,IL_2483019,/marimo/milk10k/MILK10k_Training_Input/IL_2483019/ISIC_2383380.jpg,/marimo/milk10k_train_masks/IL_2483019_dermoscopic_mask.png,0.26851851851851855,valid,600x450,600x450
IL_2484689,IL_2484689,/marimo/milk10k/MILK10k_Training_Input/IL_2484689/ISIC_2094944.jpg,/marimo/milk10k_train_masks/IL_2484689_dermoscopic_mask.png,0.1547,valid,600x450,600x450
IL_2487876,IL_2487876,/marimo/milk10k/MILK10k_Training_Input/IL_2487876/ISIC_1006415.jpg,/marimo/milk10k_train_masks/IL_2487876_dermoscopic_mask.png,0.5110037037037037,valid,600x450,600x450
IL_2491792,IL_2491792,/marimo/milk10k/MILK10k_Training_Input/IL_2491792/ISIC_0823269.jpg,/marimo/milk10k_train_masks/IL_2491792_dermoscopic_mask.png,0.24292592592592593,valid,600x450,600x450
IL_2493163,IL_2493163,/marimo/milk10k/MILK10k_Training_Input/IL_2493163/ISIC_7929517.jpg,/marimo/milk10k_train_masks/IL_2493163_dermoscopic_mask.png,0.25005925925925926,valid,600x450,600x450
IL_2493463,IL_2493463,/marimo/milk10k/MILK10k_Training_Input/IL_2493463/ISIC_9547255.jpg,/marimo/milk10k_train_masks/IL_2493463_dermoscopic_mask.png,0.18697407407407407,valid,600x450,600x450
IL_2495327,IL_2495327,/marimo/milk10k/MILK10k_Training_Input/IL_2495327/ISIC_1499717.jpg,/marimo/milk10k_train_masks/IL_2495327_dermoscopic_mask.png,0.3137333333333333,valid,600x450,600x450
IL_2495796,IL_2495796,/marimo/milk10k/MILK10k_Training_Input/IL_2495796/ISIC_2387540.jpg,/marimo/milk10k_train_masks/IL_2495796_dermoscopic_mask.png,0.23821851851851852,valid,600x450,600x450
IL_2497125,IL_2497125,/marimo/milk10k/MILK10k_Training_Input/IL_2497125/ISIC_7828218.jpg,/marimo/milk10k_train_masks/IL_2497125_dermoscopic_mask.png,0.5620185185185185,valid,600x450,600x450
IL_2497453,IL_2497453,/marimo/milk10k/MILK10k_Training_Input/IL_2497453/ISIC_4272600.jpg,/marimo/milk10k_train_masks/IL_2497453_dermoscopic_mask.png,0.18963333333333332,valid,600x450,600x450
IL_2499143,IL_2499143,/marimo/milk10k/MILK10k_Training_Input/IL_2499143/ISIC_0159874.jpg,/marimo/milk10k_train_masks/IL_2499143_dermoscopic_mask.png,0.4609259259259259,valid,600x450,600x450
IL_2502000,IL_2502000,/marimo/milk10k/MILK10k_Training_Input/IL_2502000/ISIC_5514135.jpg,/marimo/milk10k_train_masks/IL_2502000_dermoscopic_mask.png,0.17904074074074075,valid,600x450,600x450
IL_2503315,IL_2503315,/marimo/milk10k/MILK10k_Training_Input/IL_2503315/ISIC_2222084.jpg,/marimo/milk10k_train_masks/IL_2503315_dermoscopic_mask.png,0.08220740740740741,valid,600x450,600x450
IL_2504113,IL_2504113,/marimo/milk10k/MILK10k_Training_Input/IL_2504113/ISIC_6063897.jpg,/marimo/milk10k_train_masks/IL_2504113_dermoscopic_mask.png,0.28116296296296295,valid,600x450,600x450
IL_2504779,IL_2504779,/marimo/milk10k/MILK10k_Training_Input/IL_2504779/ISIC_2062505.jpg,/marimo/milk10k_train_masks/IL_2504779_dermoscopic_mask.png,0.3816962962962963,valid,600x450,600x450
IL_2508861,IL_2508861,/marimo/milk10k/MILK10k_Training_Input/IL_2508861/ISIC_8426219.jpg,/marimo/milk10k_train_masks/IL_2508861_dermoscopic_mask.png,0.23307037037037037,valid,600x450,600x450
IL_2511826,IL_2511826,/marimo/milk10k/MILK10k_Training_Input/IL_2511826/ISIC_6047898.jpg,/marimo/milk10k_train_masks/IL_2511826_dermoscopic_mask.png,0.3007740740740741,valid,600x450,600x450
IL_2513710,IL_2513710,/marimo/milk10k/MILK10k_Training_Input/IL_2513710/ISIC_1166088.jpg,/marimo/milk10k_train_masks/IL_2513710_dermoscopic_mask.png,0.2588814814814815,valid,600x450,600x450
IL_2514915,IL_2514915,/marimo/milk10k/MILK10k_Training_Input/IL_2514915/ISIC_4307237.jpg,/marimo/milk10k_train_masks/IL_2514915_dermoscopic_mask.png,0.20487407407407407,valid,600x450,600x450
IL_2517543,IL_2517543,/marimo/milk10k/MILK10k_Training_Input/IL_2517543/ISIC_5912360.jpg,/marimo/milk10k_train_masks/IL_2517543_dermoscopic_mask.png,0.1693111111111111,valid,600x450,600x450
IL_2521173,IL_2521173,/marimo/milk10k/MILK10k_Training_Input/IL_2521173/ISIC_2170617.jpg,/marimo/milk10k_train_masks/IL_2521173_dermoscopic_mask.png,0.32963703703703706,valid,600x450,600x450
IL_2521408,IL_2521408,/marimo/milk10k/MILK10k_Training_Input/IL_2521408/ISIC_2167653.jpg,/marimo/milk10k_train_masks/IL_2521408_dermoscopic_mask.png,0.16632962962962963,valid,600x450,600x450
IL_2522638,IL_2522638,/marimo/milk10k/MILK10k_Training_Input/IL_2522638/ISIC_7256008.jpg,/marimo/milk10k_train_masks/IL_2522638_dermoscopic_mask.png,0.08412962962962962,valid,600x450,600x450
IL_2522650,IL_2522650,/marimo/milk10k/MILK10k_Training_Input/IL_2522650/ISIC_8707635.jpg,/marimo/milk10k_train_masks/IL_2522650_dermoscopic_mask.png,0.2969407407407407,valid,600x450,600x450
IL_2526379,IL_2526379,/marimo/milk10k/MILK10k_Training_Input/IL_2526379/ISIC_5175946.jpg,/marimo/milk10k_train_masks/IL_2526379_dermoscopic_mask.png,0.4765962962962963,valid,600x450,600x450
IL_2527689,IL_2527689,/marimo/milk10k/MILK10k_Training_Input/IL_2527689/ISIC_1685767.jpg,/marimo/milk10k_train_masks/IL_2527689_dermoscopic_mask.png,0.13033703703703703,valid,600x450,600x450
IL_2528197,IL_2528197,/marimo/milk10k/MILK10k_Training_Input/IL_2528197/ISIC_4684596.jpg,/marimo/milk10k_train_masks/IL_2528197_dermoscopic_mask.png,0.06286296296296297,valid,600x450,600x450
IL_2528819,IL_2528819,/marimo/milk10k/MILK10k_Training_Input/IL_2528819/ISIC_6853529.jpg,/marimo/milk10k_train_masks/IL_2528819_dermoscopic_mask.png,0.11065925925925926,valid,600x450,600x450
IL_2529122,IL_2529122,/marimo/milk10k/MILK10k_Training_Input/IL_2529122/ISIC_1105494.jpg,/marimo/milk10k_train_masks/IL_2529122_dermoscopic_mask.png,0.7483407407407408,valid,600x450,600x450
IL_2531194,IL_2531194,/marimo/milk10k/MILK10k_Training_Input/IL_2531194/ISIC_8544988.jpg,/marimo/milk10k_train_masks/IL_2531194_dermoscopic_mask.png,0.03298888888888889,valid,600x450,600x450
IL_2531198,IL_2531198,/marimo/milk10k/MILK10k_Training_Input/IL_2531198/ISIC_8528718.jpg,/marimo/milk10k_train_masks/IL_2531198_dermoscopic_mask.png,0.4315222222222222,valid,600x450,600x450
IL_2531904,IL_2531904,/marimo/milk10k/MILK10k_Training_Input/IL_2531904/ISIC_5550212.jpg,/marimo/milk10k_train_masks/IL_2531904_dermoscopic_mask.png,0.38577407407407405,valid,600x450,600x450
IL_2533791,IL_2533791,/marimo/milk10k/MILK10k_Training_Input/IL_2533791/ISIC_8603749.jpg,/marimo/milk10k_train_masks/IL_2533791_dermoscopic_mask.png,0.4532851851851852,valid,600x450,600x450
IL_2534024,IL_2534024,/marimo/milk10k/MILK10k_Training_Input/IL_2534024/ISIC_1720500.jpg,/marimo/milk10k_train_masks/IL_2534024_dermoscopic_mask.png,0.5092333333333333,valid,600x450,600x450
IL_2538278,IL_2538278,/marimo/milk10k/MILK10k_Training_Input/IL_2538278/ISIC_2552716.jpg,/marimo/milk10k_train_masks/IL_2538278_dermoscopic_mask.png,0.32026666666666664,valid,600x450,600x450
IL_2538872,IL_2538872,/marimo/milk10k/MILK10k_Training_Input/IL_2538872/ISIC_5472264.jpg,/marimo/milk10k_train_masks/IL_2538872_dermoscopic_mask.png,0.5654074074074074,valid,600x450,600x450
IL_2540198,IL_2540198,/marimo/milk10k/MILK10k_Training_Input/IL_2540198/ISIC_9421756.jpg,/marimo/milk10k_train_masks/IL_2540198_dermoscopic_mask.png,0.09758148148148148,valid,600x450,600x450
IL_2541447,IL_2541447,/marimo/milk10k/MILK10k_Training_Input/IL_2541447/ISIC_4027141.jpg,/marimo/milk10k_train_masks/IL_2541447_dermoscopic_mask.png,0.08905555555555555,valid,600x450,600x450
IL_2543533,IL_2543533,/marimo/milk10k/MILK10k_Training_Input/IL_2543533/ISIC_0156507.jpg,/marimo/milk10k_train_masks/IL_2543533_dermoscopic_mask.png,0.2598185185185185,valid,600x450,600x450
IL_2545098,IL_2545098,/marimo/milk10k/MILK10k_Training_Input/IL_2545098/ISIC_3399647.jpg,/marimo/milk10k_train_masks/IL_2545098_dermoscopic_mask.png,0.26076666666666665,valid,600x450,600x450
IL_2546543,IL_2546543,/marimo/milk10k/MILK10k_Training_Input/IL_2546543/ISIC_7993222.jpg,/marimo/milk10k_train_masks/IL_2546543_dermoscopic_mask.png,0.4646962962962963,valid,600x450,600x450
IL_2547108,IL_2547108,/marimo/milk10k/MILK10k_Training_Input/IL_2547108/ISIC_3229589.jpg,/marimo/milk10k_train_masks/IL_2547108_dermoscopic_mask.png,0.35421851851851854,valid,600x450,600x450
IL_2547187,IL_2547187,/marimo/milk10k/MILK10k_Training_Input/IL_2547187/ISIC_0724943.jpg,/marimo/milk10k_train_masks/IL_2547187_dermoscopic_mask.png,0.3226851851851852,valid,600x450,600x450
IL_2547802,IL_2547802,/marimo/milk10k/MILK10k_Training_Input/IL_2547802/ISIC_0073863.jpg,/marimo/milk10k_train_masks/IL_2547802_dermoscopic_mask.png,0.3338074074074074,valid,600x450,600x450
IL_2553098,IL_2553098,/marimo/milk10k/MILK10k_Training_Input/IL_2553098/ISIC_2612910.jpg,/marimo/milk10k_train_masks/IL_2553098_dermoscopic_mask.png,0.20408518518518518,valid,600x450,600x450
IL_2557121,IL_2557121,/marimo/milk10k/MILK10k_Training_Input/IL_2557121/ISIC_6710161.jpg,/marimo/milk10k_train_masks/IL_2557121_dermoscopic_mask.png,0.5762777777777778,valid,600x450,600x450
IL_2561893,IL_2561893,/marimo/milk10k/MILK10k_Training_Input/IL_2561893/ISIC_8500215.jpg,/marimo/milk10k_train_masks/IL_2561893_dermoscopic_mask.png,0.27776666666666666,valid,600x450,600x450
IL_2564973,IL_2564973,/marimo/milk10k/MILK10k_Training_Input/IL_2564973/ISIC_9064583.jpg,/marimo/milk10k_train_masks/IL_2564973_dermoscopic_mask.png,0.2939481481481481,valid,600x450,600x450
IL_2566700,IL_2566700,/marimo/milk10k/MILK10k_Training_Input/IL_2566700/ISIC_7558897.jpg,/marimo/milk10k_train_masks/IL_2566700_dermoscopic_mask.png,0.21273333333333333,valid,600x450,600x450
IL_2567516,IL_2567516,/marimo/milk10k/MILK10k_Training_Input/IL_2567516/ISIC_1579405.jpg,/marimo/milk10k_train_masks/IL_2567516_dermoscopic_mask.png,0.21097777777777776,valid,600x450,600x450
IL_2568881,IL_2568881,/marimo/milk10k/MILK10k_Training_Input/IL_2568881/ISIC_6170894.jpg,/marimo/milk10k_train_masks/IL_2568881_dermoscopic_mask.png,0.3670074074074074,valid,600x450,600x450
IL_2574343,IL_2574343,/marimo/milk10k/MILK10k_Training_Input/IL_2574343/ISIC_5744822.jpg,/marimo/milk10k_train_masks/IL_2574343_dermoscopic_mask.png,0.30724074074074076,valid,600x450,600x450
IL_2577836,IL_2577836,/marimo/milk10k/MILK10k_Training_Input/IL_2577836/ISIC_5003991.jpg,/marimo/milk10k_train_masks/IL_2577836_dermoscopic_mask.png,0.3771925925925926,valid,600x450,600x450
IL_2582218,IL_2582218,/marimo/milk10k/MILK10k_Training_Input/IL_2582218/ISIC_7629062.jpg,/marimo/milk10k_train_masks/IL_2582218_dermoscopic_mask.png,0.5908074074074074,valid,600x450,600x450
IL_2582722,IL_2582722,/marimo/milk10k/MILK10k_Training_Input/IL_2582722/ISIC_0485396.jpg,/marimo/milk10k_train_masks/IL_2582722_dermoscopic_mask.png,0.258762962962963,valid,600x450,600x450
IL_2585626,IL_2585626,/marimo/milk10k/MILK10k_Training_Input/IL_2585626/ISIC_5870525.jpg,/marimo/milk10k_train_masks/IL_2585626_dermoscopic_mask.png,0.37146296296296294,valid,600x450,600x450
IL_2587560,IL_2587560,/marimo/milk10k/MILK10k_Training_Input/IL_2587560/ISIC_5298476.jpg,/marimo/milk10k_train_masks/IL_2587560_dermoscopic_mask.png,0.31087777777777775,valid,600x450,600x450
IL_2587941,IL_2587941,/marimo/milk10k/MILK10k_Training_Input/IL_2587941/ISIC_3658597.jpg,/marimo/milk10k_train_masks/IL_2587941_dermoscopic_mask.png,0.15376296296296296,valid,600x450,600x450
IL_2588652,IL_2588652,/marimo/milk10k/MILK10k_Training_Input/IL_2588652/ISIC_7352384.jpg,/marimo/milk10k_train_masks/IL_2588652_dermoscopic_mask.png,0.35714444444444443,valid,600x450,600x450
IL_2590916,IL_2590916,/marimo/milk10k/MILK10k_Training_Input/IL_2590916/ISIC_2013192.jpg,/marimo/milk10k_train_masks/IL_2590916_dermoscopic_mask.png,0.7568370370370371,valid,600x450,600x450
IL_2591280,IL_2591280,/marimo/milk10k/MILK10k_Training_Input/IL_2591280/ISIC_6524360.jpg,/marimo/milk10k_train_masks/IL_2591280_dermoscopic_mask.png,0.21776666666666666,valid,600x450,600x450
IL_2591955,IL_2591955,/marimo/milk10k/MILK10k_Training_Input/IL_2591955/ISIC_9255133.jpg,/marimo/milk10k_train_masks/IL_2591955_dermoscopic_mask.png,0.18788148148148148,valid,600x450,600x450
IL_2596452,IL_2596452,/marimo/milk10k/MILK10k_Training_Input/IL_2596452/ISIC_7074658.jpg,/marimo/milk10k_train_masks/IL_2596452_dermoscopic_mask.png,0.06906296296296296,valid,600x450,600x450
IL_2598820,IL_2598820,/marimo/milk10k/MILK10k_Training_Input/IL_2598820/ISIC_5383160.jpg,/marimo/milk10k_train_masks/IL_2598820_dermoscopic_mask.png,0.3450814814814815,valid,600x450,600x450
IL_2601200,IL_2601200,/marimo/milk10k/MILK10k_Training_Input/IL_2601200/ISIC_2323653.jpg,/marimo/milk10k_train_masks/IL_2601200_dermoscopic_mask.png,0.16805555555555557,valid,600x450,600x450
IL_2609201,IL_2609201,/marimo/milk10k/MILK10k_Training_Input/IL_2609201/ISIC_4388573.jpg,/marimo/milk10k_train_masks/IL_2609201_dermoscopic_mask.png,0.6312851851851852,valid,600x450,600x450
IL_2610078,IL_2610078,/marimo/milk10k/MILK10k_Training_Input/IL_2610078/ISIC_4413011.jpg,/marimo/milk10k_train_masks/IL_2610078_dermoscopic_mask.png,0.0894962962962963,valid,600x450,600x450
IL_2610875,IL_2610875,/marimo/milk10k/MILK10k_Training_Input/IL_2610875/ISIC_4416938.jpg,/marimo/milk10k_train_masks/IL_2610875_dermoscopic_mask.png,0.24522222222222223,valid,600x450,600x450
IL_2612192,IL_2612192,/marimo/milk10k/MILK10k_Training_Input/IL_2612192/ISIC_5313254.jpg,/marimo/milk10k_train_masks/IL_2612192_dermoscopic_mask.png,0.19064814814814815,valid,600x450,600x450
IL_2621317,IL_2621317,/marimo/milk10k/MILK10k_Training_Input/IL_2621317/ISIC_4200513.jpg,/marimo/milk10k_train_masks/IL_2621317_dermoscopic_mask.png,0.2970185185185185,valid,600x450,600x450
IL_2623248,IL_2623248,/marimo/milk10k/MILK10k_Training_Input/IL_2623248/ISIC_1020628.jpg,/marimo/milk10k_train_masks/IL_2623248_dermoscopic_mask.png,0.24787037037037038,valid,600x450,600x450
IL_2632652,IL_2632652,/marimo/milk10k/MILK10k_Training_Input/IL_2632652/ISIC_8678969.jpg,/marimo/milk10k_train_masks/IL_2632652_dermoscopic_mask.png,0.3164851851851852,valid,600x450,600x450
IL_2634520,IL_2634520,/marimo/milk10k/MILK10k_Training_Input/IL_2634520/ISIC_3251714.jpg,/marimo/milk10k_train_masks/IL_2634520_dermoscopic_mask.png,0.326037037037037,valid,600x450,600x450
IL_2634708,IL_2634708,/marimo/milk10k/MILK10k_Training_Input/IL_2634708/ISIC_3676018.jpg,/marimo/milk10k_train_masks/IL_2634708_dermoscopic_mask.png,0.17915185185185184,valid,600x450,600x450
IL_2634842,IL_2634842,/marimo/milk10k/MILK10k_Training_Input/IL_2634842/ISIC_4082454.jpg,/marimo/milk10k_train_masks/IL_2634842_dermoscopic_mask.png,0.1097,valid,600x450,600x450
IL_2634845,IL_2634845,/marimo/milk10k/MILK10k_Training_Input/IL_2634845/ISIC_5994355.jpg,/marimo/milk10k_train_masks/IL_2634845_dermoscopic_mask.png,0.5920444444444445,valid,600x450,600x450
IL_2638110,IL_2638110,/marimo/milk10k/MILK10k_Training_Input/IL_2638110/ISIC_4203842.jpg,/marimo/milk10k_train_masks/IL_2638110_dermoscopic_mask.png,0.5485444444444444,valid,600x450,600x450
IL_2643688,IL_2643688,/marimo/milk10k/MILK10k_Training_Input/IL_2643688/ISIC_2422166.jpg,/marimo/milk10k_train_masks/IL_2643688_dermoscopic_mask.png,0.26743703703703703,valid,600x450,600x450
IL_2647562,IL_2647562,/marimo/milk10k/MILK10k_Training_Input/IL_2647562/ISIC_5584851.jpg,/marimo/milk10k_train_masks/IL_2647562_dermoscopic_mask.png,0.4865555555555556,valid,600x450,600x450
IL_2648810,IL_2648810,/marimo/milk10k/MILK10k_Training_Input/IL_2648810/ISIC_4720694.jpg,/marimo/milk10k_train_masks/IL_2648810_dermoscopic_mask.png,0.15463333333333334,valid,600x450,600x450
IL_2649297,IL_2649297,/marimo/milk10k/MILK10k_Training_Input/IL_2649297/ISIC_6584815.jpg,/marimo/milk10k_train_masks/IL_2649297_dermoscopic_mask.png,0.17023333333333332,valid,600x450,600x450
IL_2650729,IL_2650729,/marimo/milk10k/MILK10k_Training_Input/IL_2650729/ISIC_6857782.jpg,/marimo/milk10k_train_masks/IL_2650729_dermoscopic_mask.png,0.14926296296296296,valid,600x450,600x450
IL_2651247,IL_2651247,/marimo/milk10k/MILK10k_Training_Input/IL_2651247/ISIC_9239978.jpg,/marimo/milk10k_train_masks/IL_2651247_dermoscopic_mask.png,0.539737037037037,valid,600x450,600x450
IL_2652500,IL_2652500,/marimo/milk10k/MILK10k_Training_Input/IL_2652500/ISIC_6246107.jpg,/marimo/milk10k_train_masks/IL_2652500_dermoscopic_mask.png,0.317162962962963,valid,600x450,600x450
IL_2652788,IL_2652788,/marimo/milk10k/MILK10k_Training_Input/IL_2652788/ISIC_5409072.jpg,/marimo/milk10k_train_masks/IL_2652788_dermoscopic_mask.png,0.4628037037037037,valid,600x450,600x450
IL_2653791,IL_2653791,/marimo/milk10k/MILK10k_Training_Input/IL_2653791/ISIC_8675305.jpg,/marimo/milk10k_train_masks/IL_2653791_dermoscopic_mask.png,0.27145555555555556,valid,600x450,600x450
IL_2658437,IL_2658437,/marimo/milk10k/MILK10k_Training_Input/IL_2658437/ISIC_6999928.jpg,/marimo/milk10k_train_masks/IL_2658437_dermoscopic_mask.png,0.30528518518518516,valid,600x450,600x450
IL_2658835,IL_2658835,/marimo/milk10k/MILK10k_Training_Input/IL_2658835/ISIC_5356282.jpg,/marimo/milk10k_train_masks/IL_2658835_dermoscopic_mask.png,0.680837037037037,valid,600x450,600x450
IL_2659393,IL_2659393,/marimo/milk10k/MILK10k_Training_Input/IL_2659393/ISIC_3934861.jpg,/marimo/milk10k_train_masks/IL_2659393_dermoscopic_mask.png,0.1793925925925926,valid,600x450,600x450
IL_2659865,IL_2659865,/marimo/milk10k/MILK10k_Training_Input/IL_2659865/ISIC_4146139.jpg,/marimo/milk10k_train_masks/IL_2659865_dermoscopic_mask.png,0.41787407407407406,valid,600x450,600x450
IL_2660318,IL_2660318,/marimo/milk10k/MILK10k_Training_Input/IL_2660318/ISIC_3039744.jpg,/marimo/milk10k_train_masks/IL_2660318_dermoscopic_mask.png,0.647525925925926,valid,600x450,600x450
IL_2662922,IL_2662922,/marimo/milk10k/MILK10k_Training_Input/IL_2662922/ISIC_7464537.jpg,/marimo/milk10k_train_masks/IL_2662922_dermoscopic_mask.png,0.35726296296296295,valid,600x450,600x450
IL_2662966,IL_2662966,/marimo/milk10k/MILK10k_Training_Input/IL_2662966/ISIC_8782299.jpg,/marimo/milk10k_train_masks/IL_2662966_dermoscopic_mask.png,0.4520148148148148,valid,600x450,600x450
IL_2663790,IL_2663790,/marimo/milk10k/MILK10k_Training_Input/IL_2663790/ISIC_2418674.jpg,/marimo/milk10k_train_masks/IL_2663790_dermoscopic_mask.png,0.2848148148148148,valid,600x450,600x450
IL_2663991,IL_2663991,/marimo/milk10k/MILK10k_Training_Input/IL_2663991/ISIC_2873444.jpg,/marimo/milk10k_train_masks/IL_2663991_dermoscopic_mask.png,0.47809259259259257,valid,600x450,600x450
IL_2664581,IL_2664581,/marimo/milk10k/MILK10k_Training_Input/IL_2664581/ISIC_6236484.jpg,/marimo/milk10k_train_masks/IL_2664581_dermoscopic_mask.png,0.11495185185185185,valid,600x450,600x450
IL_2664685,IL_2664685,/marimo/milk10k/MILK10k_Training_Input/IL_2664685/ISIC_4753918.jpg,/marimo/milk10k_train_masks/IL_2664685_dermoscopic_mask.png,0.07003703703703704,valid,600x450,600x450
IL_2670180,IL_2670180,/marimo/milk10k/MILK10k_Training_Input/IL_2670180/ISIC_9105114.jpg,/marimo/milk10k_train_masks/IL_2670180_dermoscopic_mask.png,0.23478518518518518,valid,600x450,600x450
IL_2670603,IL_2670603,/marimo/milk10k/MILK10k_Training_Input/IL_2670603/ISIC_0715287.jpg,/marimo/milk10k_train_masks/IL_2670603_dermoscopic_mask.png,0.31446666666666667,valid,600x450,600x450
IL_2671860,IL_2671860,/marimo/milk10k/MILK10k_Training_Input/IL_2671860/ISIC_4771678.jpg,/marimo/milk10k_train_masks/IL_2671860_dermoscopic_mask.png,0.08689259259259259,valid,600x450,600x450
IL_2674026,IL_2674026,/marimo/milk10k/MILK10k_Training_Input/IL_2674026/ISIC_1464471.jpg,/marimo/milk10k_train_masks/IL_2674026_dermoscopic_mask.png,0.05307407407407407,valid,600x450,600x450
IL_2674670,IL_2674670,/marimo/milk10k/MILK10k_Training_Input/IL_2674670/ISIC_6852771.jpg,/marimo/milk10k_train_masks/IL_2674670_dermoscopic_mask.png,0.12438518518518518,valid,600x450,600x450
IL_2675475,IL_2675475,/marimo/milk10k/MILK10k_Training_Input/IL_2675475/ISIC_6881361.jpg,/marimo/milk10k_train_masks/IL_2675475_dermoscopic_mask.png,0.29655185185185184,valid,600x450,600x450
IL_2679001,IL_2679001,/marimo/milk10k/MILK10k_Training_Input/IL_2679001/ISIC_7671720.jpg,/marimo/milk10k_train_masks/IL_2679001_dermoscopic_mask.png,0.17162962962962963,valid,600x450,600x450
IL_2682225,IL_2682225,/marimo/milk10k/MILK10k_Training_Input/IL_2682225/ISIC_3500227.jpg,/marimo/milk10k_train_masks/IL_2682225_dermoscopic_mask.png,0.2913851851851852,valid,600x450,600x450
IL_2685280,IL_2685280,/marimo/milk10k/MILK10k_Training_Input/IL_2685280/ISIC_8390104.jpg,/marimo/milk10k_train_masks/IL_2685280_dermoscopic_mask.png,0.1996888888888889,valid,600x450,600x450
IL_2687877,IL_2687877,/marimo/milk10k/MILK10k_Training_Input/IL_2687877/ISIC_2171027.jpg,/marimo/milk10k_train_masks/IL_2687877_dermoscopic_mask.png,0.5889333333333333,valid,600x450,600x450
IL_2689695,IL_2689695,/marimo/milk10k/MILK10k_Training_Input/IL_2689695/ISIC_1045607.jpg,/marimo/milk10k_train_masks/IL_2689695_dermoscopic_mask.png,0.2096962962962963,valid,600x450,600x450
IL_2689946,IL_2689946,/marimo/milk10k/MILK10k_Training_Input/IL_2689946/ISIC_5415740.jpg,/marimo/milk10k_train_masks/IL_2689946_dermoscopic_mask.png,0.2755740740740741,valid,600x450,600x450
IL_2692187,IL_2692187,/marimo/milk10k/MILK10k_Training_Input/IL_2692187/ISIC_6581608.jpg,/marimo/milk10k_train_masks/IL_2692187_dermoscopic_mask.png,0.24568148148148147,valid,600x450,600x450
IL_2692923,IL_2692923,/marimo/milk10k/MILK10k_Training_Input/IL_2692923/ISIC_9115886.jpg,/marimo/milk10k_train_masks/IL_2692923_dermoscopic_mask.png,0.48442962962962965,valid,600x450,600x450
IL_2694953,IL_2694953,/marimo/milk10k/MILK10k_Training_Input/IL_2694953/ISIC_8377707.jpg,/marimo/milk10k_train_masks/IL_2694953_dermoscopic_mask.png,0.33385555555555557,valid,600x450,600x450
IL_2696717,IL_2696717,/marimo/milk10k/MILK10k_Training_Input/IL_2696717/ISIC_2054940.jpg,/marimo/milk10k_train_masks/IL_2696717_dermoscopic_mask.png,0.08983703703703703,valid,600x450,600x450
IL_2700480,IL_2700480,/marimo/milk10k/MILK10k_Training_Input/IL_2700480/ISIC_0809407.jpg,/marimo/milk10k_train_masks/IL_2700480_dermoscopic_mask.png,0.6341888888888889,valid,600x450,600x450
IL_2702338,IL_2702338,/marimo/milk10k/MILK10k_Training_Input/IL_2702338/ISIC_5889858.jpg,/marimo/milk10k_train_masks/IL_2702338_dermoscopic_mask.png,0.3873,valid,600x450,600x450
IL_2703142,IL_2703142,/marimo/milk10k/MILK10k_Training_Input/IL_2703142/ISIC_1221689.jpg,/marimo/milk10k_train_masks/IL_2703142_dermoscopic_mask.png,0.4501962962962963,valid,600x450,600x450
IL_2704222,IL_2704222,/marimo/milk10k/MILK10k_Training_Input/IL_2704222/ISIC_3235332.jpg,/marimo/milk10k_train_masks/IL_2704222_dermoscopic_mask.png,0.31174444444444444,valid,600x450,600x450
IL_2707139,IL_2707139,/marimo/milk10k/MILK10k_Training_Input/IL_2707139/ISIC_3430609.jpg,/marimo/milk10k_train_masks/IL_2707139_dermoscopic_mask.png,0.7341111111111112,valid,600x450,600x450
IL_2707653,IL_2707653,/marimo/milk10k/MILK10k_Training_Input/IL_2707653/ISIC_2991167.jpg,/marimo/milk10k_train_masks/IL_2707653_dermoscopic_mask.png,0.22613333333333333,valid,600x450,600x450
IL_2707922,IL_2707922,/marimo/milk10k/MILK10k_Training_Input/IL_2707922/ISIC_9057655.jpg,/marimo/milk10k_train_masks/IL_2707922_dermoscopic_mask.png,0.33821851851851853,valid,600x450,600x450
IL_2710890,IL_2710890,/marimo/milk10k/MILK10k_Training_Input/IL_2710890/ISIC_1078763.jpg,/marimo/milk10k_train_masks/IL_2710890_dermoscopic_mask.png,0.2699925925925926,valid,600x450,600x450
IL_2711226,IL_2711226,/marimo/milk10k/MILK10k_Training_Input/IL_2711226/ISIC_4653572.jpg,/marimo/milk10k_train_masks/IL_2711226_dermoscopic_mask.png,0.48183703703703706,valid,600x450,600x450
IL_2714840,IL_2714840,/marimo/milk10k/MILK10k_Training_Input/IL_2714840/ISIC_2907780.jpg,/marimo/milk10k_train_masks/IL_2714840_dermoscopic_mask.png,0.42477037037037035,valid,600x450,600x450
IL_2715544,IL_2715544,/marimo/milk10k/MILK10k_Training_Input/IL_2715544/ISIC_8880430.jpg,/marimo/milk10k_train_masks/IL_2715544_dermoscopic_mask.png,0.47328148148148147,valid,600x450,600x450
IL_2717072,IL_2717072,/marimo/milk10k/MILK10k_Training_Input/IL_2717072/ISIC_1926555.jpg,/marimo/milk10k_train_masks/IL_2717072_dermoscopic_mask.png,0.3173666666666667,valid,600x450,600x450
IL_2718165,IL_2718165,/marimo/milk10k/MILK10k_Training_Input/IL_2718165/ISIC_6044977.jpg,/marimo/milk10k_train_masks/IL_2718165_dermoscopic_mask.png,0.6875407407407408,valid,600x450,600x450
IL_2718328,IL_2718328,/marimo/milk10k/MILK10k_Training_Input/IL_2718328/ISIC_3819687.jpg,/marimo/milk10k_train_masks/IL_2718328_dermoscopic_mask.png,0.28852962962962964,valid,600x450,600x450
IL_2719236,IL_2719236,/marimo/milk10k/MILK10k_Training_Input/IL_2719236/ISIC_7082726.jpg,/marimo/milk10k_train_masks/IL_2719236_dermoscopic_mask.png,0.1843,valid,600x450,600x450
IL_2719812,IL_2719812,/marimo/milk10k/MILK10k_Training_Input/IL_2719812/ISIC_6213875.jpg,/marimo/milk10k_train_masks/IL_2719812_dermoscopic_mask.png,0.030151851851851853,valid,600x450,600x450
IL_2720879,IL_2720879,/marimo/milk10k/MILK10k_Training_Input/IL_2720879/ISIC_9650544.jpg,/marimo/milk10k_train_masks/IL_2720879_dermoscopic_mask.png,0.41166296296296295,valid,600x450,600x450
IL_2721473,IL_2721473,/marimo/milk10k/MILK10k_Training_Input/IL_2721473/ISIC_1490894.jpg,/marimo/milk10k_train_masks/IL_2721473_dermoscopic_mask.png,0.18886666666666665,valid,600x450,600x450
IL_2721693,IL_2721693,/marimo/milk10k/MILK10k_Training_Input/IL_2721693/ISIC_5164012.jpg,/marimo/milk10k_train_masks/IL_2721693_dermoscopic_mask.png,0.2672185185185185,valid,600x450,600x450
IL_2722243,IL_2722243,/marimo/milk10k/MILK10k_Training_Input/IL_2722243/ISIC_6720006.jpg,/marimo/milk10k_train_masks/IL_2722243_dermoscopic_mask.png,0.09001481481481481,valid,600x450,600x450
IL_2722741,IL_2722741,/marimo/milk10k/MILK10k_Training_Input/IL_2722741/ISIC_9216457.jpg,/marimo/milk10k_train_masks/IL_2722741_dermoscopic_mask.png,0.2462074074074074,valid,600x450,600x450
IL_2725320,IL_2725320,/marimo/milk10k/MILK10k_Training_Input/IL_2725320/ISIC_3909654.jpg,/marimo/milk10k_train_masks/IL_2725320_dermoscopic_mask.png,0.18466666666666667,valid,600x450,600x450
IL_2729138,IL_2729138,/marimo/milk10k/MILK10k_Training_Input/IL_2729138/ISIC_1261731.jpg,/marimo/milk10k_train_masks/IL_2729138_dermoscopic_mask.png,0.4141814814814815,valid,600x450,600x450
IL_2730356,IL_2730356,/marimo/milk10k/MILK10k_Training_Input/IL_2730356/ISIC_7989453.jpg,/marimo/milk10k_train_masks/IL_2730356_dermoscopic_mask.png,0.1751185185185185,valid,600x450,600x450
IL_2733872,IL_2733872,/marimo/milk10k/MILK10k_Training_Input/IL_2733872/ISIC_7799334.jpg,/marimo/milk10k_train_masks/IL_2733872_dermoscopic_mask.png,0.337137037037037,valid,600x450,600x450
IL_2734125,IL_2734125,/marimo/milk10k/MILK10k_Training_Input/IL_2734125/ISIC_7938939.jpg,/marimo/milk10k_train_masks/IL_2734125_dermoscopic_mask.png,0.16675555555555555,valid,600x450,600x450
IL_2734899,IL_2734899,/marimo/milk10k/MILK10k_Training_Input/IL_2734899/ISIC_2038875.jpg,/marimo/milk10k_train_masks/IL_2734899_dermoscopic_mask.png,0.33415925925925927,valid,600x450,600x450
IL_2735586,IL_2735586,/marimo/milk10k/MILK10k_Training_Input/IL_2735586/ISIC_1757189.jpg,/marimo/milk10k_train_masks/IL_2735586_dermoscopic_mask.png,0.18281851851851852,valid,600x450,600x450
IL_2739808,IL_2739808,/marimo/milk10k/MILK10k_Training_Input/IL_2739808/ISIC_4256719.jpg,/marimo/milk10k_train_masks/IL_2739808_dermoscopic_mask.png,0.08491481481481482,valid,600x450,600x450
IL_2740956,IL_2740956,/marimo/milk10k/MILK10k_Training_Input/IL_2740956/ISIC_4671582.jpg,/marimo/milk10k_train_masks/IL_2740956_dermoscopic_mask.png,0.27413333333333334,valid,600x450,600x450
IL_2740967,IL_2740967,/marimo/milk10k/MILK10k_Training_Input/IL_2740967/ISIC_2586707.jpg,/marimo/milk10k_train_masks/IL_2740967_dermoscopic_mask.png,0.2660851851851852,valid,600x450,600x450
IL_2742965,IL_2742965,/marimo/milk10k/MILK10k_Training_Input/IL_2742965/ISIC_7719129.jpg,/marimo/milk10k_train_masks/IL_2742965_dermoscopic_mask.png,0.7129444444444445,valid,600x450,600x450
IL_2744874,IL_2744874,/marimo/milk10k/MILK10k_Training_Input/IL_2744874/ISIC_5891194.jpg,/marimo/milk10k_train_masks/IL_2744874_dermoscopic_mask.png,0.3267481481481481,valid,600x450,600x450
IL_2745193,IL_2745193,/marimo/milk10k/MILK10k_Training_Input/IL_2745193/ISIC_8008482.jpg,/marimo/milk10k_train_masks/IL_2745193_dermoscopic_mask.png,0.3635111111111111,valid,600x450,600x450
IL_2747674,IL_2747674,/marimo/milk10k/MILK10k_Training_Input/IL_2747674/ISIC_4703321.jpg,/marimo/milk10k_train_masks/IL_2747674_dermoscopic_mask.png,0.08261481481481482,valid,600x450,600x450
IL_2748244,IL_2748244,/marimo/milk10k/MILK10k_Training_Input/IL_2748244/ISIC_1014403.jpg,/marimo/milk10k_train_masks/IL_2748244_dermoscopic_mask.png,0.5500111111111111,valid,600x450,600x450
IL_2750081,IL_2750081,/marimo/milk10k/MILK10k_Training_Input/IL_2750081/ISIC_9945084.jpg,/marimo/milk10k_train_masks/IL_2750081_dermoscopic_mask.png,0.658762962962963,valid,600x450,600x450
IL_2750641,IL_2750641,/marimo/milk10k/MILK10k_Training_Input/IL_2750641/ISIC_4517401.jpg,/marimo/milk10k_train_masks/IL_2750641_dermoscopic_mask.png,0.33924814814814813,valid,600x450,600x450
IL_2751671,IL_2751671,/marimo/milk10k/MILK10k_Training_Input/IL_2751671/ISIC_5501232.jpg,/marimo/milk10k_train_masks/IL_2751671_dermoscopic_mask.png,0.39335555555555557,valid,600x450,600x450
IL_2751796,IL_2751796,/marimo/milk10k/MILK10k_Training_Input/IL_2751796/ISIC_1718779.jpg,/marimo/milk10k_train_masks/IL_2751796_dermoscopic_mask.png,0.1955111111111111,valid,600x450,600x450
IL_2752948,IL_2752948,/marimo/milk10k/MILK10k_Training_Input/IL_2752948/ISIC_7868177.jpg,/marimo/milk10k_train_masks/IL_2752948_dermoscopic_mask.png,0.5888518518518518,valid,600x450,600x450
IL_2753111,IL_2753111,/marimo/milk10k/MILK10k_Training_Input/IL_2753111/ISIC_1980584.jpg,/marimo/milk10k_train_masks/IL_2753111_dermoscopic_mask.png,0.050948148148148145,valid,600x450,600x450
IL_2755803,IL_2755803,/marimo/milk10k/MILK10k_Training_Input/IL_2755803/ISIC_1993005.jpg,/marimo/milk10k_train_masks/IL_2755803_dermoscopic_mask.png,0.03164074074074074,valid,600x450,600x450
IL_2759218,IL_2759218,/marimo/milk10k/MILK10k_Training_Input/IL_2759218/ISIC_1593018.jpg,/marimo/milk10k_train_masks/IL_2759218_dermoscopic_mask.png,0.3649962962962963,valid,600x450,600x450
IL_2759260,IL_2759260,/marimo/milk10k/MILK10k_Training_Input/IL_2759260/ISIC_1169219.jpg,/marimo/milk10k_train_masks/IL_2759260_dermoscopic_mask.png,0.11209629629629629,valid,600x450,600x450
IL_2759554,IL_2759554,/marimo/milk10k/MILK10k_Training_Input/IL_2759554/ISIC_4416373.jpg,/marimo/milk10k_train_masks/IL_2759554_dermoscopic_mask.png,0.47605185185185184,valid,600x450,600x450
IL_2760690,IL_2760690,/marimo/milk10k/MILK10k_Training_Input/IL_2760690/ISIC_1844015.jpg,/marimo/milk10k_train_masks/IL_2760690_dermoscopic_mask.png,0.08128148148148148,valid,600x450,600x450
IL_2770986,IL_2770986,/marimo/milk10k/MILK10k_Training_Input/IL_2770986/ISIC_8616033.jpg,/marimo/milk10k_train_masks/IL_2770986_dermoscopic_mask.png,0.4371851851851852,valid,600x450,600x450
IL_2771122,IL_2771122,/marimo/milk10k/MILK10k_Training_Input/IL_2771122/ISIC_0178503.jpg,/marimo/milk10k_train_masks/IL_2771122_dermoscopic_mask.png,0.03481481481481481,valid,600x450,600x450
IL_2771933,IL_2771933,/marimo/milk10k/MILK10k_Training_Input/IL_2771933/ISIC_6373409.jpg,/marimo/milk10k_train_masks/IL_2771933_dermoscopic_mask.png,0.11692222222222222,valid,600x450,600x450
IL_2772530,IL_2772530,/marimo/milk10k/MILK10k_Training_Input/IL_2772530/ISIC_4990358.jpg,/marimo/milk10k_train_masks/IL_2772530_dermoscopic_mask.png,0.32624444444444445,valid,600x450,600x450
IL_2775597,IL_2775597,/marimo/milk10k/MILK10k_Training_Input/IL_2775597/ISIC_8505283.jpg,/marimo/milk10k_train_masks/IL_2775597_dermoscopic_mask.png,0.3600148148148148,valid,600x450,600x450
IL_2778594,IL_2778594,/marimo/milk10k/MILK10k_Training_Input/IL_2778594/ISIC_0743555.jpg,/marimo/milk10k_train_masks/IL_2778594_dermoscopic_mask.png,0.08138148148148149,valid,600x450,600x450
IL_2779064,IL_2779064,/marimo/milk10k/MILK10k_Training_Input/IL_2779064/ISIC_3851477.jpg,/marimo/milk10k_train_masks/IL_2779064_dermoscopic_mask.png,0.5303666666666667,valid,600x450,600x450
IL_2779245,IL_2779245,/marimo/milk10k/MILK10k_Training_Input/IL_2779245/ISIC_9766600.jpg,/marimo/milk10k_train_masks/IL_2779245_dermoscopic_mask.png,0.26635555555555557,valid,600x450,600x450
IL_2783925,IL_2783925,/marimo/milk10k/MILK10k_Training_Input/IL_2783925/ISIC_2689544.jpg,/marimo/milk10k_train_masks/IL_2783925_dermoscopic_mask.png,0.034196296296296294,valid,600x450,600x450
IL_2786216,IL_2786216,/marimo/milk10k/MILK10k_Training_Input/IL_2786216/ISIC_6353654.jpg,/marimo/milk10k_train_masks/IL_2786216_dermoscopic_mask.png,0.03664074074074074,valid,600x450,600x450
IL_2788163,IL_2788163,/marimo/milk10k/MILK10k_Training_Input/IL_2788163/ISIC_8969175.jpg,/marimo/milk10k_train_masks/IL_2788163_dermoscopic_mask.png,0.38243333333333335,valid,600x450,600x450
IL_2788353,IL_2788353,/marimo/milk10k/MILK10k_Training_Input/IL_2788353/ISIC_0304794.jpg,/marimo/milk10k_train_masks/IL_2788353_dermoscopic_mask.png,0.2698037037037037,valid,600x450,600x450
IL_2791658,IL_2791658,/marimo/milk10k/MILK10k_Training_Input/IL_2791658/ISIC_8591122.jpg,/marimo/milk10k_train_masks/IL_2791658_dermoscopic_mask.png,0.15648518518518517,valid,600x450,600x450
IL_2791717,IL_2791717,/marimo/milk10k/MILK10k_Training_Input/IL_2791717/ISIC_8646399.jpg,/marimo/milk10k_train_masks/IL_2791717_dermoscopic_mask.png,0.10377407407407407,valid,600x450,600x450
IL_2791803,IL_2791803,/marimo/milk10k/MILK10k_Training_Input/IL_2791803/ISIC_6279832.jpg,/marimo/milk10k_train_masks/IL_2791803_dermoscopic_mask.png,0.27322962962962966,valid,600x450,600x450
IL_2794961,IL_2794961,/marimo/milk10k/MILK10k_Training_Input/IL_2794961/ISIC_5963071.jpg,/marimo/milk10k_train_masks/IL_2794961_dermoscopic_mask.png,0.39165185185185186,valid,600x450,600x450
IL_2797593,IL_2797593,/marimo/milk10k/MILK10k_Training_Input/IL_2797593/ISIC_6785657.jpg,/marimo/milk10k_train_masks/IL_2797593_dermoscopic_mask.png,0.31341851851851854,valid,600x450,600x450
IL_2797829,IL_2797829,/marimo/milk10k/MILK10k_Training_Input/IL_2797829/ISIC_9222540.jpg,/marimo/milk10k_train_masks/IL_2797829_dermoscopic_mask.png,0.4204259259259259,valid,600x450,600x450
IL_2802715,IL_2802715,/marimo/milk10k/MILK10k_Training_Input/IL_2802715/ISIC_3397720.jpg,/marimo/milk10k_train_masks/IL_2802715_dermoscopic_mask.png,0.39237037037037037,valid,600x450,600x450
IL_2803011,IL_2803011,/marimo/milk10k/MILK10k_Training_Input/IL_2803011/ISIC_2976358.jpg,/marimo/milk10k_train_masks/IL_2803011_dermoscopic_mask.png,0.11281111111111111,valid,600x450,600x450
IL_2806266,IL_2806266,/marimo/milk10k/MILK10k_Training_Input/IL_2806266/ISIC_9598621.jpg,/marimo/milk10k_train_masks/IL_2806266_dermoscopic_mask.png,0.2578185185185185,valid,600x450,600x450
IL_2808102,IL_2808102,/marimo/milk10k/MILK10k_Training_Input/IL_2808102/ISIC_0410802.jpg,/marimo/milk10k_train_masks/IL_2808102_dermoscopic_mask.png,0.3062962962962963,valid,600x450,600x450
IL_2808273,IL_2808273,/marimo/milk10k/MILK10k_Training_Input/IL_2808273/ISIC_4936029.jpg,/marimo/milk10k_train_masks/IL_2808273_dermoscopic_mask.png,0.445662962962963,valid,600x450,600x450
IL_2810751,IL_2810751,/marimo/milk10k/MILK10k_Training_Input/IL_2810751/ISIC_6192197.jpg,/marimo/milk10k_train_masks/IL_2810751_dermoscopic_mask.png,0.16018518518518518,valid,600x450,600x450
IL_2811473,IL_2811473,/marimo/milk10k/MILK10k_Training_Input/IL_2811473/ISIC_4243006.jpg,/marimo/milk10k_train_masks/IL_2811473_dermoscopic_mask.png,0.5125037037037037,valid,600x450,600x450
IL_2812139,IL_2812139,/marimo/milk10k/MILK10k_Training_Input/IL_2812139/ISIC_7677568.jpg,/marimo/milk10k_train_masks/IL_2812139_dermoscopic_mask.png,0.30585555555555555,valid,600x450,600x450
IL_2815736,IL_2815736,/marimo/milk10k/MILK10k_Training_Input/IL_2815736/ISIC_4116218.jpg,/marimo/milk10k_train_masks/IL_2815736_dermoscopic_mask.png,0.23329259259259258,valid,600x450,600x450
IL_2816298,IL_2816298,/marimo/milk10k/MILK10k_Training_Input/IL_2816298/ISIC_6747832.jpg,/marimo/milk10k_train_masks/IL_2816298_dermoscopic_mask.png,0.011303703703703703,valid,600x450,600x450
IL_2821398,IL_2821398,/marimo/milk10k/MILK10k_Training_Input/IL_2821398/ISIC_9857002.jpg,/marimo/milk10k_train_masks/IL_2821398_dermoscopic_mask.png,0.28529629629629627,valid,600x450,600x450
IL_2821734,IL_2821734,/marimo/milk10k/MILK10k_Training_Input/IL_2821734/ISIC_0835458.jpg,/marimo/milk10k_train_masks/IL_2821734_dermoscopic_mask.png,0.7424814814814815,valid,600x450,600x450
IL_2826378,IL_2826378,/marimo/milk10k/MILK10k_Training_Input/IL_2826378/ISIC_7481885.jpg,/marimo/milk10k_train_masks/IL_2826378_dermoscopic_mask.png,0.2871222222222222,valid,600x450,600x450
IL_2830385,IL_2830385,/marimo/milk10k/MILK10k_Training_Input/IL_2830385/ISIC_0997976.jpg,/marimo/milk10k_train_masks/IL_2830385_dermoscopic_mask.png,0.4600925925925926,valid,600x450,600x450
IL_2831969,IL_2831969,/marimo/milk10k/MILK10k_Training_Input/IL_2831969/ISIC_0467778.jpg,/marimo/milk10k_train_masks/IL_2831969_dermoscopic_mask.png,0.550274074074074,valid,600x450,600x450
IL_2832342,IL_2832342,/marimo/milk10k/MILK10k_Training_Input/IL_2832342/ISIC_5174175.jpg,/marimo/milk10k_train_masks/IL_2832342_dermoscopic_mask.png,0.2758185185185185,valid,600x450,600x450
IL_2833309,IL_2833309,/marimo/milk10k/MILK10k_Training_Input/IL_2833309/ISIC_2335013.jpg,/marimo/milk10k_train_masks/IL_2833309_dermoscopic_mask.png,0.2729814814814815,valid,600x450,600x450
IL_2834231,IL_2834231,/marimo/milk10k/MILK10k_Training_Input/IL_2834231/ISIC_8745129.jpg,/marimo/milk10k_train_masks/IL_2834231_dermoscopic_mask.png,0.5593333333333333,valid,600x450,600x450
IL_2836148,IL_2836148,/marimo/milk10k/MILK10k_Training_Input/IL_2836148/ISIC_1258360.jpg,/marimo/milk10k_train_masks/IL_2836148_dermoscopic_mask.png,0.4320148148148148,valid,600x450,600x450
IL_2840030,IL_2840030,/marimo/milk10k/MILK10k_Training_Input/IL_2840030/ISIC_7904505.jpg,/marimo/milk10k_train_masks/IL_2840030_dermoscopic_mask.png,0.4663814814814815,valid,600x450,600x450
IL_2849550,IL_2849550,/marimo/milk10k/MILK10k_Training_Input/IL_2849550/ISIC_3152857.jpg,/marimo/milk10k_train_masks/IL_2849550_dermoscopic_mask.png,0.3764111111111111,valid,600x450,600x450
IL_2851891,IL_2851891,/marimo/milk10k/MILK10k_Training_Input/IL_2851891/ISIC_7559942.jpg,/marimo/milk10k_train_masks/IL_2851891_dermoscopic_mask.png,0.3783074074074074,valid,600x450,600x450
IL_2852064,IL_2852064,/marimo/milk10k/MILK10k_Training_Input/IL_2852064/ISIC_9351886.jpg,/marimo/milk10k_train_masks/IL_2852064_dermoscopic_mask.png,0.020896296296296295,valid,600x450,600x450
IL_2854884,IL_2854884,/marimo/milk10k/MILK10k_Training_Input/IL_2854884/ISIC_2471885.jpg,/marimo/milk10k_train_masks/IL_2854884_dermoscopic_mask.png,0.1571037037037037,valid,600x450,600x450
IL_2860298,IL_2860298,/marimo/milk10k/MILK10k_Training_Input/IL_2860298/ISIC_1929529.jpg,/marimo/milk10k_train_masks/IL_2860298_dermoscopic_mask.png,0.26304814814814814,valid,600x450,600x450
IL_2867550,IL_2867550,/marimo/milk10k/MILK10k_Training_Input/IL_2867550/ISIC_5531874.jpg,/marimo/milk10k_train_masks/IL_2867550_dermoscopic_mask.png,0.4044111111111111,valid,600x450,600x450
IL_2868524,IL_2868524,/marimo/milk10k/MILK10k_Training_Input/IL_2868524/ISIC_6827974.jpg,/marimo/milk10k_train_masks/IL_2868524_dermoscopic_mask.png,0.2624518518518518,valid,600x450,600x450
IL_2868879,IL_2868879,/marimo/milk10k/MILK10k_Training_Input/IL_2868879/ISIC_2319242.jpg,/marimo/milk10k_train_masks/IL_2868879_dermoscopic_mask.png,0.07366296296296296,valid,600x450,600x450
IL_2869334,IL_2869334,/marimo/milk10k/MILK10k_Training_Input/IL_2869334/ISIC_1832787.jpg,/marimo/milk10k_train_masks/IL_2869334_dermoscopic_mask.png,0.4165,valid,600x450,600x450
IL_2870960,IL_2870960,/marimo/milk10k/MILK10k_Training_Input/IL_2870960/ISIC_9317486.jpg,/marimo/milk10k_train_masks/IL_2870960_dermoscopic_mask.png,0.47435555555555553,valid,600x450,600x450
IL_2875724,IL_2875724,/marimo/milk10k/MILK10k_Training_Input/IL_2875724/ISIC_5491732.jpg,/marimo/milk10k_train_masks/IL_2875724_dermoscopic_mask.png,0.29505925925925924,valid,600x450,600x450
IL_2875964,IL_2875964,/marimo/milk10k/MILK10k_Training_Input/IL_2875964/ISIC_1948728.jpg,/marimo/milk10k_train_masks/IL_2875964_dermoscopic_mask.png,0.12904814814814816,valid,600x450,600x450
IL_2879625,IL_2879625,/marimo/milk10k/MILK10k_Training_Input/IL_2879625/ISIC_3262566.jpg,/marimo/milk10k_train_masks/IL_2879625_dermoscopic_mask.png,0.33476666666666666,valid,600x450,600x450
IL_2880261,IL_2880261,/marimo/milk10k/MILK10k_Training_Input/IL_2880261/ISIC_9562051.jpg,/marimo/milk10k_train_masks/IL_2880261_dermoscopic_mask.png,0.2553,valid,600x450,600x450
IL_2881037,IL_2881037,/marimo/milk10k/MILK10k_Training_Input/IL_2881037/ISIC_7632279.jpg,/marimo/milk10k_train_masks/IL_2881037_dermoscopic_mask.png,0.4442925925925926,valid,600x450,600x450
IL_2885420,IL_2885420,/marimo/milk10k/MILK10k_Training_Input/IL_2885420/ISIC_0204323.jpg,/marimo/milk10k_train_masks/IL_2885420_dermoscopic_mask.png,0.427962962962963,valid,600x450,600x450
IL_2888041,IL_2888041,/marimo/milk10k/MILK10k_Training_Input/IL_2888041/ISIC_4865809.jpg,/marimo/milk10k_train_masks/IL_2888041_dermoscopic_mask.png,0.6550444444444444,valid,600x450,600x450
IL_2888238,IL_2888238,/marimo/milk10k/MILK10k_Training_Input/IL_2888238/ISIC_1631620.jpg,/marimo/milk10k_train_masks/IL_2888238_dermoscopic_mask.png,0.38265185185185185,valid,600x450,600x450
IL_2889999,IL_2889999,/marimo/milk10k/MILK10k_Training_Input/IL_2889999/ISIC_7103694.jpg,/marimo/milk10k_train_masks/IL_2889999_dermoscopic_mask.png,0.4990148148148148,valid,600x450,600x450
IL_2894575,IL_2894575,/marimo/milk10k/MILK10k_Training_Input/IL_2894575/ISIC_8786035.jpg,/marimo/milk10k_train_masks/IL_2894575_dermoscopic_mask.png,0.23866666666666667,valid,600x450,600x450
IL_2895594,IL_2895594,/marimo/milk10k/MILK10k_Training_Input/IL_2895594/ISIC_4642906.jpg,/marimo/milk10k_train_masks/IL_2895594_dermoscopic_mask.png,0.3763814814814815,valid,600x450,600x450
IL_2897531,IL_2897531,/marimo/milk10k/MILK10k_Training_Input/IL_2897531/ISIC_1667014.jpg,/marimo/milk10k_train_masks/IL_2897531_dermoscopic_mask.png,0.46065925925925927,valid,600x450,600x450
IL_2899704,IL_2899704,/marimo/milk10k/MILK10k_Training_Input/IL_2899704/ISIC_4887943.jpg,/marimo/milk10k_train_masks/IL_2899704_dermoscopic_mask.png,0.09004814814814815,valid,600x450,600x450
IL_2900528,IL_2900528,/marimo/milk10k/MILK10k_Training_Input/IL_2900528/ISIC_1453805.jpg,/marimo/milk10k_train_masks/IL_2900528_dermoscopic_mask.png,0.5859703703703704,valid,600x450,600x450
IL_2902752,IL_2902752,/marimo/milk10k/MILK10k_Training_Input/IL_2902752/ISIC_7969817.jpg,/marimo/milk10k_train_masks/IL_2902752_dermoscopic_mask.png,0.1556962962962963,valid,600x450,600x450
IL_2908166,IL_2908166,/marimo/milk10k/MILK10k_Training_Input/IL_2908166/ISIC_4630771.jpg,/marimo/milk10k_train_masks/IL_2908166_dermoscopic_mask.png,0.22748888888888888,valid,600x450,600x450
IL_2915335,IL_2915335,/marimo/milk10k/MILK10k_Training_Input/IL_2915335/ISIC_7504526.jpg,/marimo/milk10k_train_masks/IL_2915335_dermoscopic_mask.png,0.009896296296296297,too_small,600x450,600x450
IL_2918180,IL_2918180,/marimo/milk10k/MILK10k_Training_Input/IL_2918180/ISIC_7782700.jpg,/marimo/milk10k_train_masks/IL_2918180_dermoscopic_mask.png,0.11455555555555555,valid,600x450,600x450
IL_2918897,IL_2918897,/marimo/milk10k/MILK10k_Training_Input/IL_2918897/ISIC_2353418.jpg,/marimo/milk10k_train_masks/IL_2918897_dermoscopic_mask.png,0.2044,valid,600x450,600x450
IL_2921214,IL_2921214,/marimo/milk10k/MILK10k_Training_Input/IL_2921214/ISIC_7555988.jpg,/marimo/milk10k_train_masks/IL_2921214_dermoscopic_mask.png,0.48998888888888886,valid,600x450,600x450
IL_2922462,IL_2922462,/marimo/milk10k/MILK10k_Training_Input/IL_2922462/ISIC_4542004.jpg,/marimo/milk10k_train_masks/IL_2922462_dermoscopic_mask.png,0.3973259259259259,valid,600x450,600x450
IL_2925087,IL_2925087,/marimo/milk10k/MILK10k_Training_Input/IL_2925087/ISIC_3789914.jpg,/marimo/milk10k_train_masks/IL_2925087_dermoscopic_mask.png,0.5164814814814814,valid,600x450,600x450
IL_2926353,IL_2926353,/marimo/milk10k/MILK10k_Training_Input/IL_2926353/ISIC_9796777.jpg,/marimo/milk10k_train_masks/IL_2926353_dermoscopic_mask.png,0.2079851851851852,valid,600x450,600x450
IL_2929786,IL_2929786,/marimo/milk10k/MILK10k_Training_Input/IL_2929786/ISIC_9977374.jpg,/marimo/milk10k_train_masks/IL_2929786_dermoscopic_mask.png,0.07367407407407407,valid,600x450,600x450
IL_2935658,IL_2935658,/marimo/milk10k/MILK10k_Training_Input/IL_2935658/ISIC_6529674.jpg,/marimo/milk10k_train_masks/IL_2935658_dermoscopic_mask.png,0.5409925925925926,valid,600x450,600x450
IL_2943646,IL_2943646,/marimo/milk10k/MILK10k_Training_Input/IL_2943646/ISIC_7531601.jpg,/marimo/milk10k_train_masks/IL_2943646_dermoscopic_mask.png,0.19423703703703704,valid,600x450,600x450
IL_2951837,IL_2951837,/marimo/milk10k/MILK10k_Training_Input/IL_2951837/ISIC_0573471.jpg,/marimo/milk10k_train_masks/IL_2951837_dermoscopic_mask.png,0.5710037037037037,valid,600x450,600x450
IL_2955250,IL_2955250,/marimo/milk10k/MILK10k_Training_Input/IL_2955250/ISIC_3540431.jpg,/marimo/milk10k_train_masks/IL_2955250_dermoscopic_mask.png,0.37591851851851854,valid,600x450,600x450
IL_2956411,IL_2956411,/marimo/milk10k/MILK10k_Training_Input/IL_2956411/ISIC_9540648.jpg,/marimo/milk10k_train_masks/IL_2956411_dermoscopic_mask.png,0.4046111111111111,valid,600x450,600x450
IL_2958247,IL_2958247,/marimo/milk10k/MILK10k_Training_Input/IL_2958247/ISIC_3275271.jpg,/marimo/milk10k_train_masks/IL_2958247_dermoscopic_mask.png,0.03871851851851852,valid,600x450,600x450
IL_2958818,IL_2958818,/marimo/milk10k/MILK10k_Training_Input/IL_2958818/ISIC_1308671.jpg,/marimo/milk10k_train_masks/IL_2958818_dermoscopic_mask.png,0.31736296296296296,valid,600x450,600x450
IL_2962175,IL_2962175,/marimo/milk10k/MILK10k_Training_Input/IL_2962175/ISIC_8614567.jpg,/marimo/milk10k_train_masks/IL_2962175_dermoscopic_mask.png,0.10432222222222222,valid,600x450,600x450
IL_2962292,IL_2962292,/marimo/milk10k/MILK10k_Training_Input/IL_2962292/ISIC_9348273.jpg,/marimo/milk10k_train_masks/IL_2962292_dermoscopic_mask.png,0.309,valid,600x450,600x450
IL_2965012,IL_2965012,/marimo/milk10k/MILK10k_Training_Input/IL_2965012/ISIC_2826846.jpg,/marimo/milk10k_train_masks/IL_2965012_dermoscopic_mask.png,0.32652592592592594,valid,600x450,600x450
IL_2968556,IL_2968556,/marimo/milk10k/MILK10k_Training_Input/IL_2968556/ISIC_1897923.jpg,/marimo/milk10k_train_masks/IL_2968556_dermoscopic_mask.png,0.24384074074074075,valid,600x450,600x450
IL_2972185,IL_2972185,/marimo/milk10k/MILK10k_Training_Input/IL_2972185/ISIC_6819805.jpg,/marimo/milk10k_train_masks/IL_2972185_dermoscopic_mask.png,0.5522037037037038,valid,600x450,600x450
IL_2972569,IL_2972569,/marimo/milk10k/MILK10k_Training_Input/IL_2972569/ISIC_9719634.jpg,/marimo/milk10k_train_masks/IL_2972569_dermoscopic_mask.png,0.4642851851851852,valid,600x450,600x450
IL_2974900,IL_2974900,/marimo/milk10k/MILK10k_Training_Input/IL_2974900/ISIC_5511950.jpg,/marimo/milk10k_train_masks/IL_2974900_dermoscopic_mask.png,0.046177777777777776,valid,600x450,600x450
IL_2980838,IL_2980838,/marimo/milk10k/MILK10k_Training_Input/IL_2980838/ISIC_4646662.jpg,/marimo/milk10k_train_masks/IL_2980838_dermoscopic_mask.png,0.23328148148148148,valid,600x450,600x450
IL_2982870,IL_2982870,/marimo/milk10k/MILK10k_Training_Input/IL_2982870/ISIC_8340872.jpg,/marimo/milk10k_train_masks/IL_2982870_dermoscopic_mask.png,0.15016666666666667,valid,600x450,600x450
IL_2983051,IL_2983051,/marimo/milk10k/MILK10k_Training_Input/IL_2983051/ISIC_5679759.jpg,/marimo/milk10k_train_masks/IL_2983051_dermoscopic_mask.png,0.3053740740740741,valid,600x450,600x450
IL_2983188,IL_2983188,/marimo/milk10k/MILK10k_Training_Input/IL_2983188/ISIC_7711626.jpg,/marimo/milk10k_train_masks/IL_2983188_dermoscopic_mask.png,0.23633333333333334,valid,600x450,600x450
IL_2986546,IL_2986546,/marimo/milk10k/MILK10k_Training_Input/IL_2986546/ISIC_0197274.jpg,/marimo/milk10k_train_masks/IL_2986546_dermoscopic_mask.png,0.35981851851851854,valid,600x450,600x450
IL_2987017,IL_2987017,/marimo/milk10k/MILK10k_Training_Input/IL_2987017/ISIC_1897052.jpg,/marimo/milk10k_train_masks/IL_2987017_dermoscopic_mask.png,0.2504111111111111,valid,600x450,600x450
IL_2988489,IL_2988489,/marimo/milk10k/MILK10k_Training_Input/IL_2988489/ISIC_4616394.jpg,/marimo/milk10k_train_masks/IL_2988489_dermoscopic_mask.png,0.10232592592592593,valid,600x450,600x450
IL_2988717,IL_2988717,/marimo/milk10k/MILK10k_Training_Input/IL_2988717/ISIC_3155654.jpg,/marimo/milk10k_train_masks/IL_2988717_dermoscopic_mask.png,0.3923962962962963,valid,600x450,600x450
IL_2989326,IL_2989326,/marimo/milk10k/MILK10k_Training_Input/IL_2989326/ISIC_8955200.jpg,/marimo/milk10k_train_masks/IL_2989326_dermoscopic_mask.png,0.2819074074074074,valid,600x450,600x450
IL_2991025,IL_2991025,/marimo/milk10k/MILK10k_Training_Input/IL_2991025/ISIC_9304429.jpg,/marimo/milk10k_train_masks/IL_2991025_dermoscopic_mask.png,0.2018185185185185,valid,600x450,600x450
IL_2992485,IL_2992485,/marimo/milk10k/MILK10k_Training_Input/IL_2992485/ISIC_6320048.jpg,/marimo/milk10k_train_masks/IL_2992485_dermoscopic_mask.png,0.44955925925925927,valid,600x450,600x450
IL_2994581,IL_2994581,/marimo/milk10k/MILK10k_Training_Input/IL_2994581/ISIC_6685680.jpg,/marimo/milk10k_train_masks/IL_2994581_dermoscopic_mask.png,0.15956666666666666,valid,600x450,600x450
IL_2995561,IL_2995561,/marimo/milk10k/MILK10k_Training_Input/IL_2995561/ISIC_6303124.jpg,/marimo/milk10k_train_masks/IL_2995561_dermoscopic_mask.png,0.39155555555555555,valid,600x450,600x450
IL_2996950,IL_2996950,/marimo/milk10k/MILK10k_Training_Input/IL_2996950/ISIC_7044118.jpg,/marimo/milk10k_train_masks/IL_2996950_dermoscopic_mask.png,0.18004074074074075,valid,600x450,600x450
IL_2998977,IL_2998977,/marimo/milk10k/MILK10k_Training_Input/IL_2998977/ISIC_7208631.jpg,/marimo/milk10k_train_masks/IL_2998977_dermoscopic_mask.png,0.5124777777777778,valid,600x450,600x450
IL_3003587,IL_3003587,/marimo/milk10k/MILK10k_Training_Input/IL_3003587/ISIC_9475776.jpg,/marimo/milk10k_train_masks/IL_3003587_dermoscopic_mask.png,0.36783333333333335,valid,600x450,600x450
IL_3006053,IL_3006053,/marimo/milk10k/MILK10k_Training_Input/IL_3006053/ISIC_5019119.jpg,/marimo/milk10k_train_masks/IL_3006053_dermoscopic_mask.png,0.15869259259259258,valid,600x450,600x450
IL_3007295,IL_3007295,/marimo/milk10k/MILK10k_Training_Input/IL_3007295/ISIC_2593023.jpg,/marimo/milk10k_train_masks/IL_3007295_dermoscopic_mask.png,0.13356296296296297,valid,600x450,600x450
IL_3009838,IL_3009838,/marimo/milk10k/MILK10k_Training_Input/IL_3009838/ISIC_4038238.jpg,/marimo/milk10k_train_masks/IL_3009838_dermoscopic_mask.png,0.6306592592592593,valid,600x450,600x450
IL_3013731,IL_3013731,/marimo/milk10k/MILK10k_Training_Input/IL_3013731/ISIC_1616470.jpg,/marimo/milk10k_train_masks/IL_3013731_dermoscopic_mask.png,0.388762962962963,valid,600x450,600x450
IL_3017961,IL_3017961,/marimo/milk10k/MILK10k_Training_Input/IL_3017961/ISIC_1069722.jpg,/marimo/milk10k_train_masks/IL_3017961_dermoscopic_mask.png,0.40057037037037035,valid,600x450,600x450
IL_3019343,IL_3019343,/marimo/milk10k/MILK10k_Training_Input/IL_3019343/ISIC_6423450.jpg,/marimo/milk10k_train_masks/IL_3019343_dermoscopic_mask.png,0.03376666666666667,valid,600x450,600x450
IL_3020012,IL_3020012,/marimo/milk10k/MILK10k_Training_Input/IL_3020012/ISIC_5452980.jpg,/marimo/milk10k_train_masks/IL_3020012_dermoscopic_mask.png,0.5710666666666666,valid,600x450,600x450
IL_3020505,IL_3020505,/marimo/milk10k/MILK10k_Training_Input/IL_3020505/ISIC_4976629.jpg,/marimo/milk10k_train_masks/IL_3020505_dermoscopic_mask.png,0.3343407407407407,valid,600x450,600x450
IL_3023010,IL_3023010,/marimo/milk10k/MILK10k_Training_Input/IL_3023010/ISIC_7280473.jpg,/marimo/milk10k_train_masks/IL_3023010_dermoscopic_mask.png,0.6978888888888889,valid,600x450,600x450
IL_3026387,IL_3026387,/marimo/milk10k/MILK10k_Training_Input/IL_3026387/ISIC_8599807.jpg,/marimo/milk10k_train_masks/IL_3026387_dermoscopic_mask.png,0.39911851851851854,valid,600x450,600x450
IL_3032174,IL_3032174,/marimo/milk10k/MILK10k_Training_Input/IL_3032174/ISIC_7235569.jpg,/marimo/milk10k_train_masks/IL_3032174_dermoscopic_mask.png,0.5480407407407407,valid,600x450,600x450
IL_3034019,IL_3034019,/marimo/milk10k/MILK10k_Training_Input/IL_3034019/ISIC_1594291.jpg,/marimo/milk10k_train_masks/IL_3034019_dermoscopic_mask.png,0.3686185185185185,valid,600x450,600x450
IL_3035506,IL_3035506,/marimo/milk10k/MILK10k_Training_Input/IL_3035506/ISIC_6383216.jpg,/marimo/milk10k_train_masks/IL_3035506_dermoscopic_mask.png,0.4686296296296296,valid,600x450,600x450
IL_3037585,IL_3037585,/marimo/milk10k/MILK10k_Training_Input/IL_3037585/ISIC_8787301.jpg,/marimo/milk10k_train_masks/IL_3037585_dermoscopic_mask.png,0.578337037037037,valid,600x450,600x450
IL_3038127,IL_3038127,/marimo/milk10k/MILK10k_Training_Input/IL_3038127/ISIC_3447417.jpg,/marimo/milk10k_train_masks/IL_3038127_dermoscopic_mask.png,0.6990888888888889,valid,600x450,600x450
IL_3039363,IL_3039363,/marimo/milk10k/MILK10k_Training_Input/IL_3039363/ISIC_7774908.jpg,/marimo/milk10k_train_masks/IL_3039363_dermoscopic_mask.png,0.2839962962962963,valid,600x450,600x450
IL_3044771,IL_3044771,/marimo/milk10k/MILK10k_Training_Input/IL_3044771/ISIC_5826969.jpg,/marimo/milk10k_train_masks/IL_3044771_dermoscopic_mask.png,0.5118111111111111,valid,600x450,600x450
IL_3044887,IL_3044887,/marimo/milk10k/MILK10k_Training_Input/IL_3044887/ISIC_1655136.jpg,/marimo/milk10k_train_masks/IL_3044887_dermoscopic_mask.png,0.3895740740740741,valid,600x450,600x450
IL_3046914,IL_3046914,/marimo/milk10k/MILK10k_Training_Input/IL_3046914/ISIC_0387826.jpg,/marimo/milk10k_train_masks/IL_3046914_dermoscopic_mask.png,0.21315185185185184,valid,600x450,600x450
IL_3048168,IL_3048168,/marimo/milk10k/MILK10k_Training_Input/IL_3048168/ISIC_1128748.jpg,/marimo/milk10k_train_masks/IL_3048168_dermoscopic_mask.png,0.35092222222222225,valid,600x450,600x450
IL_3052148,IL_3052148,/marimo/milk10k/MILK10k_Training_Input/IL_3052148/ISIC_3163093.jpg,/marimo/milk10k_train_masks/IL_3052148_dermoscopic_mask.png,0.4708777777777778,valid,600x450,600x450
IL_3052885,IL_3052885,/marimo/milk10k/MILK10k_Training_Input/IL_3052885/ISIC_0165103.jpg,/marimo/milk10k_train_masks/IL_3052885_dermoscopic_mask.png,0.3689296296296296,valid,600x450,600x450
IL_3057922,IL_3057922,/marimo/milk10k/MILK10k_Training_Input/IL_3057922/ISIC_1170720.jpg,/marimo/milk10k_train_masks/IL_3057922_dermoscopic_mask.png,0.46083703703703705,valid,600x450,600x450
IL_3058425,IL_3058425,/marimo/milk10k/MILK10k_Training_Input/IL_3058425/ISIC_8912166.jpg,/marimo/milk10k_train_masks/IL_3058425_dermoscopic_mask.png,0.5867962962962963,valid,600x450,600x450
IL_3060691,IL_3060691,/marimo/milk10k/MILK10k_Training_Input/IL_3060691/ISIC_3357525.jpg,/marimo/milk10k_train_masks/IL_3060691_dermoscopic_mask.png,0.5097185185185186,valid,600x450,600x450
IL_3060929,IL_3060929,/marimo/milk10k/MILK10k_Training_Input/IL_3060929/ISIC_0831512.jpg,/marimo/milk10k_train_masks/IL_3060929_dermoscopic_mask.png,0.4840185185185185,valid,600x450,600x450
IL_3061699,IL_3061699,/marimo/milk10k/MILK10k_Training_Input/IL_3061699/ISIC_7150655.jpg,/marimo/milk10k_train_masks/IL_3061699_dermoscopic_mask.png,0.5169,valid,600x450,600x450
IL_3065098,IL_3065098,/marimo/milk10k/MILK10k_Training_Input/IL_3065098/ISIC_1091566.jpg,/marimo/milk10k_train_masks/IL_3065098_dermoscopic_mask.png,0.5327148148148149,valid,600x450,600x450
IL_3065371,IL_3065371,/marimo/milk10k/MILK10k_Training_Input/IL_3065371/ISIC_0371409.jpg,/marimo/milk10k_train_masks/IL_3065371_dermoscopic_mask.png,0.025225925925925926,valid,600x450,600x450
IL_3065400,IL_3065400,/marimo/milk10k/MILK10k_Training_Input/IL_3065400/ISIC_5893703.jpg,/marimo/milk10k_train_masks/IL_3065400_dermoscopic_mask.png,0.4081185185185185,valid,600x450,600x450
IL_3065625,IL_3065625,/marimo/milk10k/MILK10k_Training_Input/IL_3065625/ISIC_7523078.jpg,/marimo/milk10k_train_masks/IL_3065625_dermoscopic_mask.png,0.2776111111111111,valid,600x450,600x450
IL_3067885,IL_3067885,/marimo/milk10k/MILK10k_Training_Input/IL_3067885/ISIC_1996485.jpg,/marimo/milk10k_train_masks/IL_3067885_dermoscopic_mask.png,0.22024444444444444,valid,600x450,600x450
IL_3069196,IL_3069196,/marimo/milk10k/MILK10k_Training_Input/IL_3069196/ISIC_5863762.jpg,/marimo/milk10k_train_masks/IL_3069196_dermoscopic_mask.png,0.3385037037037037,valid,600x450,600x450
IL_3069330,IL_3069330,/marimo/milk10k/MILK10k_Training_Input/IL_3069330/ISIC_9163561.jpg,/marimo/milk10k_train_masks/IL_3069330_dermoscopic_mask.png,0.4333,valid,600x450,600x450
IL_3069610,IL_3069610,/marimo/milk10k/MILK10k_Training_Input/IL_3069610/ISIC_0393134.jpg,/marimo/milk10k_train_masks/IL_3069610_dermoscopic_mask.png,0.10833333333333334,valid,600x450,600x450
IL_3070568,IL_3070568,/marimo/milk10k/MILK10k_Training_Input/IL_3070568/ISIC_1796015.jpg,/marimo/milk10k_train_masks/IL_3070568_dermoscopic_mask.png,0.4449592592592593,valid,600x450,600x450
IL_3070749,IL_3070749,/marimo/milk10k/MILK10k_Training_Input/IL_3070749/ISIC_3881677.jpg,/marimo/milk10k_train_masks/IL_3070749_dermoscopic_mask.png,0.3303814814814815,valid,600x450,600x450
IL_3077425,IL_3077425,/marimo/milk10k/MILK10k_Training_Input/IL_3077425/ISIC_6703202.jpg,/marimo/milk10k_train_masks/IL_3077425_dermoscopic_mask.png,0.4275407407407407,valid,600x450,600x450
IL_3082465,IL_3082465,/marimo/milk10k/MILK10k_Training_Input/IL_3082465/ISIC_9192620.jpg,/marimo/milk10k_train_masks/IL_3082465_dermoscopic_mask.png,0.20679629629629628,valid,600x450,600x450
IL_3082764,IL_3082764,/marimo/milk10k/MILK10k_Training_Input/IL_3082764/ISIC_2304241.jpg,/marimo/milk10k_train_masks/IL_3082764_dermoscopic_mask.png,0.5477925925925926,valid,600x450,600x450
IL_3085250,IL_3085250,/marimo/milk10k/MILK10k_Training_Input/IL_3085250/ISIC_1479765.jpg,/marimo/milk10k_train_masks/IL_3085250_dermoscopic_mask.png,0.23953333333333332,valid,600x450,600x450
IL_3087149,IL_3087149,/marimo/milk10k/MILK10k_Training_Input/IL_3087149/ISIC_4632123.jpg,/marimo/milk10k_train_masks/IL_3087149_dermoscopic_mask.png,0.4554962962962963,valid,600x450,600x450
IL_3087558,IL_3087558,/marimo/milk10k/MILK10k_Training_Input/IL_3087558/ISIC_0895262.jpg,/marimo/milk10k_train_masks/IL_3087558_dermoscopic_mask.png,0.8030888888888889,valid,600x450,600x450
IL_3088374,IL_3088374,/marimo/milk10k/MILK10k_Training_Input/IL_3088374/ISIC_6635963.jpg,/marimo/milk10k_train_masks/IL_3088374_dermoscopic_mask.png,0.42344444444444446,valid,600x450,600x450
IL_3089993,IL_3089993,/marimo/milk10k/MILK10k_Training_Input/IL_3089993/ISIC_8256353.jpg,/marimo/milk10k_train_masks/IL_3089993_dermoscopic_mask.png,0.23571851851851852,valid,600x450,600x450
IL_3090203,IL_3090203,/marimo/milk10k/MILK10k_Training_Input/IL_3090203/ISIC_3085694.jpg,/marimo/milk10k_train_masks/IL_3090203_dermoscopic_mask.png,0.1877037037037037,valid,600x450,600x450
IL_3092019,IL_3092019,/marimo/milk10k/MILK10k_Training_Input/IL_3092019/ISIC_1620077.jpg,/marimo/milk10k_train_masks/IL_3092019_dermoscopic_mask.png,0.45089259259259257,valid,600x450,600x450
IL_3096857,IL_3096857,/marimo/milk10k/MILK10k_Training_Input/IL_3096857/ISIC_3117423.jpg,/marimo/milk10k_train_masks/IL_3096857_dermoscopic_mask.png,0.39438518518518517,valid,600x450,600x450
IL_3098678,IL_3098678,/marimo/milk10k/MILK10k_Training_Input/IL_3098678/ISIC_7981707.jpg,/marimo/milk10k_train_masks/IL_3098678_dermoscopic_mask.png,0.3723888888888889,valid,600x450,600x450
IL_3099616,IL_3099616,/marimo/milk10k/MILK10k_Training_Input/IL_3099616/ISIC_1171731.jpg,/marimo/milk10k_train_masks/IL_3099616_dermoscopic_mask.png,0.15071851851851853,valid,600x450,600x450
IL_3102698,IL_3102698,/marimo/milk10k/MILK10k_Training_Input/IL_3102698/ISIC_0084581.jpg,/marimo/milk10k_train_masks/IL_3102698_dermoscopic_mask.png,0.2857148148148148,valid,600x450,600x450
IL_3102768,IL_3102768,/marimo/milk10k/MILK10k_Training_Input/IL_3102768/ISIC_6909525.jpg,/marimo/milk10k_train_masks/IL_3102768_dermoscopic_mask.png,0.2801666666666667,valid,600x450,600x450
IL_3104013,IL_3104013,/marimo/milk10k/MILK10k_Training_Input/IL_3104013/ISIC_5174728.jpg,/marimo/milk10k_train_masks/IL_3104013_dermoscopic_mask.png,0.10815925925925926,valid,600x450,600x450
IL_3104790,IL_3104790,/marimo/milk10k/MILK10k_Training_Input/IL_3104790/ISIC_3750787.jpg,/marimo/milk10k_train_masks/IL_3104790_dermoscopic_mask.png,0.0708074074074074,valid,600x450,600x450
IL_3115470,IL_3115470,/marimo/milk10k/MILK10k_Training_Input/IL_3115470/ISIC_0946795.jpg,/marimo/milk10k_train_masks/IL_3115470_dermoscopic_mask.png,0.12977407407407407,valid,600x450,600x450
IL_3117847,IL_3117847,/marimo/milk10k/MILK10k_Training_Input/IL_3117847/ISIC_2977377.jpg,/marimo/milk10k_train_masks/IL_3117847_dermoscopic_mask.png,0.23943333333333333,valid,600x450,600x450
IL_3122481,IL_3122481,/marimo/milk10k/MILK10k_Training_Input/IL_3122481/ISIC_0427331.jpg,/marimo/milk10k_train_masks/IL_3122481_dermoscopic_mask.png,0.4561925925925926,valid,600x450,600x450
IL_3124756,IL_3124756,/marimo/milk10k/MILK10k_Training_Input/IL_3124756/ISIC_4821214.jpg,/marimo/milk10k_train_masks/IL_3124756_dermoscopic_mask.png,0.38376666666666664,valid,600x450,600x450
IL_3133685,IL_3133685,/marimo/milk10k/MILK10k_Training_Input/IL_3133685/ISIC_5152492.jpg,/marimo/milk10k_train_masks/IL_3133685_dermoscopic_mask.png,0.10514814814814814,valid,600x450,600x450
IL_3134757,IL_3134757,/marimo/milk10k/MILK10k_Training_Input/IL_3134757/ISIC_4425251.jpg,/marimo/milk10k_train_masks/IL_3134757_dermoscopic_mask.png,0.3872333333333333,valid,600x450,600x450
IL_3137166,IL_3137166,/marimo/milk10k/MILK10k_Training_Input/IL_3137166/ISIC_8446505.jpg,/marimo/milk10k_train_masks/IL_3137166_dermoscopic_mask.png,0.5337518518518518,valid,600x450,600x450
IL_3138805,IL_3138805,/marimo/milk10k/MILK10k_Training_Input/IL_3138805/ISIC_2993083.jpg,/marimo/milk10k_train_masks/IL_3138805_dermoscopic_mask.png,0.2603888888888889,valid,600x450,600x450
IL_3141578,IL_3141578,/marimo/milk10k/MILK10k_Training_Input/IL_3141578/ISIC_1468332.jpg,/marimo/milk10k_train_masks/IL_3141578_dermoscopic_mask.png,0.18505185185185186,valid,600x450,600x450
IL_3143674,IL_3143674,/marimo/milk10k/MILK10k_Training_Input/IL_3143674/ISIC_9558332.jpg,/marimo/milk10k_train_masks/IL_3143674_dermoscopic_mask.png,0.12416666666666666,valid,600x450,600x450
IL_3144170,IL_3144170,/marimo/milk10k/MILK10k_Training_Input/IL_3144170/ISIC_9966733.jpg,/marimo/milk10k_train_masks/IL_3144170_dermoscopic_mask.png,0.17951851851851852,valid,600x450,600x450
IL_3146700,IL_3146700,/marimo/milk10k/MILK10k_Training_Input/IL_3146700/ISIC_9643914.jpg,/marimo/milk10k_train_masks/IL_3146700_dermoscopic_mask.png,0.26125185185185185,valid,600x450,600x450
IL_3146930,IL_3146930,/marimo/milk10k/MILK10k_Training_Input/IL_3146930/ISIC_3489676.jpg,/marimo/milk10k_train_masks/IL_3146930_dermoscopic_mask.png,0.4419777777777778,valid,600x450,600x450
IL_3147043,IL_3147043,/marimo/milk10k/MILK10k_Training_Input/IL_3147043/ISIC_2437084.jpg,/marimo/milk10k_train_masks/IL_3147043_dermoscopic_mask.png,0.4703074074074074,valid,600x450,600x450
IL_3148585,IL_3148585,/marimo/milk10k/MILK10k_Training_Input/IL_3148585/ISIC_7563152.jpg,/marimo/milk10k_train_masks/IL_3148585_dermoscopic_mask.png,0.7042962962962963,valid,600x450,600x450
IL_3148978,IL_3148978,/marimo/milk10k/MILK10k_Training_Input/IL_3148978/ISIC_1495576.jpg,/marimo/milk10k_train_masks/IL_3148978_dermoscopic_mask.png,0.28353703703703703,valid,600x450,600x450
IL_3150331,IL_3150331,/marimo/milk10k/MILK10k_Training_Input/IL_3150331/ISIC_3599295.jpg,/marimo/milk10k_train_masks/IL_3150331_dermoscopic_mask.png,0.4472481481481482,valid,600x450,600x450
IL_3151358,IL_3151358,/marimo/milk10k/MILK10k_Training_Input/IL_3151358/ISIC_9290704.jpg,/marimo/milk10k_train_masks/IL_3151358_dermoscopic_mask.png,0.2899777777777778,valid,600x450,600x450
IL_3151519,IL_3151519,/marimo/milk10k/MILK10k_Training_Input/IL_3151519/ISIC_7615926.jpg,/marimo/milk10k_train_masks/IL_3151519_dermoscopic_mask.png,0.5932296296296297,valid,600x450,600x450
IL_3154103,IL_3154103,/marimo/milk10k/MILK10k_Training_Input/IL_3154103/ISIC_1656295.jpg,/marimo/milk10k_train_masks/IL_3154103_dermoscopic_mask.png,0.39236296296296297,valid,600x450,600x450
IL_3154330,IL_3154330,/marimo/milk10k/MILK10k_Training_Input/IL_3154330/ISIC_6623298.jpg,/marimo/milk10k_train_masks/IL_3154330_dermoscopic_mask.png,0.8086333333333333,valid,600x450,600x450
IL_3154497,IL_3154497,/marimo/milk10k/MILK10k_Training_Input/IL_3154497/ISIC_7836451.jpg,/marimo/milk10k_train_masks/IL_3154497_dermoscopic_mask.png,0.5713148148148148,valid,600x450,600x450
IL_3154586,IL_3154586,/marimo/milk10k/MILK10k_Training_Input/IL_3154586/ISIC_9850235.jpg,/marimo/milk10k_train_masks/IL_3154586_dermoscopic_mask.png,0.5425962962962962,valid,600x450,600x450
IL_3154962,IL_3154962,/marimo/milk10k/MILK10k_Training_Input/IL_3154962/ISIC_8673290.jpg,/marimo/milk10k_train_masks/IL_3154962_dermoscopic_mask.png,0.4898814814814815,valid,600x450,600x450
IL_3156059,IL_3156059,/marimo/milk10k/MILK10k_Training_Input/IL_3156059/ISIC_5513367.jpg,/marimo/milk10k_train_masks/IL_3156059_dermoscopic_mask.png,0.3353037037037037,valid,600x450,600x450
IL_3156209,IL_3156209,/marimo/milk10k/MILK10k_Training_Input/IL_3156209/ISIC_4546388.jpg,/marimo/milk10k_train_masks/IL_3156209_dermoscopic_mask.png,0.16295925925925925,valid,600x450,600x450
IL_3157570,IL_3157570,/marimo/milk10k/MILK10k_Training_Input/IL_3157570/ISIC_1940214.jpg,/marimo/milk10k_train_masks/IL_3157570_dermoscopic_mask.png,0.21512222222222221,valid,600x450,600x450
IL_3157584,IL_3157584,/marimo/milk10k/MILK10k_Training_Input/IL_3157584/ISIC_6365981.jpg,/marimo/milk10k_train_masks/IL_3157584_dermoscopic_mask.png,0.6451407407407408,valid,600x450,600x450
IL_3160431,IL_3160431,/marimo/milk10k/MILK10k_Training_Input/IL_3160431/ISIC_3673916.jpg,/marimo/milk10k_train_masks/IL_3160431_dermoscopic_mask.png,0.24214444444444444,valid,600x450,600x450
IL_3161525,IL_3161525,/marimo/milk10k/MILK10k_Training_Input/IL_3161525/ISIC_5841767.jpg,/marimo/milk10k_train_masks/IL_3161525_dermoscopic_mask.png,0.3635925925925926,valid,600x450,600x450
IL_3162928,IL_3162928,/marimo/milk10k/MILK10k_Training_Input/IL_3162928/ISIC_8696381.jpg,/marimo/milk10k_train_masks/IL_3162928_dermoscopic_mask.png,0.08623333333333333,valid,600x450,600x450
IL_3165237,IL_3165237,/marimo/milk10k/MILK10k_Training_Input/IL_3165237/ISIC_7806816.jpg,/marimo/milk10k_train_masks/IL_3165237_dermoscopic_mask.png,0.5383666666666667,valid,600x450,600x450
IL_3170694,IL_3170694,/marimo/milk10k/MILK10k_Training_Input/IL_3170694/ISIC_1614480.jpg,/marimo/milk10k_train_masks/IL_3170694_dermoscopic_mask.png,0.1817111111111111,valid,600x450,600x450
IL_3172829,IL_3172829,/marimo/milk10k/MILK10k_Training_Input/IL_3172829/ISIC_7896796.jpg,/marimo/milk10k_train_masks/IL_3172829_dermoscopic_mask.png,0.3859185185185185,valid,600x450,600x450
IL_3176703,IL_3176703,/marimo/milk10k/MILK10k_Training_Input/IL_3176703/ISIC_0601743.jpg,/marimo/milk10k_train_masks/IL_3176703_dermoscopic_mask.png,0.4089185185185185,valid,600x450,600x450
IL_3179452,IL_3179452,/marimo/milk10k/MILK10k_Training_Input/IL_3179452/ISIC_3307206.jpg,/marimo/milk10k_train_masks/IL_3179452_dermoscopic_mask.png,0.6183518518518518,valid,600x450,600x450
IL_3180618,IL_3180618,/marimo/milk10k/MILK10k_Training_Input/IL_3180618/ISIC_5844410.jpg,/marimo/milk10k_train_masks/IL_3180618_dermoscopic_mask.png,0.5027148148148148,valid,600x450,600x450
IL_3181728,IL_3181728,/marimo/milk10k/MILK10k_Training_Input/IL_3181728/ISIC_0387282.jpg,/marimo/milk10k_train_masks/IL_3181728_dermoscopic_mask.png,0.7536666666666667,valid,600x450,600x450
IL_3183232,IL_3183232,/marimo/milk10k/MILK10k_Training_Input/IL_3183232/ISIC_1683911.jpg,/marimo/milk10k_train_masks/IL_3183232_dermoscopic_mask.png,0.2399037037037037,valid,600x450,600x450
IL_3186878,IL_3186878,/marimo/milk10k/MILK10k_Training_Input/IL_3186878/ISIC_3267363.jpg,/marimo/milk10k_train_masks/IL_3186878_dermoscopic_mask.png,0.2576888888888889,valid,600x450,600x450
IL_3196710,IL_3196710,/marimo/milk10k/MILK10k_Training_Input/IL_3196710/ISIC_5279946.jpg,/marimo/milk10k_train_masks/IL_3196710_dermoscopic_mask.png,0.1458148148148148,valid,600x450,600x450
IL_3199260,IL_3199260,/marimo/milk10k/MILK10k_Training_Input/IL_3199260/ISIC_5159139.jpg,/marimo/milk10k_train_masks/IL_3199260_dermoscopic_mask.png,0.41300740740740743,valid,600x450,600x450
IL_3201374,IL_3201374,/marimo/milk10k/MILK10k_Training_Input/IL_3201374/ISIC_9816264.jpg,/marimo/milk10k_train_masks/IL_3201374_dermoscopic_mask.png,0.2756,valid,600x450,600x450
IL_3203349,IL_3203349,/marimo/milk10k/MILK10k_Training_Input/IL_3203349/ISIC_8419172.jpg,/marimo/milk10k_train_masks/IL_3203349_dermoscopic_mask.png,0.2959,valid,600x450,600x450
IL_3204310,IL_3204310,/marimo/milk10k/MILK10k_Training_Input/IL_3204310/ISIC_3594514.jpg,/marimo/milk10k_train_masks/IL_3204310_dermoscopic_mask.png,0.5141148148148148,valid,600x450,600x450
IL_3205474,IL_3205474,/marimo/milk10k/MILK10k_Training_Input/IL_3205474/ISIC_9680458.jpg,/marimo/milk10k_train_masks/IL_3205474_dermoscopic_mask.png,0.4098074074074074,valid,600x450,600x450
IL_3205547,IL_3205547,/marimo/milk10k/MILK10k_Training_Input/IL_3205547/ISIC_3794620.jpg,/marimo/milk10k_train_masks/IL_3205547_dermoscopic_mask.png,0.32656666666666667,valid,600x450,600x450
IL_3211477,IL_3211477,/marimo/milk10k/MILK10k_Training_Input/IL_3211477/ISIC_4470805.jpg,/marimo/milk10k_train_masks/IL_3211477_dermoscopic_mask.png,0.12282222222222222,valid,600x450,600x450
IL_3212052,IL_3212052,/marimo/milk10k/MILK10k_Training_Input/IL_3212052/ISIC_3831775.jpg,/marimo/milk10k_train_masks/IL_3212052_dermoscopic_mask.png,0.4391925925925926,valid,600x450,600x450
IL_3214039,IL_3214039,/marimo/milk10k/MILK10k_Training_Input/IL_3214039/ISIC_6333133.jpg,/marimo/milk10k_train_masks/IL_3214039_dermoscopic_mask.png,0.45446296296296296,valid,600x450,600x450
IL_3216305,IL_3216305,/marimo/milk10k/MILK10k_Training_Input/IL_3216305/ISIC_7501563.jpg,/marimo/milk10k_train_masks/IL_3216305_dermoscopic_mask.png,0.3351777777777778,valid,600x450,600x450
IL_3221884,IL_3221884,/marimo/milk10k/MILK10k_Training_Input/IL_3221884/ISIC_7467595.jpg,/marimo/milk10k_train_masks/IL_3221884_dermoscopic_mask.png,0.3517037037037037,valid,600x450,600x450
IL_3222317,IL_3222317,/marimo/milk10k/MILK10k_Training_Input/IL_3222317/ISIC_6167789.jpg,/marimo/milk10k_train_masks/IL_3222317_dermoscopic_mask.png,0.4009962962962963,valid,600x450,600x450
IL_3224912,IL_3224912,/marimo/milk10k/MILK10k_Training_Input/IL_3224912/ISIC_8715446.jpg,/marimo/milk10k_train_masks/IL_3224912_dermoscopic_mask.png,0.1791111111111111,valid,600x450,600x450
IL_3225155,IL_3225155,/marimo/milk10k/MILK10k_Training_Input/IL_3225155/ISIC_6539281.jpg,/marimo/milk10k_train_masks/IL_3225155_dermoscopic_mask.png,0.272537037037037,valid,600x450,600x450
IL_3226127,IL_3226127,/marimo/milk10k/MILK10k_Training_Input/IL_3226127/ISIC_8816242.jpg,/marimo/milk10k_train_masks/IL_3226127_dermoscopic_mask.png,0.6556333333333333,valid,600x450,600x450
IL_3228956,IL_3228956,/marimo/milk10k/MILK10k_Training_Input/IL_3228956/ISIC_6167270.jpg,/marimo/milk10k_train_masks/IL_3228956_dermoscopic_mask.png,0.2061888888888889,valid,600x450,600x450
IL_3230932,IL_3230932,/marimo/milk10k/MILK10k_Training_Input/IL_3230932/ISIC_6999728.jpg,/marimo/milk10k_train_masks/IL_3230932_dermoscopic_mask.png,0.5768074074074074,valid,600x450,600x450
IL_3231660,IL_3231660,/marimo/milk10k/MILK10k_Training_Input/IL_3231660/ISIC_4296407.jpg,/marimo/milk10k_train_masks/IL_3231660_dermoscopic_mask.png,0.6121407407407408,valid,600x450,600x450
IL_3233038,IL_3233038,/marimo/milk10k/MILK10k_Training_Input/IL_3233038/ISIC_4742379.jpg,/marimo/milk10k_train_masks/IL_3233038_dermoscopic_mask.png,0.4179925925925926,valid,600x450,600x450
IL_3236143,IL_3236143,/marimo/milk10k/MILK10k_Training_Input/IL_3236143/ISIC_1701846.jpg,/marimo/milk10k_train_masks/IL_3236143_dermoscopic_mask.png,0.3005925925925926,valid,600x450,600x450
IL_3236486,IL_3236486,/marimo/milk10k/MILK10k_Training_Input/IL_3236486/ISIC_1285798.jpg,/marimo/milk10k_train_masks/IL_3236486_dermoscopic_mask.png,0.5457333333333333,valid,600x450,600x450
IL_3237613,IL_3237613,/marimo/milk10k/MILK10k_Training_Input/IL_3237613/ISIC_2088540.jpg,/marimo/milk10k_train_masks/IL_3237613_dermoscopic_mask.png,0.3940925925925926,valid,600x450,600x450
IL_3237666,IL_3237666,/marimo/milk10k/MILK10k_Training_Input/IL_3237666/ISIC_4013307.jpg,/marimo/milk10k_train_masks/IL_3237666_dermoscopic_mask.png,0.3193037037037037,valid,600x450,600x450
IL_3237726,IL_3237726,/marimo/milk10k/MILK10k_Training_Input/IL_3237726/ISIC_8977223.jpg,/marimo/milk10k_train_masks/IL_3237726_dermoscopic_mask.png,0.43396296296296294,valid,600x450,600x450
IL_3239005,IL_3239005,/marimo/milk10k/MILK10k_Training_Input/IL_3239005/ISIC_1960660.jpg,/marimo/milk10k_train_masks/IL_3239005_dermoscopic_mask.png,0.38451111111111114,valid,600x450,600x450
IL_3239259,IL_3239259,/marimo/milk10k/MILK10k_Training_Input/IL_3239259/ISIC_8223664.jpg,/marimo/milk10k_train_masks/IL_3239259_dermoscopic_mask.png,0.38175925925925924,valid,600x450,600x450
IL_3240124,IL_3240124,/marimo/milk10k/MILK10k_Training_Input/IL_3240124/ISIC_2482447.jpg,/marimo/milk10k_train_masks/IL_3240124_dermoscopic_mask.png,0.44513703703703705,valid,600x450,600x450
IL_3242715,IL_3242715,/marimo/milk10k/MILK10k_Training_Input/IL_3242715/ISIC_2891509.jpg,/marimo/milk10k_train_masks/IL_3242715_dermoscopic_mask.png,0.15937777777777778,valid,600x450,600x450
IL_3244016,IL_3244016,/marimo/milk10k/MILK10k_Training_Input/IL_3244016/ISIC_4613924.jpg,/marimo/milk10k_train_masks/IL_3244016_dermoscopic_mask.png,0.11778888888888889,valid,600x450,600x450
IL_3245331,IL_3245331,/marimo/milk10k/MILK10k_Training_Input/IL_3245331/ISIC_6886883.jpg,/marimo/milk10k_train_masks/IL_3245331_dermoscopic_mask.png,0.6957518518518518,valid,600x450,600x450
IL_3248471,IL_3248471,/marimo/milk10k/MILK10k_Training_Input/IL_3248471/ISIC_1285909.jpg,/marimo/milk10k_train_masks/IL_3248471_dermoscopic_mask.png,0.1908037037037037,valid,600x450,600x450
IL_3248533,IL_3248533,/marimo/milk10k/MILK10k_Training_Input/IL_3248533/ISIC_9262459.jpg,/marimo/milk10k_train_masks/IL_3248533_dermoscopic_mask.png,0.1854925925925926,valid,600x450,600x450
IL_3249139,IL_3249139,/marimo/milk10k/MILK10k_Training_Input/IL_3249139/ISIC_3268800.jpg,/marimo/milk10k_train_masks/IL_3249139_dermoscopic_mask.png,0.21782592592592592,valid,600x450,600x450
IL_3252153,IL_3252153,/marimo/milk10k/MILK10k_Training_Input/IL_3252153/ISIC_8190843.jpg,/marimo/milk10k_train_masks/IL_3252153_dermoscopic_mask.png,0.19464814814814815,valid,600x450,600x450
IL_3252703,IL_3252703,/marimo/milk10k/MILK10k_Training_Input/IL_3252703/ISIC_9693456.jpg,/marimo/milk10k_train_masks/IL_3252703_dermoscopic_mask.png,0.4413740740740741,valid,600x450,600x450
IL_3253177,IL_3253177,/marimo/milk10k/MILK10k_Training_Input/IL_3253177/ISIC_9140116.jpg,/marimo/milk10k_train_masks/IL_3253177_dermoscopic_mask.png,0.1701037037037037,valid,600x450,600x450
IL_3256681,IL_3256681,/marimo/milk10k/MILK10k_Training_Input/IL_3256681/ISIC_8657995.jpg,/marimo/milk10k_train_masks/IL_3256681_dermoscopic_mask.png,0.26107407407407407,valid,600x450,600x450
IL_3256866,IL_3256866,/marimo/milk10k/MILK10k_Training_Input/IL_3256866/ISIC_7804815.jpg,/marimo/milk10k_train_masks/IL_3256866_dermoscopic_mask.png,0.16514074074074075,valid,600x450,600x450
IL_3257772,IL_3257772,/marimo/milk10k/MILK10k_Training_Input/IL_3257772/ISIC_6212964.jpg,/marimo/milk10k_train_masks/IL_3257772_dermoscopic_mask.png,0.6952925925925926,valid,600x450,600x450
IL_3259984,IL_3259984,/marimo/milk10k/MILK10k_Training_Input/IL_3259984/ISIC_5925439.jpg,/marimo/milk10k_train_masks/IL_3259984_dermoscopic_mask.png,0.20278148148148148,valid,600x450,600x450
IL_3260331,IL_3260331,/marimo/milk10k/MILK10k_Training_Input/IL_3260331/ISIC_7118545.jpg,/marimo/milk10k_train_masks/IL_3260331_dermoscopic_mask.png,0.7382222222222222,valid,600x450,600x450
IL_3262094,IL_3262094,/marimo/milk10k/MILK10k_Training_Input/IL_3262094/ISIC_7379628.jpg,/marimo/milk10k_train_masks/IL_3262094_dermoscopic_mask.png,0.5372222222222223,valid,600x450,600x450
IL_3263811,IL_3263811,/marimo/milk10k/MILK10k_Training_Input/IL_3263811/ISIC_5447057.jpg,/marimo/milk10k_train_masks/IL_3263811_dermoscopic_mask.png,0.21154814814814815,valid,600x450,600x450
IL_3268494,IL_3268494,/marimo/milk10k/MILK10k_Training_Input/IL_3268494/ISIC_6588395.jpg,/marimo/milk10k_train_masks/IL_3268494_dermoscopic_mask.png,0.28052962962962963,valid,600x450,600x450
IL_3269289,IL_3269289,/marimo/milk10k/MILK10k_Training_Input/IL_3269289/ISIC_9492928.jpg,/marimo/milk10k_train_masks/IL_3269289_dermoscopic_mask.png,0.46646666666666664,valid,600x450,600x450
IL_3271676,IL_3271676,/marimo/milk10k/MILK10k_Training_Input/IL_3271676/ISIC_5607642.jpg,/marimo/milk10k_train_masks/IL_3271676_dermoscopic_mask.png,0.02105925925925926,valid,600x450,600x450
IL_3278541,IL_3278541,/marimo/milk10k/MILK10k_Training_Input/IL_3278541/ISIC_5949139.jpg,/marimo/milk10k_train_masks/IL_3278541_dermoscopic_mask.png,0.6283148148148148,valid,600x450,600x450
IL_3285087,IL_3285087,/marimo/milk10k/MILK10k_Training_Input/IL_3285087/ISIC_7393792.jpg,/marimo/milk10k_train_masks/IL_3285087_dermoscopic_mask.png,0.2980407407407407,valid,600x450,600x450
IL_3286495,IL_3286495,/marimo/milk10k/MILK10k_Training_Input/IL_3286495/ISIC_0695322.jpg,/marimo/milk10k_train_masks/IL_3286495_dermoscopic_mask.png,0.34404444444444443,valid,600x450,600x450
IL_3288060,IL_3288060,/marimo/milk10k/MILK10k_Training_Input/IL_3288060/ISIC_1505022.jpg,/marimo/milk10k_train_masks/IL_3288060_dermoscopic_mask.png,0.4162777777777778,valid,600x450,600x450
IL_3288757,IL_3288757,/marimo/milk10k/MILK10k_Training_Input/IL_3288757/ISIC_5055083.jpg,/marimo/milk10k_train_masks/IL_3288757_dermoscopic_mask.png,0.17638148148148147,valid,600x450,600x450
IL_3289221,IL_3289221,/marimo/milk10k/MILK10k_Training_Input/IL_3289221/ISIC_8327585.jpg,/marimo/milk10k_train_masks/IL_3289221_dermoscopic_mask.png,0.6915111111111111,valid,600x450,600x450
IL_3290322,IL_3290322,/marimo/milk10k/MILK10k_Training_Input/IL_3290322/ISIC_8704127.jpg,/marimo/milk10k_train_masks/IL_3290322_dermoscopic_mask.png,0.14554814814814815,valid,600x450,600x450
IL_3292594,IL_3292594,/marimo/milk10k/MILK10k_Training_Input/IL_3292594/ISIC_1545290.jpg,/marimo/milk10k_train_masks/IL_3292594_dermoscopic_mask.png,0.7452185185185185,valid,600x450,600x450
IL_3293751,IL_3293751,/marimo/milk10k/MILK10k_Training_Input/IL_3293751/ISIC_3364269.jpg,/marimo/milk10k_train_masks/IL_3293751_dermoscopic_mask.png,0.47881111111111113,valid,600x450,600x450
IL_3293897,IL_3293897,/marimo/milk10k/MILK10k_Training_Input/IL_3293897/ISIC_3981911.jpg,/marimo/milk10k_train_masks/IL_3293897_dermoscopic_mask.png,0.33756296296296295,valid,600x450,600x450
IL_3295228,IL_3295228,/marimo/milk10k/MILK10k_Training_Input/IL_3295228/ISIC_6933572.jpg,/marimo/milk10k_train_masks/IL_3295228_dermoscopic_mask.png,0.0900962962962963,valid,600x450,600x450
IL_3295356,IL_3295356,/marimo/milk10k/MILK10k_Training_Input/IL_3295356/ISIC_8754259.jpg,/marimo/milk10k_train_masks/IL_3295356_dermoscopic_mask.png,0.11488148148148149,valid,600x450,600x450
IL_3295486,IL_3295486,/marimo/milk10k/MILK10k_Training_Input/IL_3295486/ISIC_0376752.jpg,/marimo/milk10k_train_masks/IL_3295486_dermoscopic_mask.png,0.18783703703703702,valid,600x450,600x450
IL_3295826,IL_3295826,/marimo/milk10k/MILK10k_Training_Input/IL_3295826/ISIC_1215920.jpg,/marimo/milk10k_train_masks/IL_3295826_dermoscopic_mask.png,0.5223703703703704,valid,600x450,600x450
IL_3296162,IL_3296162,/marimo/milk10k/MILK10k_Training_Input/IL_3296162/ISIC_4431113.jpg,/marimo/milk10k_train_masks/IL_3296162_dermoscopic_mask.png,0.37524074074074076,valid,600x450,600x450
IL_3297767,IL_3297767,/marimo/milk10k/MILK10k_Training_Input/IL_3297767/ISIC_5053442.jpg,/marimo/milk10k_train_masks/IL_3297767_dermoscopic_mask.png,0.1588037037037037,valid,600x450,600x450
IL_3299607,IL_3299607,/marimo/milk10k/MILK10k_Training_Input/IL_3299607/ISIC_2571626.jpg,/marimo/milk10k_train_masks/IL_3299607_dermoscopic_mask.png,0.6178555555555556,valid,600x450,600x450
IL_3300322,IL_3300322,/marimo/milk10k/MILK10k_Training_Input/IL_3300322/ISIC_0612261.jpg,/marimo/milk10k_train_masks/IL_3300322_dermoscopic_mask.png,0.2358185185185185,valid,600x450,600x450
IL_3301980,IL_3301980,/marimo/milk10k/MILK10k_Training_Input/IL_3301980/ISIC_7206020.jpg,/marimo/milk10k_train_masks/IL_3301980_dermoscopic_mask.png,0.5557148148148148,valid,600x450,600x450
IL_3303536,IL_3303536,/marimo/milk10k/MILK10k_Training_Input/IL_3303536/ISIC_0445960.jpg,/marimo/milk10k_train_masks/IL_3303536_dermoscopic_mask.png,0.40532962962962965,valid,600x450,600x450
IL_3303655,IL_3303655,/marimo/milk10k/MILK10k_Training_Input/IL_3303655/ISIC_8704436.jpg,/marimo/milk10k_train_masks/IL_3303655_dermoscopic_mask.png,0.1177,valid,600x450,600x450
IL_3305378,IL_3305378,/marimo/milk10k/MILK10k_Training_Input/IL_3305378/ISIC_1606726.jpg,/marimo/milk10k_train_masks/IL_3305378_dermoscopic_mask.png,0.0664037037037037,valid,600x450,600x450
IL_3306844,IL_3306844,/marimo/milk10k/MILK10k_Training_Input/IL_3306844/ISIC_5133092.jpg,/marimo/milk10k_train_masks/IL_3306844_dermoscopic_mask.png,0.5615814814814815,valid,600x450,600x450
IL_3307198,IL_3307198,/marimo/milk10k/MILK10k_Training_Input/IL_3307198/ISIC_5850185.jpg,/marimo/milk10k_train_masks/IL_3307198_dermoscopic_mask.png,0.37672222222222224,valid,600x450,600x450
IL_3307769,IL_3307769,/marimo/milk10k/MILK10k_Training_Input/IL_3307769/ISIC_9509837.jpg,/marimo/milk10k_train_masks/IL_3307769_dermoscopic_mask.png,0.09949629629629629,valid,600x450,600x450
IL_3307865,IL_3307865,/marimo/milk10k/MILK10k_Training_Input/IL_3307865/ISIC_9592132.jpg,/marimo/milk10k_train_masks/IL_3307865_dermoscopic_mask.png,0.3882555555555556,valid,600x450,600x450
IL_3308348,IL_3308348,/marimo/milk10k/MILK10k_Training_Input/IL_3308348/ISIC_3917176.jpg,/marimo/milk10k_train_masks/IL_3308348_dermoscopic_mask.png,0.19518148148148148,valid,600x450,600x450
IL_3310631,IL_3310631,/marimo/milk10k/MILK10k_Training_Input/IL_3310631/ISIC_9286963.jpg,/marimo/milk10k_train_masks/IL_3310631_dermoscopic_mask.png,0.48465185185185183,valid,600x450,600x450
IL_3311502,IL_3311502,/marimo/milk10k/MILK10k_Training_Input/IL_3311502/ISIC_9101809.jpg,/marimo/milk10k_train_masks/IL_3311502_dermoscopic_mask.png,0.1582962962962963,valid,600x450,600x450
IL_3312437,IL_3312437,/marimo/milk10k/MILK10k_Training_Input/IL_3312437/ISIC_7222742.jpg,/marimo/milk10k_train_masks/IL_3312437_dermoscopic_mask.png,0.3068666666666667,valid,600x450,600x450
IL_3312566,IL_3312566,/marimo/milk10k/MILK10k_Training_Input/IL_3312566/ISIC_8079552.jpg,/marimo/milk10k_train_masks/IL_3312566_dermoscopic_mask.png,0.20152592592592591,valid,600x450,600x450
IL_3314266,IL_3314266,/marimo/milk10k/MILK10k_Training_Input/IL_3314266/ISIC_6162564.jpg,/marimo/milk10k_train_masks/IL_3314266_dermoscopic_mask.png,0.46724074074074073,valid,600x450,600x450
IL_3316446,IL_3316446,/marimo/milk10k/MILK10k_Training_Input/IL_3316446/ISIC_8137954.jpg,/marimo/milk10k_train_masks/IL_3316446_dermoscopic_mask.png,0.42352222222222224,valid,600x450,600x450
IL_3316669,IL_3316669,/marimo/milk10k/MILK10k_Training_Input/IL_3316669/ISIC_1132361.jpg,/marimo/milk10k_train_masks/IL_3316669_dermoscopic_mask.png,0.29054814814814817,valid,600x450,600x450
IL_3319164,IL_3319164,/marimo/milk10k/MILK10k_Training_Input/IL_3319164/ISIC_3204093.jpg,/marimo/milk10k_train_masks/IL_3319164_dermoscopic_mask.png,0.3626888888888889,valid,600x450,600x450
IL_3323231,IL_3323231,/marimo/milk10k/MILK10k_Training_Input/IL_3323231/ISIC_1916169.jpg,/marimo/milk10k_train_masks/IL_3323231_dermoscopic_mask.png,0.4401111111111111,valid,600x450,600x450
IL_3326001,IL_3326001,/marimo/milk10k/MILK10k_Training_Input/IL_3326001/ISIC_0918357.jpg,/marimo/milk10k_train_masks/IL_3326001_dermoscopic_mask.png,0.3458481481481481,valid,600x450,600x450
IL_3327660,IL_3327660,/marimo/milk10k/MILK10k_Training_Input/IL_3327660/ISIC_7692882.jpg,/marimo/milk10k_train_masks/IL_3327660_dermoscopic_mask.png,0.5145962962962963,valid,600x450,600x450
IL_3327955,IL_3327955,/marimo/milk10k/MILK10k_Training_Input/IL_3327955/ISIC_6796955.jpg,/marimo/milk10k_train_masks/IL_3327955_dermoscopic_mask.png,0.11207407407407408,valid,600x450,600x450
IL_3334554,IL_3334554,/marimo/milk10k/MILK10k_Training_Input/IL_3334554/ISIC_3336908.jpg,/marimo/milk10k_train_masks/IL_3334554_dermoscopic_mask.png,0.33978148148148146,valid,600x450,600x450
IL_3335346,IL_3335346,/marimo/milk10k/MILK10k_Training_Input/IL_3335346/ISIC_9583399.jpg,/marimo/milk10k_train_masks/IL_3335346_dermoscopic_mask.png,0.23306296296296297,valid,600x450,600x450
IL_3339470,IL_3339470,/marimo/milk10k/MILK10k_Training_Input/IL_3339470/ISIC_9170556.jpg,/marimo/milk10k_train_masks/IL_3339470_dermoscopic_mask.png,0.5335296296296296,valid,600x450,600x450
IL_3339713,IL_3339713,/marimo/milk10k/MILK10k_Training_Input/IL_3339713/ISIC_4278930.jpg,/marimo/milk10k_train_masks/IL_3339713_dermoscopic_mask.png,0.16620370370370371,valid,600x450,600x450
IL_3340189,IL_3340189,/marimo/milk10k/MILK10k_Training_Input/IL_3340189/ISIC_3967417.jpg,/marimo/milk10k_train_masks/IL_3340189_dermoscopic_mask.png,0.46064444444444447,valid,600x450,600x450
IL_3341397,IL_3341397,/marimo/milk10k/MILK10k_Training_Input/IL_3341397/ISIC_0723926.jpg,/marimo/milk10k_train_masks/IL_3341397_dermoscopic_mask.png,0.46382222222222225,valid,600x450,600x450
IL_3341722,IL_3341722,/marimo/milk10k/MILK10k_Training_Input/IL_3341722/ISIC_5811144.jpg,/marimo/milk10k_train_masks/IL_3341722_dermoscopic_mask.png,0.3443703703703704,valid,600x450,600x450
IL_3347593,IL_3347593,/marimo/milk10k/MILK10k_Training_Input/IL_3347593/ISIC_3658823.jpg,/marimo/milk10k_train_masks/IL_3347593_dermoscopic_mask.png,0.2818259259259259,valid,600x450,600x450
IL_3351126,IL_3351126,/marimo/milk10k/MILK10k_Training_Input/IL_3351126/ISIC_5991571.jpg,/marimo/milk10k_train_masks/IL_3351126_dermoscopic_mask.png,0.1269148148148148,valid,600x450,600x450
IL_3354355,IL_3354355,/marimo/milk10k/MILK10k_Training_Input/IL_3354355/ISIC_3420236.jpg,/marimo/milk10k_train_masks/IL_3354355_dermoscopic_mask.png,0.14049259259259259,valid,600x450,600x450
IL_3355699,IL_3355699,/marimo/milk10k/MILK10k_Training_Input/IL_3355699/ISIC_1184775.jpg,/marimo/milk10k_train_masks/IL_3355699_dermoscopic_mask.png,0.45754814814814815,valid,600x450,600x450
IL_3356147,IL_3356147,/marimo/milk10k/MILK10k_Training_Input/IL_3356147/ISIC_9468404.jpg,/marimo/milk10k_train_masks/IL_3356147_dermoscopic_mask.png,0.32073703703703704,valid,600x450,600x450
IL_3357031,IL_3357031,/marimo/milk10k/MILK10k_Training_Input/IL_3357031/ISIC_0929356.jpg,/marimo/milk10k_train_masks/IL_3357031_dermoscopic_mask.png,0.17673703703703703,valid,600x450,600x450
IL_3358821,IL_3358821,/marimo/milk10k/MILK10k_Training_Input/IL_3358821/ISIC_8102692.jpg,/marimo/milk10k_train_masks/IL_3358821_dermoscopic_mask.png,0.05492222222222222,valid,600x450,600x450
IL_3360442,IL_3360442,/marimo/milk10k/MILK10k_Training_Input/IL_3360442/ISIC_8882107.jpg,/marimo/milk10k_train_masks/IL_3360442_dermoscopic_mask.png,0.5265481481481481,valid,600x450,600x450
IL_3360591,IL_3360591,/marimo/milk10k/MILK10k_Training_Input/IL_3360591/ISIC_7656588.jpg,/marimo/milk10k_train_masks/IL_3360591_dermoscopic_mask.png,0.20232962962962964,valid,600x450,600x450
IL_3361305,IL_3361305,/marimo/milk10k/MILK10k_Training_Input/IL_3361305/ISIC_3982759.jpg,/marimo/milk10k_train_masks/IL_3361305_dermoscopic_mask.png,0.3706851851851852,valid,600x450,600x450
IL_3363042,IL_3363042,/marimo/milk10k/MILK10k_Training_Input/IL_3363042/ISIC_6297552.jpg,/marimo/milk10k_train_masks/IL_3363042_dermoscopic_mask.png,0.3273888888888889,valid,600x450,600x450
IL_3364981,IL_3364981,/marimo/milk10k/MILK10k_Training_Input/IL_3364981/ISIC_7984223.jpg,/marimo/milk10k_train_masks/IL_3364981_dermoscopic_mask.png,0.6572481481481481,valid,600x450,600x450
IL_3366115,IL_3366115,/marimo/milk10k/MILK10k_Training_Input/IL_3366115/ISIC_1393233.jpg,/marimo/milk10k_train_masks/IL_3366115_dermoscopic_mask.png,0.7166148148148148,valid,600x450,600x450
IL_3366376,IL_3366376,/marimo/milk10k/MILK10k_Training_Input/IL_3366376/ISIC_1600135.jpg,/marimo/milk10k_train_masks/IL_3366376_dermoscopic_mask.png,0.11610740740740741,valid,600x450,600x450
IL_3368963,IL_3368963,/marimo/milk10k/MILK10k_Training_Input/IL_3368963/ISIC_3361208.jpg,/marimo/milk10k_train_masks/IL_3368963_dermoscopic_mask.png,0.17324074074074075,valid,600x450,600x450
IL_3376509,IL_3376509,/marimo/milk10k/MILK10k_Training_Input/IL_3376509/ISIC_9841903.jpg,/marimo/milk10k_train_masks/IL_3376509_dermoscopic_mask.png,0.28567777777777775,valid,600x450,600x450
IL_3376861,IL_3376861,/marimo/milk10k/MILK10k_Training_Input/IL_3376861/ISIC_4478363.jpg,/marimo/milk10k_train_masks/IL_3376861_dermoscopic_mask.png,0.7009703703703704,valid,600x450,600x450
IL_3377032,IL_3377032,/marimo/milk10k/MILK10k_Training_Input/IL_3377032/ISIC_0896718.jpg,/marimo/milk10k_train_masks/IL_3377032_dermoscopic_mask.png,0.6499111111111111,valid,600x450,600x450
IL_3380076,IL_3380076,/marimo/milk10k/MILK10k_Training_Input/IL_3380076/ISIC_5820253.jpg,/marimo/milk10k_train_masks/IL_3380076_dermoscopic_mask.png,0.1167962962962963,valid,600x450,600x450
IL_3382606,IL_3382606,/marimo/milk10k/MILK10k_Training_Input/IL_3382606/ISIC_8604662.jpg,/marimo/milk10k_train_masks/IL_3382606_dermoscopic_mask.png,0.11628888888888889,valid,600x450,600x450
IL_3383125,IL_3383125,/marimo/milk10k/MILK10k_Training_Input/IL_3383125/ISIC_1657319.jpg,/marimo/milk10k_train_masks/IL_3383125_dermoscopic_mask.png,0.30665555555555557,valid,600x450,600x450
IL_3383259,IL_3383259,/marimo/milk10k/MILK10k_Training_Input/IL_3383259/ISIC_1064824.jpg,/marimo/milk10k_train_masks/IL_3383259_dermoscopic_mask.png,0.6795888888888889,valid,600x450,600x450
IL_3385490,IL_3385490,/marimo/milk10k/MILK10k_Training_Input/IL_3385490/ISIC_1009291.jpg,/marimo/milk10k_train_masks/IL_3385490_dermoscopic_mask.png,0.7979407407407407,valid,600x450,600x450
IL_3392979,IL_3392979,/marimo/milk10k/MILK10k_Training_Input/IL_3392979/ISIC_4607582.jpg,/marimo/milk10k_train_masks/IL_3392979_dermoscopic_mask.png,0.062318518518518516,valid,600x450,600x450
IL_3393264,IL_3393264,/marimo/milk10k/MILK10k_Training_Input/IL_3393264/ISIC_1182214.jpg,/marimo/milk10k_train_masks/IL_3393264_dermoscopic_mask.png,0.4295481481481481,valid,600x450,600x450
IL_3395310,IL_3395310,/marimo/milk10k/MILK10k_Training_Input/IL_3395310/ISIC_9199020.jpg,/marimo/milk10k_train_masks/IL_3395310_dermoscopic_mask.png,0.2945740740740741,valid,600x450,600x450
IL_3397052,IL_3397052,/marimo/milk10k/MILK10k_Training_Input/IL_3397052/ISIC_0886687.jpg,/marimo/milk10k_train_masks/IL_3397052_dermoscopic_mask.png,0.19686296296296296,valid,600x450,600x450
IL_3397274,IL_3397274,/marimo/milk10k/MILK10k_Training_Input/IL_3397274/ISIC_9612761.jpg,/marimo/milk10k_train_masks/IL_3397274_dermoscopic_mask.png,0.6502518518518519,valid,600x450,600x450
IL_3398129,IL_3398129,/marimo/milk10k/MILK10k_Training_Input/IL_3398129/ISIC_5431278.jpg,/marimo/milk10k_train_masks/IL_3398129_dermoscopic_mask.png,0.3016185185185185,valid,600x450,600x450
IL_3400406,IL_3400406,/marimo/milk10k/MILK10k_Training_Input/IL_3400406/ISIC_5321479.jpg,/marimo/milk10k_train_masks/IL_3400406_dermoscopic_mask.png,0.4352888888888889,valid,600x450,600x450
IL_3400636,IL_3400636,/marimo/milk10k/MILK10k_Training_Input/IL_3400636/ISIC_6943256.jpg,/marimo/milk10k_train_masks/IL_3400636_dermoscopic_mask.png,0.2656222222222222,valid,600x450,600x450
IL_3405101,IL_3405101,/marimo/milk10k/MILK10k_Training_Input/IL_3405101/ISIC_9986730.jpg,/marimo/milk10k_train_masks/IL_3405101_dermoscopic_mask.png,0.6559407407407407,valid,600x450,600x450
IL_3405396,IL_3405396,/marimo/milk10k/MILK10k_Training_Input/IL_3405396/ISIC_3626191.jpg,/marimo/milk10k_train_masks/IL_3405396_dermoscopic_mask.png,0.3768444444444444,valid,600x450,600x450
IL_3406268,IL_3406268,/marimo/milk10k/MILK10k_Training_Input/IL_3406268/ISIC_8868777.jpg,/marimo/milk10k_train_masks/IL_3406268_dermoscopic_mask.png,0.2827296296296296,valid,600x450,600x450
IL_3408986,IL_3408986,/marimo/milk10k/MILK10k_Training_Input/IL_3408986/ISIC_0135161.jpg,/marimo/milk10k_train_masks/IL_3408986_dermoscopic_mask.png,0.29080370370370373,valid,600x450,600x450
IL_3415127,IL_3415127,/marimo/milk10k/MILK10k_Training_Input/IL_3415127/ISIC_9212173.jpg,/marimo/milk10k_train_masks/IL_3415127_dermoscopic_mask.png,0.12502222222222223,valid,600x450,600x450
IL_3415556,IL_3415556,/marimo/milk10k/MILK10k_Training_Input/IL_3415556/ISIC_8558562.jpg,/marimo/milk10k_train_masks/IL_3415556_dermoscopic_mask.png,0.2940074074074074,valid,600x450,600x450
IL_3417024,IL_3417024,/marimo/milk10k/MILK10k_Training_Input/IL_3417024/ISIC_8977962.jpg,/marimo/milk10k_train_masks/IL_3417024_dermoscopic_mask.png,0.6248814814814815,valid,600x450,600x450
IL_3420465,IL_3420465,/marimo/milk10k/MILK10k_Training_Input/IL_3420465/ISIC_5745824.jpg,/marimo/milk10k_train_masks/IL_3420465_dermoscopic_mask.png,0.36045555555555553,valid,600x450,600x450
IL_3423568,IL_3423568,/marimo/milk10k/MILK10k_Training_Input/IL_3423568/ISIC_5387219.jpg,/marimo/milk10k_train_masks/IL_3423568_dermoscopic_mask.png,0.4502407407407407,valid,600x450,600x450
IL_3423821,IL_3423821,/marimo/milk10k/MILK10k_Training_Input/IL_3423821/ISIC_7201198.jpg,/marimo/milk10k_train_masks/IL_3423821_dermoscopic_mask.png,0.2389888888888889,valid,600x450,600x450
IL_3423886,IL_3423886,/marimo/milk10k/MILK10k_Training_Input/IL_3423886/ISIC_8945348.jpg,/marimo/milk10k_train_masks/IL_3423886_dermoscopic_mask.png,0.443437037037037,valid,600x450,600x450
IL_3424519,IL_3424519,/marimo/milk10k/MILK10k_Training_Input/IL_3424519/ISIC_4028370.jpg,/marimo/milk10k_train_masks/IL_3424519_dermoscopic_mask.png,0.3173962962962963,valid,600x450,600x450
IL_3424617,IL_3424617,/marimo/milk10k/MILK10k_Training_Input/IL_3424617/ISIC_3191687.jpg,/marimo/milk10k_train_masks/IL_3424617_dermoscopic_mask.png,0.3339259259259259,valid,600x450,600x450
IL_3426033,IL_3426033,/marimo/milk10k/MILK10k_Training_Input/IL_3426033/ISIC_0081055.jpg,/marimo/milk10k_train_masks/IL_3426033_dermoscopic_mask.png,0.5466148148148148,valid,600x450,600x450
IL_3435246,IL_3435246,/marimo/milk10k/MILK10k_Training_Input/IL_3435246/ISIC_9144877.jpg,/marimo/milk10k_train_masks/IL_3435246_dermoscopic_mask.png,0.2687851851851852,valid,600x450,600x450
IL_3436686,IL_3436686,/marimo/milk10k/MILK10k_Training_Input/IL_3436686/ISIC_5607559.jpg,/marimo/milk10k_train_masks/IL_3436686_dermoscopic_mask.png,0.33347037037037036,valid,600x450,600x450
IL_3439844,IL_3439844,/marimo/milk10k/MILK10k_Training_Input/IL_3439844/ISIC_1342857.jpg,/marimo/milk10k_train_masks/IL_3439844_dermoscopic_mask.png,0.4184703703703704,valid,600x450,600x450
IL_3441650,IL_3441650,/marimo/milk10k/MILK10k_Training_Input/IL_3441650/ISIC_2722338.jpg,/marimo/milk10k_train_masks/IL_3441650_dermoscopic_mask.png,0.5292074074074075,valid,600x450,600x450
IL_3447838,IL_3447838,/marimo/milk10k/MILK10k_Training_Input/IL_3447838/ISIC_7372500.jpg,/marimo/milk10k_train_masks/IL_3447838_dermoscopic_mask.png,0.34398518518518517,valid,600x450,600x450
IL_3450487,IL_3450487,/marimo/milk10k/MILK10k_Training_Input/IL_3450487/ISIC_9571815.jpg,/marimo/milk10k_train_masks/IL_3450487_dermoscopic_mask.png,0.16153703703703703,valid,600x450,600x450
IL_3451729,IL_3451729,/marimo/milk10k/MILK10k_Training_Input/IL_3451729/ISIC_1927934.jpg,/marimo/milk10k_train_masks/IL_3451729_dermoscopic_mask.png,0.635137037037037,valid,600x450,600x450
IL_3452976,IL_3452976,/marimo/milk10k/MILK10k_Training_Input/IL_3452976/ISIC_2689339.jpg,/marimo/milk10k_train_masks/IL_3452976_dermoscopic_mask.png,0.47688888888888886,valid,600x450,600x450
IL_3453159,IL_3453159,/marimo/milk10k/MILK10k_Training_Input/IL_3453159/ISIC_2747596.jpg,/marimo/milk10k_train_masks/IL_3453159_dermoscopic_mask.png,0.6768703703703703,valid,600x450,600x450
IL_3453453,IL_3453453,/marimo/milk10k/MILK10k_Training_Input/IL_3453453/ISIC_9098981.jpg,/marimo/milk10k_train_masks/IL_3453453_dermoscopic_mask.png,0.12111851851851851,valid,600x450,600x450
IL_3457214,IL_3457214,/marimo/milk10k/MILK10k_Training_Input/IL_3457214/ISIC_3088055.jpg,/marimo/milk10k_train_masks/IL_3457214_dermoscopic_mask.png,0.3188814814814815,valid,600x450,600x450
IL_3460639,IL_3460639,/marimo/milk10k/MILK10k_Training_Input/IL_3460639/ISIC_0991616.jpg,/marimo/milk10k_train_masks/IL_3460639_dermoscopic_mask.png,0.5809185185185185,valid,600x450,600x450
IL_3461218,IL_3461218,/marimo/milk10k/MILK10k_Training_Input/IL_3461218/ISIC_2883712.jpg,/marimo/milk10k_train_masks/IL_3461218_dermoscopic_mask.png,0.27476666666666666,valid,600x450,600x450
IL_3462420,IL_3462420,/marimo/milk10k/MILK10k_Training_Input/IL_3462420/ISIC_3733902.jpg,/marimo/milk10k_train_masks/IL_3462420_dermoscopic_mask.png,0.14075925925925925,valid,600x450,600x450
IL_3464725,IL_3464725,/marimo/milk10k/MILK10k_Training_Input/IL_3464725/ISIC_8114137.jpg,/marimo/milk10k_train_masks/IL_3464725_dermoscopic_mask.png,0.24507037037037038,valid,600x450,600x450
IL_3465975,IL_3465975,/marimo/milk10k/MILK10k_Training_Input/IL_3465975/ISIC_8366447.jpg,/marimo/milk10k_train_masks/IL_3465975_dermoscopic_mask.png,0.5084407407407407,valid,600x450,600x450
IL_3467743,IL_3467743,/marimo/milk10k/MILK10k_Training_Input/IL_3467743/ISIC_9002119.jpg,/marimo/milk10k_train_masks/IL_3467743_dermoscopic_mask.png,0.5789703703703704,valid,600x450,600x450
IL_3469370,IL_3469370,/marimo/milk10k/MILK10k_Training_Input/IL_3469370/ISIC_1647421.jpg,/marimo/milk10k_train_masks/IL_3469370_dermoscopic_mask.png,0.4817148148148148,valid,600x450,600x450
IL_3471902,IL_3471902,/marimo/milk10k/MILK10k_Training_Input/IL_3471902/ISIC_0598073.jpg,/marimo/milk10k_train_masks/IL_3471902_dermoscopic_mask.png,0.3795925925925926,valid,600x450,600x450
IL_3472357,IL_3472357,/marimo/milk10k/MILK10k_Training_Input/IL_3472357/ISIC_7251638.jpg,/marimo/milk10k_train_masks/IL_3472357_dermoscopic_mask.png,0.6098407407407408,valid,600x450,600x450
IL_3472941,IL_3472941,/marimo/milk10k/MILK10k_Training_Input/IL_3472941/ISIC_1958859.jpg,/marimo/milk10k_train_masks/IL_3472941_dermoscopic_mask.png,0.06284814814814815,valid,600x450,600x450
IL_3473944,IL_3473944,/marimo/milk10k/MILK10k_Training_Input/IL_3473944/ISIC_7951600.jpg,/marimo/milk10k_train_masks/IL_3473944_dermoscopic_mask.png,0.5483777777777777,valid,600x450,600x450
IL_3475151,IL_3475151,/marimo/milk10k/MILK10k_Training_Input/IL_3475151/ISIC_9025095.jpg,/marimo/milk10k_train_masks/IL_3475151_dermoscopic_mask.png,0.3590703703703704,valid,600x450,600x450
IL_3475152,IL_3475152,/marimo/milk10k/MILK10k_Training_Input/IL_3475152/ISIC_2621619.jpg,/marimo/milk10k_train_masks/IL_3475152_dermoscopic_mask.png,0.34145555555555557,valid,600x450,600x450
IL_3477265,IL_3477265,/marimo/milk10k/MILK10k_Training_Input/IL_3477265/ISIC_8952365.jpg,/marimo/milk10k_train_masks/IL_3477265_dermoscopic_mask.png,0.4237740740740741,valid,600x450,600x450
IL_3478761,IL_3478761,/marimo/milk10k/MILK10k_Training_Input/IL_3478761/ISIC_4061154.jpg,/marimo/milk10k_train_masks/IL_3478761_dermoscopic_mask.png,0.23372222222222222,valid,600x450,600x450
IL_3481443,IL_3481443,/marimo/milk10k/MILK10k_Training_Input/IL_3481443/ISIC_4554893.jpg,/marimo/milk10k_train_masks/IL_3481443_dermoscopic_mask.png,0.543937037037037,valid,600x450,600x450
IL_3482678,IL_3482678,/marimo/milk10k/MILK10k_Training_Input/IL_3482678/ISIC_1845181.jpg,/marimo/milk10k_train_masks/IL_3482678_dermoscopic_mask.png,0.24896296296296297,valid,600x450,600x450
IL_3484417,IL_3484417,/marimo/milk10k/MILK10k_Training_Input/IL_3484417/ISIC_6469847.jpg,/marimo/milk10k_train_masks/IL_3484417_dermoscopic_mask.png,0.1072111111111111,valid,600x450,600x450
IL_3484645,IL_3484645,/marimo/milk10k/MILK10k_Training_Input/IL_3484645/ISIC_9442868.jpg,/marimo/milk10k_train_masks/IL_3484645_dermoscopic_mask.png,0.5656851851851852,valid,600x450,600x450
IL_3485439,IL_3485439,/marimo/milk10k/MILK10k_Training_Input/IL_3485439/ISIC_6171588.jpg,/marimo/milk10k_train_masks/IL_3485439_dermoscopic_mask.png,0.1318037037037037,valid,600x450,600x450
IL_3486066,IL_3486066,/marimo/milk10k/MILK10k_Training_Input/IL_3486066/ISIC_8446431.jpg,/marimo/milk10k_train_masks/IL_3486066_dermoscopic_mask.png,0.5372518518518519,valid,600x450,600x450
IL_3487572,IL_3487572,/marimo/milk10k/MILK10k_Training_Input/IL_3487572/ISIC_2698174.jpg,/marimo/milk10k_train_masks/IL_3487572_dermoscopic_mask.png,0.5719111111111111,valid,600x450,600x450
IL_3488332,IL_3488332,/marimo/milk10k/MILK10k_Training_Input/IL_3488332/ISIC_5867806.jpg,/marimo/milk10k_train_masks/IL_3488332_dermoscopic_mask.png,0.2205777777777778,valid,600x450,600x450
IL_3488429,IL_3488429,/marimo/milk10k/MILK10k_Training_Input/IL_3488429/ISIC_9084000.jpg,/marimo/milk10k_train_masks/IL_3488429_dermoscopic_mask.png,0.2971814814814815,valid,600x450,600x450
IL_3489580,IL_3489580,/marimo/milk10k/MILK10k_Training_Input/IL_3489580/ISIC_6254946.jpg,/marimo/milk10k_train_masks/IL_3489580_dermoscopic_mask.png,0.07072962962962963,valid,600x450,600x450
IL_3492257,IL_3492257,/marimo/milk10k/MILK10k_Training_Input/IL_3492257/ISIC_1621625.jpg,/marimo/milk10k_train_masks/IL_3492257_dermoscopic_mask.png,0.40844814814814817,valid,600x450,600x450
IL_3492505,IL_3492505,/marimo/milk10k/MILK10k_Training_Input/IL_3492505/ISIC_4249004.jpg,/marimo/milk10k_train_masks/IL_3492505_dermoscopic_mask.png,0.40850740740740743,valid,600x450,600x450
IL_3492716,IL_3492716,/marimo/milk10k/MILK10k_Training_Input/IL_3492716/ISIC_1424527.jpg,/marimo/milk10k_train_masks/IL_3492716_dermoscopic_mask.png,0.0850962962962963,valid,600x450,600x450
IL_3493081,IL_3493081,/marimo/milk10k/MILK10k_Training_Input/IL_3493081/ISIC_2459668.jpg,/marimo/milk10k_train_masks/IL_3493081_dermoscopic_mask.png,0.1747074074074074,valid,600x450,600x450
IL_3496522,IL_3496522,/marimo/milk10k/MILK10k_Training_Input/IL_3496522/ISIC_5973129.jpg,/marimo/milk10k_train_masks/IL_3496522_dermoscopic_mask.png,0.3337148148148148,valid,600x450,600x450
IL_3496860,IL_3496860,/marimo/milk10k/MILK10k_Training_Input/IL_3496860/ISIC_0106322.jpg,/marimo/milk10k_train_masks/IL_3496860_dermoscopic_mask.png,0.06212962962962963,valid,600x450,600x450
IL_3498244,IL_3498244,/marimo/milk10k/MILK10k_Training_Input/IL_3498244/ISIC_5728005.jpg,/marimo/milk10k_train_masks/IL_3498244_dermoscopic_mask.png,0.6521777777777777,valid,600x450,600x450
IL_3499817,IL_3499817,/marimo/milk10k/MILK10k_Training_Input/IL_3499817/ISIC_6651888.jpg,/marimo/milk10k_train_masks/IL_3499817_dermoscopic_mask.png,0.29254444444444444,valid,600x450,600x450
IL_3503825,IL_3503825,/marimo/milk10k/MILK10k_Training_Input/IL_3503825/ISIC_3587674.jpg,/marimo/milk10k_train_masks/IL_3503825_dermoscopic_mask.png,0.36263703703703704,valid,600x450,600x450
IL_3504341,IL_3504341,/marimo/milk10k/MILK10k_Training_Input/IL_3504341/ISIC_5702669.jpg,/marimo/milk10k_train_masks/IL_3504341_dermoscopic_mask.png,0.2152851851851852,valid,600x450,600x450
IL_3507872,IL_3507872,/marimo/milk10k/MILK10k_Training_Input/IL_3507872/ISIC_5967889.jpg,/marimo/milk10k_train_masks/IL_3507872_dermoscopic_mask.png,0.32172222222222224,valid,600x450,600x450
IL_3511667,IL_3511667,/marimo/milk10k/MILK10k_Training_Input/IL_3511667/ISIC_4329526.jpg,/marimo/milk10k_train_masks/IL_3511667_dermoscopic_mask.png,0.44125185185185184,valid,600x450,600x450
IL_3517038,IL_3517038,/marimo/milk10k/MILK10k_Training_Input/IL_3517038/ISIC_1700871.jpg,/marimo/milk10k_train_masks/IL_3517038_dermoscopic_mask.png,0.5081407407407408,valid,600x450,600x450
IL_3518780,IL_3518780,/marimo/milk10k/MILK10k_Training_Input/IL_3518780/ISIC_3313166.jpg,/marimo/milk10k_train_masks/IL_3518780_dermoscopic_mask.png,0.3068037037037037,valid,600x450,600x450
IL_3518788,IL_3518788,/marimo/milk10k/MILK10k_Training_Input/IL_3518788/ISIC_4499650.jpg,/marimo/milk10k_train_masks/IL_3518788_dermoscopic_mask.png,0.08132592592592593,valid,600x450,600x450
IL_3518875,IL_3518875,/marimo/milk10k/MILK10k_Training_Input/IL_3518875/ISIC_5566200.jpg,/marimo/milk10k_train_masks/IL_3518875_dermoscopic_mask.png,0.12294074074074074,valid,600x450,600x450
IL_3521617,IL_3521617,/marimo/milk10k/MILK10k_Training_Input/IL_3521617/ISIC_4180324.jpg,/marimo/milk10k_train_masks/IL_3521617_dermoscopic_mask.png,0.2804074074074074,valid,600x450,600x450
IL_3522764,IL_3522764,/marimo/milk10k/MILK10k_Training_Input/IL_3522764/ISIC_9629029.jpg,/marimo/milk10k_train_masks/IL_3522764_dermoscopic_mask.png,0.35876296296296295,valid,600x450,600x450
IL_3527246,IL_3527246,/marimo/milk10k/MILK10k_Training_Input/IL_3527246/ISIC_0617272.jpg,/marimo/milk10k_train_masks/IL_3527246_dermoscopic_mask.png,0.5393925925925926,valid,600x450,600x450
IL_3528206,IL_3528206,/marimo/milk10k/MILK10k_Training_Input/IL_3528206/ISIC_2721277.jpg,/marimo/milk10k_train_masks/IL_3528206_dermoscopic_mask.png,0.4782148148148148,valid,600x450,600x450
IL_3529171,IL_3529171,/marimo/milk10k/MILK10k_Training_Input/IL_3529171/ISIC_2431538.jpg,/marimo/milk10k_train_masks/IL_3529171_dermoscopic_mask.png,0.45203333333333334,valid,600x450,600x450
IL_3529988,IL_3529988,/marimo/milk10k/MILK10k_Training_Input/IL_3529988/ISIC_9399207.jpg,/marimo/milk10k_train_masks/IL_3529988_dermoscopic_mask.png,0.00707037037037037,too_small,600x450,600x450
IL_3531098,IL_3531098,/marimo/milk10k/MILK10k_Training_Input/IL_3531098/ISIC_7425508.jpg,/marimo/milk10k_train_masks/IL_3531098_dermoscopic_mask.png,0.17082592592592594,valid,600x450,600x450
IL_3532115,IL_3532115,/marimo/milk10k/MILK10k_Training_Input/IL_3532115/ISIC_3425683.jpg,/marimo/milk10k_train_masks/IL_3532115_dermoscopic_mask.png,0.3661,valid,600x450,600x450
IL_3540228,IL_3540228,/marimo/milk10k/MILK10k_Training_Input/IL_3540228/ISIC_5640000.jpg,/marimo/milk10k_train_masks/IL_3540228_dermoscopic_mask.png,0.29074074074074074,valid,600x450,600x450
IL_3541030,IL_3541030,/marimo/milk10k/MILK10k_Training_Input/IL_3541030/ISIC_6447813.jpg,/marimo/milk10k_train_masks/IL_3541030_dermoscopic_mask.png,0.46304814814814815,valid,600x450,600x450
IL_3542015,IL_3542015,/marimo/milk10k/MILK10k_Training_Input/IL_3542015/ISIC_2273572.jpg,/marimo/milk10k_train_masks/IL_3542015_dermoscopic_mask.png,0.06451851851851852,valid,600x450,600x450
IL_3544238,IL_3544238,/marimo/milk10k/MILK10k_Training_Input/IL_3544238/ISIC_1010358.jpg,/marimo/milk10k_train_masks/IL_3544238_dermoscopic_mask.png,0.19404814814814814,valid,600x450,600x450
IL_3545610,IL_3545610,/marimo/milk10k/MILK10k_Training_Input/IL_3545610/ISIC_1163119.jpg,/marimo/milk10k_train_masks/IL_3545610_dermoscopic_mask.png,0.654337037037037,valid,600x450,600x450
IL_3546806,IL_3546806,/marimo/milk10k/MILK10k_Training_Input/IL_3546806/ISIC_6347418.jpg,/marimo/milk10k_train_masks/IL_3546806_dermoscopic_mask.png,0.08993703703703704,valid,600x450,600x450
IL_3547221,IL_3547221,/marimo/milk10k/MILK10k_Training_Input/IL_3547221/ISIC_2258930.jpg,/marimo/milk10k_train_masks/IL_3547221_dermoscopic_mask.png,0.13748518518518518,valid,600x450,600x450
IL_3550428,IL_3550428,/marimo/milk10k/MILK10k_Training_Input/IL_3550428/ISIC_3344319.jpg,/marimo/milk10k_train_masks/IL_3550428_dermoscopic_mask.png,0.3655962962962963,valid,600x450,600x450
IL_3551061,IL_3551061,/marimo/milk10k/MILK10k_Training_Input/IL_3551061/ISIC_5715959.jpg,/marimo/milk10k_train_masks/IL_3551061_dermoscopic_mask.png,0.1567888888888889,valid,600x450,600x450
IL_3553236,IL_3553236,/marimo/milk10k/MILK10k_Training_Input/IL_3553236/ISIC_7785676.jpg,/marimo/milk10k_train_masks/IL_3553236_dermoscopic_mask.png,0.46799259259259257,valid,600x450,600x450
IL_3558954,IL_3558954,/marimo/milk10k/MILK10k_Training_Input/IL_3558954/ISIC_8251827.jpg,/marimo/milk10k_train_masks/IL_3558954_dermoscopic_mask.png,0.6505148148148148,valid,600x450,600x450
IL_3559203,IL_3559203,/marimo/milk10k/MILK10k_Training_Input/IL_3559203/ISIC_7209964.jpg,/marimo/milk10k_train_masks/IL_3559203_dermoscopic_mask.png,0.11121851851851852,valid,600x450,600x450
IL_3559217,IL_3559217,/marimo/milk10k/MILK10k_Training_Input/IL_3559217/ISIC_7544069.jpg,/marimo/milk10k_train_masks/IL_3559217_dermoscopic_mask.png,0.5637444444444445,valid,600x450,600x450
IL_3559372,IL_3559372,/marimo/milk10k/MILK10k_Training_Input/IL_3559372/ISIC_1484276.jpg,/marimo/milk10k_train_masks/IL_3559372_dermoscopic_mask.png,0.14693703703703703,valid,600x450,600x450
IL_3560124,IL_3560124,/marimo/milk10k/MILK10k_Training_Input/IL_3560124/ISIC_7841088.jpg,/marimo/milk10k_train_masks/IL_3560124_dermoscopic_mask.png,0.13632222222222223,valid,600x450,600x450
IL_3561998,IL_3561998,/marimo/milk10k/MILK10k_Training_Input/IL_3561998/ISIC_8041130.jpg,/marimo/milk10k_train_masks/IL_3561998_dermoscopic_mask.png,0.1895,valid,600x450,600x450
IL_3562985,IL_3562985,/marimo/milk10k/MILK10k_Training_Input/IL_3562985/ISIC_7206801.jpg,/marimo/milk10k_train_masks/IL_3562985_dermoscopic_mask.png,0.2878296296296296,valid,600x450,600x450
IL_3565320,IL_3565320,/marimo/milk10k/MILK10k_Training_Input/IL_3565320/ISIC_2753382.jpg,/marimo/milk10k_train_masks/IL_3565320_dermoscopic_mask.png,0.2589962962962963,valid,600x450,600x450
IL_3566377,IL_3566377,/marimo/milk10k/MILK10k_Training_Input/IL_3566377/ISIC_9893445.jpg,/marimo/milk10k_train_masks/IL_3566377_dermoscopic_mask.png,0.24882222222222222,valid,600x450,600x450
IL_3566495,IL_3566495,/marimo/milk10k/MILK10k_Training_Input/IL_3566495/ISIC_5517500.jpg,/marimo/milk10k_train_masks/IL_3566495_dermoscopic_mask.png,0.25137777777777776,valid,600x450,600x450
IL_3568904,IL_3568904,/marimo/milk10k/MILK10k_Training_Input/IL_3568904/ISIC_3045387.jpg,/marimo/milk10k_train_masks/IL_3568904_dermoscopic_mask.png,0.403637037037037,valid,600x450,600x450
IL_3569570,IL_3569570,/marimo/milk10k/MILK10k_Training_Input/IL_3569570/ISIC_5246161.jpg,/marimo/milk10k_train_masks/IL_3569570_dermoscopic_mask.png,0.43261481481481484,valid,600x450,600x450
IL_3570524,IL_3570524,/marimo/milk10k/MILK10k_Training_Input/IL_3570524/ISIC_6842565.jpg,/marimo/milk10k_train_masks/IL_3570524_dermoscopic_mask.png,0.12287407407407408,valid,600x450,600x450
IL_3570537,IL_3570537,/marimo/milk10k/MILK10k_Training_Input/IL_3570537/ISIC_3343865.jpg,/marimo/milk10k_train_masks/IL_3570537_dermoscopic_mask.png,0.715662962962963,valid,600x450,600x450
IL_3574782,IL_3574782,/marimo/milk10k/MILK10k_Training_Input/IL_3574782/ISIC_0892888.jpg,/marimo/milk10k_train_masks/IL_3574782_dermoscopic_mask.png,0.2977962962962963,valid,600x450,600x450
IL_3576180,IL_3576180,/marimo/milk10k/MILK10k_Training_Input/IL_3576180/ISIC_8559278.jpg,/marimo/milk10k_train_masks/IL_3576180_dermoscopic_mask.png,0.10808518518518519,valid,600x450,600x450
IL_3576775,IL_3576775,/marimo/milk10k/MILK10k_Training_Input/IL_3576775/ISIC_3456998.jpg,/marimo/milk10k_train_masks/IL_3576775_dermoscopic_mask.png,0.09354074074074074,valid,600x450,600x450
IL_3577604,IL_3577604,/marimo/milk10k/MILK10k_Training_Input/IL_3577604/ISIC_4072524.jpg,/marimo/milk10k_train_masks/IL_3577604_dermoscopic_mask.png,0.3375444444444444,valid,600x450,600x450
IL_3580495,IL_3580495,/marimo/milk10k/MILK10k_Training_Input/IL_3580495/ISIC_9815182.jpg,/marimo/milk10k_train_masks/IL_3580495_dermoscopic_mask.png,0.32522962962962965,valid,600x450,600x450
IL_3581501,IL_3581501,/marimo/milk10k/MILK10k_Training_Input/IL_3581501/ISIC_1385452.jpg,/marimo/milk10k_train_masks/IL_3581501_dermoscopic_mask.png,0.17562962962962964,valid,600x450,600x450
IL_3581792,IL_3581792,/marimo/milk10k/MILK10k_Training_Input/IL_3581792/ISIC_1580681.jpg,/marimo/milk10k_train_masks/IL_3581792_dermoscopic_mask.png,0.12161481481481481,valid,600x450,600x450
IL_3582002,IL_3582002,/marimo/milk10k/MILK10k_Training_Input/IL_3582002/ISIC_0199124.jpg,/marimo/milk10k_train_masks/IL_3582002_dermoscopic_mask.png,0.36212962962962963,valid,600x450,600x450
IL_3582331,IL_3582331,/marimo/milk10k/MILK10k_Training_Input/IL_3582331/ISIC_7808755.jpg,/marimo/milk10k_train_masks/IL_3582331_dermoscopic_mask.png,0.2531851851851852,valid,600x450,600x450
IL_3593034,IL_3593034,/marimo/milk10k/MILK10k_Training_Input/IL_3593034/ISIC_1509648.jpg,/marimo/milk10k_train_masks/IL_3593034_dermoscopic_mask.png,0.4462962962962963,valid,600x450,600x450
IL_3596093,IL_3596093,/marimo/milk10k/MILK10k_Training_Input/IL_3596093/ISIC_8385396.jpg,/marimo/milk10k_train_masks/IL_3596093_dermoscopic_mask.png,0.3171037037037037,valid,600x450,600x450
IL_3599866,IL_3599866,/marimo/milk10k/MILK10k_Training_Input/IL_3599866/ISIC_6638374.jpg,/marimo/milk10k_train_masks/IL_3599866_dermoscopic_mask.png,0.5663074074074074,valid,600x450,600x450
IL_3600941,IL_3600941,/marimo/milk10k/MILK10k_Training_Input/IL_3600941/ISIC_2950662.jpg,/marimo/milk10k_train_masks/IL_3600941_dermoscopic_mask.png,0.2865666666666667,valid,600x450,600x450
IL_3603601,IL_3603601,/marimo/milk10k/MILK10k_Training_Input/IL_3603601/ISIC_5745120.jpg,/marimo/milk10k_train_masks/IL_3603601_dermoscopic_mask.png,0.40796296296296297,valid,600x450,600x450
IL_3605485,IL_3605485,/marimo/milk10k/MILK10k_Training_Input/IL_3605485/ISIC_5466448.jpg,/marimo/milk10k_train_masks/IL_3605485_dermoscopic_mask.png,0.4527037037037037,valid,600x450,600x450
IL_3606154,IL_3606154,/marimo/milk10k/MILK10k_Training_Input/IL_3606154/ISIC_7600337.jpg,/marimo/milk10k_train_masks/IL_3606154_dermoscopic_mask.png,0.2566703703703704,valid,600x450,600x450
IL_3608971,IL_3608971,/marimo/milk10k/MILK10k_Training_Input/IL_3608971/ISIC_2916022.jpg,/marimo/milk10k_train_masks/IL_3608971_dermoscopic_mask.png,0.29383333333333334,valid,600x450,600x450
IL_3609396,IL_3609396,/marimo/milk10k/MILK10k_Training_Input/IL_3609396/ISIC_6822533.jpg,/marimo/milk10k_train_masks/IL_3609396_dermoscopic_mask.png,0.36927777777777776,valid,600x450,600x450
IL_3609983,IL_3609983,/marimo/milk10k/MILK10k_Training_Input/IL_3609983/ISIC_1009475.jpg,/marimo/milk10k_train_masks/IL_3609983_dermoscopic_mask.png,0.5414592592592593,valid,600x450,600x450
IL_3615210,IL_3615210,/marimo/milk10k/MILK10k_Training_Input/IL_3615210/ISIC_8904388.jpg,/marimo/milk10k_train_masks/IL_3615210_dermoscopic_mask.png,0.2253851851851852,valid,600x450,600x450
IL_3615329,IL_3615329,/marimo/milk10k/MILK10k_Training_Input/IL_3615329/ISIC_6952812.jpg,/marimo/milk10k_train_masks/IL_3615329_dermoscopic_mask.png,0.4078962962962963,valid,600x450,600x450
IL_3619521,IL_3619521,/marimo/milk10k/MILK10k_Training_Input/IL_3619521/ISIC_0163776.jpg,/marimo/milk10k_train_masks/IL_3619521_dermoscopic_mask.png,0.13648888888888888,valid,600x450,600x450
IL_3625666,IL_3625666,/marimo/milk10k/MILK10k_Training_Input/IL_3625666/ISIC_6195452.jpg,/marimo/milk10k_train_masks/IL_3625666_dermoscopic_mask.png,0.5193888888888889,valid,600x450,600x450
IL_3627285,IL_3627285,/marimo/milk10k/MILK10k_Training_Input/IL_3627285/ISIC_2832798.jpg,/marimo/milk10k_train_masks/IL_3627285_dermoscopic_mask.png,0.27548518518518517,valid,600x450,600x450
IL_3631191,IL_3631191,/marimo/milk10k/MILK10k_Training_Input/IL_3631191/ISIC_5903611.jpg,/marimo/milk10k_train_masks/IL_3631191_dermoscopic_mask.png,0.6173074074074074,valid,600x450,600x450
IL_3632204,IL_3632204,/marimo/milk10k/MILK10k_Training_Input/IL_3632204/ISIC_4156628.jpg,/marimo/milk10k_train_masks/IL_3632204_dermoscopic_mask.png,0.3452222222222222,valid,600x450,600x450
IL_3634030,IL_3634030,/marimo/milk10k/MILK10k_Training_Input/IL_3634030/ISIC_6417102.jpg,/marimo/milk10k_train_masks/IL_3634030_dermoscopic_mask.png,0.21257777777777778,valid,600x450,600x450
IL_3634935,IL_3634935,/marimo/milk10k/MILK10k_Training_Input/IL_3634935/ISIC_6332308.jpg,/marimo/milk10k_train_masks/IL_3634935_dermoscopic_mask.png,0.44425925925925924,valid,600x450,600x450
IL_3635889,IL_3635889,/marimo/milk10k/MILK10k_Training_Input/IL_3635889/ISIC_8614640.jpg,/marimo/milk10k_train_masks/IL_3635889_dermoscopic_mask.png,0.3579222222222222,valid,600x450,600x450
IL_3636394,IL_3636394,/marimo/milk10k/MILK10k_Training_Input/IL_3636394/ISIC_6954063.jpg,/marimo/milk10k_train_masks/IL_3636394_dermoscopic_mask.png,0.4189777777777778,valid,600x450,600x450
IL_3638399,IL_3638399,/marimo/milk10k/MILK10k_Training_Input/IL_3638399/ISIC_3822722.jpg,/marimo/milk10k_train_masks/IL_3638399_dermoscopic_mask.png,0.27845925925925924,valid,600x450,600x450
IL_3640524,IL_3640524,/marimo/milk10k/MILK10k_Training_Input/IL_3640524/ISIC_9297268.jpg,/marimo/milk10k_train_masks/IL_3640524_dermoscopic_mask.png,0.036896296296296295,valid,600x450,600x450
IL_3644739,IL_3644739,/marimo/milk10k/MILK10k_Training_Input/IL_3644739/ISIC_2861892.jpg,/marimo/milk10k_train_masks/IL_3644739_dermoscopic_mask.png,0.16034444444444446,valid,600x450,600x450
IL_3647714,IL_3647714,/marimo/milk10k/MILK10k_Training_Input/IL_3647714/ISIC_9875968.jpg,/marimo/milk10k_train_masks/IL_3647714_dermoscopic_mask.png,0.2050962962962963,valid,600x450,600x450
IL_3650065,IL_3650065,/marimo/milk10k/MILK10k_Training_Input/IL_3650065/ISIC_1276590.jpg,/marimo/milk10k_train_masks/IL_3650065_dermoscopic_mask.png,0.3409259259259259,valid,600x450,600x450
IL_3650991,IL_3650991,/marimo/milk10k/MILK10k_Training_Input/IL_3650991/ISIC_6457249.jpg,/marimo/milk10k_train_masks/IL_3650991_dermoscopic_mask.png,0.35292222222222225,valid,600x450,600x450
IL_3651436,IL_3651436,/marimo/milk10k/MILK10k_Training_Input/IL_3651436/ISIC_9188713.jpg,/marimo/milk10k_train_masks/IL_3651436_dermoscopic_mask.png,0.23604074074074075,valid,600x450,600x450
IL_3656714,IL_3656714,/marimo/milk10k/MILK10k_Training_Input/IL_3656714/ISIC_7983538.jpg,/marimo/milk10k_train_masks/IL_3656714_dermoscopic_mask.png,0.28453703703703703,valid,600x450,600x450
IL_3657204,IL_3657204,/marimo/milk10k/MILK10k_Training_Input/IL_3657204/ISIC_8011910.jpg,/marimo/milk10k_train_masks/IL_3657204_dermoscopic_mask.png,0.6869740740740741,valid,600x450,600x450
IL_3658714,IL_3658714,/marimo/milk10k/MILK10k_Training_Input/IL_3658714/ISIC_5089532.jpg,/marimo/milk10k_train_masks/IL_3658714_dermoscopic_mask.png,0.7684555555555556,valid,600x450,600x450
IL_3660517,IL_3660517,/marimo/milk10k/MILK10k_Training_Input/IL_3660517/ISIC_3788562.jpg,/marimo/milk10k_train_masks/IL_3660517_dermoscopic_mask.png,0.15064814814814814,valid,600x450,600x450
IL_3660671,IL_3660671,/marimo/milk10k/MILK10k_Training_Input/IL_3660671/ISIC_4155558.jpg,/marimo/milk10k_train_masks/IL_3660671_dermoscopic_mask.png,0.36394814814814813,valid,600x450,600x450
IL_3663499,IL_3663499,/marimo/milk10k/MILK10k_Training_Input/IL_3663499/ISIC_8951479.jpg,/marimo/milk10k_train_masks/IL_3663499_dermoscopic_mask.png,0.12662962962962962,valid,600x450,600x450
IL_3664176,IL_3664176,/marimo/milk10k/MILK10k_Training_Input/IL_3664176/ISIC_0625197.jpg,/marimo/milk10k_train_masks/IL_3664176_dermoscopic_mask.png,0.35092962962962965,valid,600x450,600x450
IL_3668497,IL_3668497,/marimo/milk10k/MILK10k_Training_Input/IL_3668497/ISIC_2498820.jpg,/marimo/milk10k_train_masks/IL_3668497_dermoscopic_mask.png,0.3737740740740741,valid,600x450,600x450
IL_3672233,IL_3672233,/marimo/milk10k/MILK10k_Training_Input/IL_3672233/ISIC_6538108.jpg,/marimo/milk10k_train_masks/IL_3672233_dermoscopic_mask.png,0.4218777777777778,valid,600x450,600x450
IL_3672898,IL_3672898,/marimo/milk10k/MILK10k_Training_Input/IL_3672898/ISIC_2312468.jpg,/marimo/milk10k_train_masks/IL_3672898_dermoscopic_mask.png,0.11069629629629629,valid,600x450,600x450
IL_3673617,IL_3673617,/marimo/milk10k/MILK10k_Training_Input/IL_3673617/ISIC_3846256.jpg,/marimo/milk10k_train_masks/IL_3673617_dermoscopic_mask.png,0.6471740740740741,valid,600x450,600x450
IL_3673885,IL_3673885,/marimo/milk10k/MILK10k_Training_Input/IL_3673885/ISIC_9896110.jpg,/marimo/milk10k_train_masks/IL_3673885_dermoscopic_mask.png,0.1791888888888889,valid,600x450,600x450
IL_3673925,IL_3673925,/marimo/milk10k/MILK10k_Training_Input/IL_3673925/ISIC_6898183.jpg,/marimo/milk10k_train_masks/IL_3673925_dermoscopic_mask.png,0.2082074074074074,valid,600x450,600x450
IL_3677701,IL_3677701,/marimo/milk10k/MILK10k_Training_Input/IL_3677701/ISIC_4310441.jpg,/marimo/milk10k_train_masks/IL_3677701_dermoscopic_mask.png,0.42235555555555554,valid,600x450,600x450
IL_3681350,IL_3681350,/marimo/milk10k/MILK10k_Training_Input/IL_3681350/ISIC_4019827.jpg,/marimo/milk10k_train_masks/IL_3681350_dermoscopic_mask.png,0.2694111111111111,valid,600x450,600x450
IL_3682570,IL_3682570,/marimo/milk10k/MILK10k_Training_Input/IL_3682570/ISIC_2000821.jpg,/marimo/milk10k_train_masks/IL_3682570_dermoscopic_mask.png,0.44093333333333334,valid,600x450,600x450
IL_3685278,IL_3685278,/marimo/milk10k/MILK10k_Training_Input/IL_3685278/ISIC_0397332.jpg,/marimo/milk10k_train_masks/IL_3685278_dermoscopic_mask.png,0.17491851851851853,valid,600x450,600x450
IL_3686069,IL_3686069,/marimo/milk10k/MILK10k_Training_Input/IL_3686069/ISIC_2061756.jpg,/marimo/milk10k_train_masks/IL_3686069_dermoscopic_mask.png,0.4796740740740741,valid,600x450,600x450
IL_3687151,IL_3687151,/marimo/milk10k/MILK10k_Training_Input/IL_3687151/ISIC_5787263.jpg,/marimo/milk10k_train_masks/IL_3687151_dermoscopic_mask.png,0.14228888888888888,valid,600x450,600x450
IL_3694094,IL_3694094,/marimo/milk10k/MILK10k_Training_Input/IL_3694094/ISIC_4090560.jpg,/marimo/milk10k_train_masks/IL_3694094_dermoscopic_mask.png,0.24605185185185185,valid,600x450,600x450
IL_3700526,IL_3700526,/marimo/milk10k/MILK10k_Training_Input/IL_3700526/ISIC_5564889.jpg,/marimo/milk10k_train_masks/IL_3700526_dermoscopic_mask.png,0.40705925925925923,valid,600x450,600x450
IL_3702520,IL_3702520,/marimo/milk10k/MILK10k_Training_Input/IL_3702520/ISIC_5795242.jpg,/marimo/milk10k_train_masks/IL_3702520_dermoscopic_mask.png,0.1261,valid,600x450,600x450
IL_3703578,IL_3703578,/marimo/milk10k/MILK10k_Training_Input/IL_3703578/ISIC_3633147.jpg,/marimo/milk10k_train_masks/IL_3703578_dermoscopic_mask.png,0.20745185185185186,valid,600x450,600x450
IL_3703850,IL_3703850,/marimo/milk10k/MILK10k_Training_Input/IL_3703850/ISIC_7974235.jpg,/marimo/milk10k_train_masks/IL_3703850_dermoscopic_mask.png,0.6857,valid,600x450,600x450
IL_3705242,IL_3705242,/marimo/milk10k/MILK10k_Training_Input/IL_3705242/ISIC_6936754.jpg,/marimo/milk10k_train_masks/IL_3705242_dermoscopic_mask.png,0.3489,valid,600x450,600x450
IL_3709940,IL_3709940,/marimo/milk10k/MILK10k_Training_Input/IL_3709940/ISIC_1151059.jpg,/marimo/milk10k_train_masks/IL_3709940_dermoscopic_mask.png,0.49512222222222224,valid,600x450,600x450
IL_3711710,IL_3711710,/marimo/milk10k/MILK10k_Training_Input/IL_3711710/ISIC_5169938.jpg,/marimo/milk10k_train_masks/IL_3711710_dermoscopic_mask.png,0.4763962962962963,valid,600x450,600x450
IL_3711784,IL_3711784,/marimo/milk10k/MILK10k_Training_Input/IL_3711784/ISIC_1170330.jpg,/marimo/milk10k_train_masks/IL_3711784_dermoscopic_mask.png,0.18724074074074074,valid,600x450,600x450
IL_3715048,IL_3715048,/marimo/milk10k/MILK10k_Training_Input/IL_3715048/ISIC_0831898.jpg,/marimo/milk10k_train_masks/IL_3715048_dermoscopic_mask.png,0.3109703703703704,valid,600x450,600x450
IL_3715792,IL_3715792,/marimo/milk10k/MILK10k_Training_Input/IL_3715792/ISIC_3539413.jpg,/marimo/milk10k_train_masks/IL_3715792_dermoscopic_mask.png,0.0673962962962963,valid,600x450,600x450
IL_3719670,IL_3719670,/marimo/milk10k/MILK10k_Training_Input/IL_3719670/ISIC_5469861.jpg,/marimo/milk10k_train_masks/IL_3719670_dermoscopic_mask.png,0.10485185185185185,valid,600x450,600x450
IL_3720458,IL_3720458,/marimo/milk10k/MILK10k_Training_Input/IL_3720458/ISIC_1006756.jpg,/marimo/milk10k_train_masks/IL_3720458_dermoscopic_mask.png,0.3368259259259259,valid,600x450,600x450
IL_3721335,IL_3721335,/marimo/milk10k/MILK10k_Training_Input/IL_3721335/ISIC_7812484.jpg,/marimo/milk10k_train_masks/IL_3721335_dermoscopic_mask.png,0.23903333333333332,valid,600x450,600x450
IL_3722904,IL_3722904,/marimo/milk10k/MILK10k_Training_Input/IL_3722904/ISIC_6362082.jpg,/marimo/milk10k_train_masks/IL_3722904_dermoscopic_mask.png,0.2529814814814815,valid,600x450,600x450
IL_3724893,IL_3724893,/marimo/milk10k/MILK10k_Training_Input/IL_3724893/ISIC_0561102.jpg,/marimo/milk10k_train_masks/IL_3724893_dermoscopic_mask.png,0.13670370370370372,valid,600x450,600x450
IL_3727802,IL_3727802,/marimo/milk10k/MILK10k_Training_Input/IL_3727802/ISIC_9319124.jpg,/marimo/milk10k_train_masks/IL_3727802_dermoscopic_mask.png,0.14774074074074073,valid,600x450,600x450
IL_3730515,IL_3730515,/marimo/milk10k/MILK10k_Training_Input/IL_3730515/ISIC_1386430.jpg,/marimo/milk10k_train_masks/IL_3730515_dermoscopic_mask.png,0.21358518518518518,valid,600x450,600x450
IL_3732140,IL_3732140,/marimo/milk10k/MILK10k_Training_Input/IL_3732140/ISIC_4889822.jpg,/marimo/milk10k_train_masks/IL_3732140_dermoscopic_mask.png,0.47575555555555554,valid,600x450,600x450
IL_3732143,IL_3732143,/marimo/milk10k/MILK10k_Training_Input/IL_3732143/ISIC_1595205.jpg,/marimo/milk10k_train_masks/IL_3732143_dermoscopic_mask.png,0.12367037037037037,valid,600x450,600x450
IL_3734319,IL_3734319,/marimo/milk10k/MILK10k_Training_Input/IL_3734319/ISIC_5185588.jpg,/marimo/milk10k_train_masks/IL_3734319_dermoscopic_mask.png,0.1533962962962963,valid,600x450,600x450
IL_3738052,IL_3738052,/marimo/milk10k/MILK10k_Training_Input/IL_3738052/ISIC_0644224.jpg,/marimo/milk10k_train_masks/IL_3738052_dermoscopic_mask.png,0.3614111111111111,valid,600x450,600x450
IL_3739398,IL_3739398,/marimo/milk10k/MILK10k_Training_Input/IL_3739398/ISIC_8501407.jpg,/marimo/milk10k_train_masks/IL_3739398_dermoscopic_mask.png,0.3095333333333333,valid,600x450,600x450
IL_3742316,IL_3742316,/marimo/milk10k/MILK10k_Training_Input/IL_3742316/ISIC_5595298.jpg,/marimo/milk10k_train_masks/IL_3742316_dermoscopic_mask.png,0.25522222222222224,valid,600x450,600x450
IL_3742523,IL_3742523,/marimo/milk10k/MILK10k_Training_Input/IL_3742523/ISIC_4710855.jpg,/marimo/milk10k_train_masks/IL_3742523_dermoscopic_mask.png,0.3608851851851852,valid,600x450,600x450
IL_3744094,IL_3744094,/marimo/milk10k/MILK10k_Training_Input/IL_3744094/ISIC_5070221.jpg,/marimo/milk10k_train_masks/IL_3744094_dermoscopic_mask.png,0.07189259259259259,valid,600x450,600x450
IL_3745397,IL_3745397,/marimo/milk10k/MILK10k_Training_Input/IL_3745397/ISIC_3217005.jpg,/marimo/milk10k_train_masks/IL_3745397_dermoscopic_mask.png,0.05228888888888889,valid,600x450,600x450
IL_3749738,IL_3749738,/marimo/milk10k/MILK10k_Training_Input/IL_3749738/ISIC_9713038.jpg,/marimo/milk10k_train_masks/IL_3749738_dermoscopic_mask.png,0.2992111111111111,valid,600x450,600x450
IL_3751516,IL_3751516,/marimo/milk10k/MILK10k_Training_Input/IL_3751516/ISIC_6919219.jpg,/marimo/milk10k_train_masks/IL_3751516_dermoscopic_mask.png,0.5328777777777778,valid,600x450,600x450
IL_3752602,IL_3752602,/marimo/milk10k/MILK10k_Training_Input/IL_3752602/ISIC_9316861.jpg,/marimo/milk10k_train_masks/IL_3752602_dermoscopic_mask.png,0.2804814814814815,valid,600x450,600x450
IL_3754821,IL_3754821,/marimo/milk10k/MILK10k_Training_Input/IL_3754821/ISIC_1136259.jpg,/marimo/milk10k_train_masks/IL_3754821_dermoscopic_mask.png,0.5646518518518518,valid,600x450,600x450
IL_3758218,IL_3758218,/marimo/milk10k/MILK10k_Training_Input/IL_3758218/ISIC_1901212.jpg,/marimo/milk10k_train_masks/IL_3758218_dermoscopic_mask.png,0.23833703703703704,valid,600x450,600x450
IL_3758712,IL_3758712,/marimo/milk10k/MILK10k_Training_Input/IL_3758712/ISIC_2441019.jpg,/marimo/milk10k_train_masks/IL_3758712_dermoscopic_mask.png,0.19755555555555557,valid,600x450,600x450
IL_3766346,IL_3766346,/marimo/milk10k/MILK10k_Training_Input/IL_3766346/ISIC_7603703.jpg,/marimo/milk10k_train_masks/IL_3766346_dermoscopic_mask.png,0.4856962962962963,valid,600x450,600x450
IL_3767743,IL_3767743,/marimo/milk10k/MILK10k_Training_Input/IL_3767743/ISIC_4325233.jpg,/marimo/milk10k_train_masks/IL_3767743_dermoscopic_mask.png,0.33762592592592594,valid,600x450,600x450
IL_3767915,IL_3767915,/marimo/milk10k/MILK10k_Training_Input/IL_3767915/ISIC_4049057.jpg,/marimo/milk10k_train_masks/IL_3767915_dermoscopic_mask.png,0.37724074074074077,valid,600x450,600x450
IL_3767932,IL_3767932,/marimo/milk10k/MILK10k_Training_Input/IL_3767932/ISIC_8972926.jpg,/marimo/milk10k_train_masks/IL_3767932_dermoscopic_mask.png,0.4002222222222222,valid,600x450,600x450
IL_3770255,IL_3770255,/marimo/milk10k/MILK10k_Training_Input/IL_3770255/ISIC_1538553.jpg,/marimo/milk10k_train_masks/IL_3770255_dermoscopic_mask.png,0.46343703703703704,valid,600x450,600x450
IL_3771556,IL_3771556,/marimo/milk10k/MILK10k_Training_Input/IL_3771556/ISIC_4022483.jpg,/marimo/milk10k_train_masks/IL_3771556_dermoscopic_mask.png,0.08725555555555556,valid,600x450,600x450
IL_3772010,IL_3772010,/marimo/milk10k/MILK10k_Training_Input/IL_3772010/ISIC_7194453.jpg,/marimo/milk10k_train_masks/IL_3772010_dermoscopic_mask.png,0.3105037037037037,valid,600x450,600x450
IL_3772647,IL_3772647,/marimo/milk10k/MILK10k_Training_Input/IL_3772647/ISIC_1028789.jpg,/marimo/milk10k_train_masks/IL_3772647_dermoscopic_mask.png,0.2167148148148148,valid,600x450,600x450
IL_3772690,IL_3772690,/marimo/milk10k/MILK10k_Training_Input/IL_3772690/ISIC_0725065.jpg,/marimo/milk10k_train_masks/IL_3772690_dermoscopic_mask.png,0.14015555555555556,valid,600x450,600x450
IL_3774804,IL_3774804,/marimo/milk10k/MILK10k_Training_Input/IL_3774804/ISIC_9026951.jpg,/marimo/milk10k_train_masks/IL_3774804_dermoscopic_mask.png,0.31636296296296296,valid,600x450,600x450
IL_3778802,IL_3778802,/marimo/milk10k/MILK10k_Training_Input/IL_3778802/ISIC_6973783.jpg,/marimo/milk10k_train_masks/IL_3778802_dermoscopic_mask.png,0.42145925925925926,valid,600x450,600x450
IL_3783944,IL_3783944,/marimo/milk10k/MILK10k_Training_Input/IL_3783944/ISIC_3678654.jpg,/marimo/milk10k_train_masks/IL_3783944_dermoscopic_mask.png,0.33346296296296296,valid,600x450,600x450
IL_3787537,IL_3787537,/marimo/milk10k/MILK10k_Training_Input/IL_3787537/ISIC_9987696.jpg,/marimo/milk10k_train_masks/IL_3787537_dermoscopic_mask.png,0.2854074074074074,valid,600x450,600x450
IL_3790645,IL_3790645,/marimo/milk10k/MILK10k_Training_Input/IL_3790645/ISIC_0540953.jpg,/marimo/milk10k_train_masks/IL_3790645_dermoscopic_mask.png,0.4033037037037037,valid,600x450,600x450
IL_3790994,IL_3790994,/marimo/milk10k/MILK10k_Training_Input/IL_3790994/ISIC_4668708.jpg,/marimo/milk10k_train_masks/IL_3790994_dermoscopic_mask.png,0.05047777777777778,valid,600x450,600x450
IL_3794416,IL_3794416,/marimo/milk10k/MILK10k_Training_Input/IL_3794416/ISIC_6775433.jpg,/marimo/milk10k_train_masks/IL_3794416_dermoscopic_mask.png,0.3308037037037037,valid,600x450,600x450
IL_3800728,IL_3800728,/marimo/milk10k/MILK10k_Training_Input/IL_3800728/ISIC_1830722.jpg,/marimo/milk10k_train_masks/IL_3800728_dermoscopic_mask.png,0.3063296296296296,valid,600x450,600x450
IL_3802643,IL_3802643,/marimo/milk10k/MILK10k_Training_Input/IL_3802643/ISIC_9265386.jpg,/marimo/milk10k_train_masks/IL_3802643_dermoscopic_mask.png,0.10629259259259259,valid,600x450,600x450
IL_3805769,IL_3805769,/marimo/milk10k/MILK10k_Training_Input/IL_3805769/ISIC_5077872.jpg,/marimo/milk10k_train_masks/IL_3805769_dermoscopic_mask.png,0.39355555555555555,valid,600x450,600x450
IL_3806100,IL_3806100,/marimo/milk10k/MILK10k_Training_Input/IL_3806100/ISIC_4735258.jpg,/marimo/milk10k_train_masks/IL_3806100_dermoscopic_mask.png,0.18535555555555555,valid,600x450,600x450
IL_3807651,IL_3807651,/marimo/milk10k/MILK10k_Training_Input/IL_3807651/ISIC_6875256.jpg,/marimo/milk10k_train_masks/IL_3807651_dermoscopic_mask.png,0.35556296296296297,valid,600x450,600x450
IL_3809267,IL_3809267,/marimo/milk10k/MILK10k_Training_Input/IL_3809267/ISIC_3197211.jpg,/marimo/milk10k_train_masks/IL_3809267_dermoscopic_mask.png,0.17833703703703704,valid,600x450,600x450
IL_3812776,IL_3812776,/marimo/milk10k/MILK10k_Training_Input/IL_3812776/ISIC_4291049.jpg,/marimo/milk10k_train_masks/IL_3812776_dermoscopic_mask.png,0.6599592592592592,valid,600x450,600x450
IL_3812964,IL_3812964,/marimo/milk10k/MILK10k_Training_Input/IL_3812964/ISIC_1472934.jpg,/marimo/milk10k_train_masks/IL_3812964_dermoscopic_mask.png,0.2742777777777778,valid,600x450,600x450
IL_3817473,IL_3817473,/marimo/milk10k/MILK10k_Training_Input/IL_3817473/ISIC_8690116.jpg,/marimo/milk10k_train_masks/IL_3817473_dermoscopic_mask.png,0.7748666666666667,valid,600x450,600x450
IL_3818681,IL_3818681,/marimo/milk10k/MILK10k_Training_Input/IL_3818681/ISIC_2031105.jpg,/marimo/milk10k_train_masks/IL_3818681_dermoscopic_mask.png,0.34185925925925925,valid,600x450,600x450
IL_3819461,IL_3819461,/marimo/milk10k/MILK10k_Training_Input/IL_3819461/ISIC_7997862.jpg,/marimo/milk10k_train_masks/IL_3819461_dermoscopic_mask.png,0.3141333333333333,valid,600x450,600x450
IL_3824346,IL_3824346,/marimo/milk10k/MILK10k_Training_Input/IL_3824346/ISIC_5050587.jpg,/marimo/milk10k_train_masks/IL_3824346_dermoscopic_mask.png,0.056103703703703704,valid,600x450,600x450
IL_3824420,IL_3824420,/marimo/milk10k/MILK10k_Training_Input/IL_3824420/ISIC_3515780.jpg,/marimo/milk10k_train_masks/IL_3824420_dermoscopic_mask.png,0.24408518518518518,valid,600x450,600x450
IL_3826900,IL_3826900,/marimo/milk10k/MILK10k_Training_Input/IL_3826900/ISIC_5638800.jpg,/marimo/milk10k_train_masks/IL_3826900_dermoscopic_mask.png,0.7433703703703703,valid,600x450,600x450
IL_3827955,IL_3827955,/marimo/milk10k/MILK10k_Training_Input/IL_3827955/ISIC_6590453.jpg,/marimo/milk10k_train_masks/IL_3827955_dermoscopic_mask.png,0.810637037037037,valid,600x450,600x450
IL_3829109,IL_3829109,/marimo/milk10k/MILK10k_Training_Input/IL_3829109/ISIC_6583245.jpg,/marimo/milk10k_train_masks/IL_3829109_dermoscopic_mask.png,0.4048111111111111,valid,600x450,600x450
IL_3830097,IL_3830097,/marimo/milk10k/MILK10k_Training_Input/IL_3830097/ISIC_6435462.jpg,/marimo/milk10k_train_masks/IL_3830097_dermoscopic_mask.png,0.1698851851851852,valid,600x450,600x450
IL_3836010,IL_3836010,/marimo/milk10k/MILK10k_Training_Input/IL_3836010/ISIC_0971123.jpg,/marimo/milk10k_train_masks/IL_3836010_dermoscopic_mask.png,0.3500888888888889,valid,600x450,600x450
IL_3836672,IL_3836672,/marimo/milk10k/MILK10k_Training_Input/IL_3836672/ISIC_4482349.jpg,/marimo/milk10k_train_masks/IL_3836672_dermoscopic_mask.png,0.5684592592592592,valid,600x450,600x450
IL_3836754,IL_3836754,/marimo/milk10k/MILK10k_Training_Input/IL_3836754/ISIC_4596353.jpg,/marimo/milk10k_train_masks/IL_3836754_dermoscopic_mask.png,0.6519148148148148,valid,600x450,600x450
IL_3837835,IL_3837835,/marimo/milk10k/MILK10k_Training_Input/IL_3837835/ISIC_4101918.jpg,/marimo/milk10k_train_masks/IL_3837835_dermoscopic_mask.png,0.07781851851851852,valid,600x450,600x450
IL_3837894,IL_3837894,/marimo/milk10k/MILK10k_Training_Input/IL_3837894/ISIC_6735110.jpg,/marimo/milk10k_train_masks/IL_3837894_dermoscopic_mask.png,0.5810666666666666,valid,600x450,600x450
IL_3839366,IL_3839366,/marimo/milk10k/MILK10k_Training_Input/IL_3839366/ISIC_1746893.jpg,/marimo/milk10k_train_masks/IL_3839366_dermoscopic_mask.png,0.1839074074074074,valid,600x450,600x450
IL_3844100,IL_3844100,/marimo/milk10k/MILK10k_Training_Input/IL_3844100/ISIC_7994643.jpg,/marimo/milk10k_train_masks/IL_3844100_dermoscopic_mask.png,0.580562962962963,valid,600x450,600x450
IL_3844274,IL_3844274,/marimo/milk10k/MILK10k_Training_Input/IL_3844274/ISIC_2410311.jpg,/marimo/milk10k_train_masks/IL_3844274_dermoscopic_mask.png,0.3634777777777778,valid,600x450,600x450
IL_3845206,IL_3845206,/marimo/milk10k/MILK10k_Training_Input/IL_3845206/ISIC_4120304.jpg,/marimo/milk10k_train_masks/IL_3845206_dermoscopic_mask.png,0.3433111111111111,valid,600x450,600x450
IL_3847585,IL_3847585,/marimo/milk10k/MILK10k_Training_Input/IL_3847585/ISIC_1739633.jpg,/marimo/milk10k_train_masks/IL_3847585_dermoscopic_mask.png,0.22647777777777778,valid,600x450,600x450
IL_3850759,IL_3850759,/marimo/milk10k/MILK10k_Training_Input/IL_3850759/ISIC_4608930.jpg,/marimo/milk10k_train_masks/IL_3850759_dermoscopic_mask.png,0.3142259259259259,valid,600x450,600x450
IL_3852140,IL_3852140,/marimo/milk10k/MILK10k_Training_Input/IL_3852140/ISIC_5092532.jpg,/marimo/milk10k_train_masks/IL_3852140_dermoscopic_mask.png,0.5231259259259259,valid,600x450,600x450
IL_3852871,IL_3852871,/marimo/milk10k/MILK10k_Training_Input/IL_3852871/ISIC_3861361.jpg,/marimo/milk10k_train_masks/IL_3852871_dermoscopic_mask.png,0.5504370370370371,valid,600x450,600x450
IL_3853188,IL_3853188,/marimo/milk10k/MILK10k_Training_Input/IL_3853188/ISIC_1962329.jpg,/marimo/milk10k_train_masks/IL_3853188_dermoscopic_mask.png,0.25114444444444445,valid,600x450,600x450
IL_3853343,IL_3853343,/marimo/milk10k/MILK10k_Training_Input/IL_3853343/ISIC_9685756.jpg,/marimo/milk10k_train_masks/IL_3853343_dermoscopic_mask.png,0.5038407407407407,valid,600x450,600x450
IL_3855783,IL_3855783,/marimo/milk10k/MILK10k_Training_Input/IL_3855783/ISIC_8096488.jpg,/marimo/milk10k_train_masks/IL_3855783_dermoscopic_mask.png,0.5247185185185185,valid,600x450,600x450
IL_3857258,IL_3857258,/marimo/milk10k/MILK10k_Training_Input/IL_3857258/ISIC_6705073.jpg,/marimo/milk10k_train_masks/IL_3857258_dermoscopic_mask.png,0.4436481481481481,valid,600x450,600x450
IL_3857855,IL_3857855,/marimo/milk10k/MILK10k_Training_Input/IL_3857855/ISIC_7174859.jpg,/marimo/milk10k_train_masks/IL_3857855_dermoscopic_mask.png,0.22798148148148148,valid,600x450,600x450
IL_3858300,IL_3858300,/marimo/milk10k/MILK10k_Training_Input/IL_3858300/ISIC_1541840.jpg,/marimo/milk10k_train_masks/IL_3858300_dermoscopic_mask.png,0.12481851851851852,valid,600x450,600x450
IL_3858708,IL_3858708,/marimo/milk10k/MILK10k_Training_Input/IL_3858708/ISIC_1115156.jpg,/marimo/milk10k_train_masks/IL_3858708_dermoscopic_mask.png,0.17938888888888888,valid,600x450,600x450
IL_3859147,IL_3859147,/marimo/milk10k/MILK10k_Training_Input/IL_3859147/ISIC_9639067.jpg,/marimo/milk10k_train_masks/IL_3859147_dermoscopic_mask.png,0.27499259259259257,valid,600x450,600x450
IL_3859587,IL_3859587,/marimo/milk10k/MILK10k_Training_Input/IL_3859587/ISIC_1070485.jpg,/marimo/milk10k_train_masks/IL_3859587_dermoscopic_mask.png,0.4001925925925926,valid,600x450,600x450
IL_3860000,IL_3860000,/marimo/milk10k/MILK10k_Training_Input/IL_3860000/ISIC_4380499.jpg,/marimo/milk10k_train_masks/IL_3860000_dermoscopic_mask.png,0.4269703703703704,valid,600x450,600x450
IL_3861295,IL_3861295,/marimo/milk10k/MILK10k_Training_Input/IL_3861295/ISIC_6043617.jpg,/marimo/milk10k_train_masks/IL_3861295_dermoscopic_mask.png,0.4809074074074074,valid,600x450,600x450
IL_3871649,IL_3871649,/marimo/milk10k/MILK10k_Training_Input/IL_3871649/ISIC_1441039.jpg,/marimo/milk10k_train_masks/IL_3871649_dermoscopic_mask.png,0.28705925925925924,valid,600x450,600x450
IL_3876591,IL_3876591,/marimo/milk10k/MILK10k_Training_Input/IL_3876591/ISIC_7370552.jpg,/marimo/milk10k_train_masks/IL_3876591_dermoscopic_mask.png,0.20197777777777778,valid,600x450,600x450
IL_3879916,IL_3879916,/marimo/milk10k/MILK10k_Training_Input/IL_3879916/ISIC_8120902.jpg,/marimo/milk10k_train_masks/IL_3879916_dermoscopic_mask.png,0.2980962962962963,valid,600x450,600x450
IL_3883867,IL_3883867,/marimo/milk10k/MILK10k_Training_Input/IL_3883867/ISIC_4927149.jpg,/marimo/milk10k_train_masks/IL_3883867_dermoscopic_mask.png,0.3238814814814815,valid,600x450,600x450
IL_3884267,IL_3884267,/marimo/milk10k/MILK10k_Training_Input/IL_3884267/ISIC_5993743.jpg,/marimo/milk10k_train_masks/IL_3884267_dermoscopic_mask.png,0.7007296296296296,valid,600x450,600x450
IL_3884750,IL_3884750,/marimo/milk10k/MILK10k_Training_Input/IL_3884750/ISIC_9426065.jpg,/marimo/milk10k_train_masks/IL_3884750_dermoscopic_mask.png,0.14394814814814816,valid,600x450,600x450
IL_3884905,IL_3884905,/marimo/milk10k/MILK10k_Training_Input/IL_3884905/ISIC_4315074.jpg,/marimo/milk10k_train_masks/IL_3884905_dermoscopic_mask.png,0.4556037037037037,valid,600x450,600x450
IL_3884933,IL_3884933,/marimo/milk10k/MILK10k_Training_Input/IL_3884933/ISIC_2914456.jpg,/marimo/milk10k_train_masks/IL_3884933_dermoscopic_mask.png,0.09008518518518518,valid,600x450,600x450
IL_3887392,IL_3887392,/marimo/milk10k/MILK10k_Training_Input/IL_3887392/ISIC_7169372.jpg,/marimo/milk10k_train_masks/IL_3887392_dermoscopic_mask.png,0.04789259259259259,valid,600x450,600x450
IL_3888766,IL_3888766,/marimo/milk10k/MILK10k_Training_Input/IL_3888766/ISIC_7752452.jpg,/marimo/milk10k_train_masks/IL_3888766_dermoscopic_mask.png,0.3307185185185185,valid,600x450,600x450
IL_3892342,IL_3892342,/marimo/milk10k/MILK10k_Training_Input/IL_3892342/ISIC_3420179.jpg,/marimo/milk10k_train_masks/IL_3892342_dermoscopic_mask.png,0.11194074074074074,valid,600x450,600x450
IL_3892399,IL_3892399,/marimo/milk10k/MILK10k_Training_Input/IL_3892399/ISIC_2175811.jpg,/marimo/milk10k_train_masks/IL_3892399_dermoscopic_mask.png,0.22234444444444446,valid,600x450,600x450
IL_3893799,IL_3893799,/marimo/milk10k/MILK10k_Training_Input/IL_3893799/ISIC_2093474.jpg,/marimo/milk10k_train_masks/IL_3893799_dermoscopic_mask.png,0.19463703703703703,valid,600x450,600x450
IL_3895392,IL_3895392,/marimo/milk10k/MILK10k_Training_Input/IL_3895392/ISIC_6467881.jpg,/marimo/milk10k_train_masks/IL_3895392_dermoscopic_mask.png,0.25571481481481484,valid,600x450,600x450
IL_3897948,IL_3897948,/marimo/milk10k/MILK10k_Training_Input/IL_3897948/ISIC_2146381.jpg,/marimo/milk10k_train_masks/IL_3897948_dermoscopic_mask.png,0.16655925925925927,valid,600x450,600x450
IL_3899436,IL_3899436,/marimo/milk10k/MILK10k_Training_Input/IL_3899436/ISIC_8793718.jpg,/marimo/milk10k_train_masks/IL_3899436_dermoscopic_mask.png,0.5409481481481482,valid,600x450,600x450
IL_3899977,IL_3899977,/marimo/milk10k/MILK10k_Training_Input/IL_3899977/ISIC_8839205.jpg,/marimo/milk10k_train_masks/IL_3899977_dermoscopic_mask.png,0.03897037037037037,valid,600x450,600x450
IL_3901946,IL_3901946,/marimo/milk10k/MILK10k_Training_Input/IL_3901946/ISIC_4959784.jpg,/marimo/milk10k_train_masks/IL_3901946_dermoscopic_mask.png,0.4821259259259259,valid,600x450,600x450
IL_3906452,IL_3906452,/marimo/milk10k/MILK10k_Training_Input/IL_3906452/ISIC_0553265.jpg,/marimo/milk10k_train_masks/IL_3906452_dermoscopic_mask.png,0.47958518518518517,valid,600x450,600x450
IL_3907466,IL_3907466,/marimo/milk10k/MILK10k_Training_Input/IL_3907466/ISIC_2205154.jpg,/marimo/milk10k_train_masks/IL_3907466_dermoscopic_mask.png,0.5724370370370371,valid,600x450,600x450
IL_3908552,IL_3908552,/marimo/milk10k/MILK10k_Training_Input/IL_3908552/ISIC_7394783.jpg,/marimo/milk10k_train_masks/IL_3908552_dermoscopic_mask.png,0.42287407407407407,valid,600x450,600x450
IL_3910210,IL_3910210,/marimo/milk10k/MILK10k_Training_Input/IL_3910210/ISIC_5981777.jpg,/marimo/milk10k_train_masks/IL_3910210_dermoscopic_mask.png,0.13386666666666666,valid,600x450,600x450
IL_3914396,IL_3914396,/marimo/milk10k/MILK10k_Training_Input/IL_3914396/ISIC_8068926.jpg,/marimo/milk10k_train_masks/IL_3914396_dermoscopic_mask.png,0.1066074074074074,valid,600x450,600x450
IL_3916438,IL_3916438,/marimo/milk10k/MILK10k_Training_Input/IL_3916438/ISIC_8723719.jpg,/marimo/milk10k_train_masks/IL_3916438_dermoscopic_mask.png,0.12737407407407408,valid,600x450,600x450
IL_3919255,IL_3919255,/marimo/milk10k/MILK10k_Training_Input/IL_3919255/ISIC_7735107.jpg,/marimo/milk10k_train_masks/IL_3919255_dermoscopic_mask.png,0.31515185185185185,valid,600x450,600x450
IL_3925497,IL_3925497,/marimo/milk10k/MILK10k_Training_Input/IL_3925497/ISIC_5745126.jpg,/marimo/milk10k_train_masks/IL_3925497_dermoscopic_mask.png,0.5341481481481481,valid,600x450,600x450
IL_3930642,IL_3930642,/marimo/milk10k/MILK10k_Training_Input/IL_3930642/ISIC_8938866.jpg,/marimo/milk10k_train_masks/IL_3930642_dermoscopic_mask.png,0.24831481481481482,valid,600x450,600x450
IL_3931647,IL_3931647,/marimo/milk10k/MILK10k_Training_Input/IL_3931647/ISIC_2022315.jpg,/marimo/milk10k_train_masks/IL_3931647_dermoscopic_mask.png,0.34625925925925927,valid,600x450,600x450
IL_3935951,IL_3935951,/marimo/milk10k/MILK10k_Training_Input/IL_3935951/ISIC_1544622.jpg,/marimo/milk10k_train_masks/IL_3935951_dermoscopic_mask.png,0.4610296296296296,valid,600x450,600x450
IL_3936044,IL_3936044,/marimo/milk10k/MILK10k_Training_Input/IL_3936044/ISIC_3217799.jpg,/marimo/milk10k_train_masks/IL_3936044_dermoscopic_mask.png,0.023537037037037037,valid,600x450,600x450
IL_3938261,IL_3938261,/marimo/milk10k/MILK10k_Training_Input/IL_3938261/ISIC_4157522.jpg,/marimo/milk10k_train_masks/IL_3938261_dermoscopic_mask.png,0.17294814814814816,valid,600x450,600x450
IL_3939188,IL_3939188,/marimo/milk10k/MILK10k_Training_Input/IL_3939188/ISIC_5084963.jpg,/marimo/milk10k_train_masks/IL_3939188_dermoscopic_mask.png,0.5959740740740741,valid,600x450,600x450
IL_3944714,IL_3944714,/marimo/milk10k/MILK10k_Training_Input/IL_3944714/ISIC_2744993.jpg,/marimo/milk10k_train_masks/IL_3944714_dermoscopic_mask.png,0.8164222222222223,valid,600x450,600x450
IL_3944877,IL_3944877,/marimo/milk10k/MILK10k_Training_Input/IL_3944877/ISIC_6252730.jpg,/marimo/milk10k_train_masks/IL_3944877_dermoscopic_mask.png,0.13776296296296298,valid,600x450,600x450
IL_3945386,IL_3945386,/marimo/milk10k/MILK10k_Training_Input/IL_3945386/ISIC_0722347.jpg,/marimo/milk10k_train_masks/IL_3945386_dermoscopic_mask.png,0.5000222222222223,valid,600x450,600x450
IL_3948113,IL_3948113,/marimo/milk10k/MILK10k_Training_Input/IL_3948113/ISIC_1909868.jpg,/marimo/milk10k_train_masks/IL_3948113_dermoscopic_mask.png,0.08199259259259259,valid,600x450,600x450
IL_3949779,IL_3949779,/marimo/milk10k/MILK10k_Training_Input/IL_3949779/ISIC_5569473.jpg,/marimo/milk10k_train_masks/IL_3949779_dermoscopic_mask.png,0.26114444444444446,valid,600x450,600x450
IL_3952993,IL_3952993,/marimo/milk10k/MILK10k_Training_Input/IL_3952993/ISIC_1335894.jpg,/marimo/milk10k_train_masks/IL_3952993_dermoscopic_mask.png,0.27795925925925924,valid,600x450,600x450
IL_3954142,IL_3954142,/marimo/milk10k/MILK10k_Training_Input/IL_3954142/ISIC_7436139.jpg,/marimo/milk10k_train_masks/IL_3954142_dermoscopic_mask.png,0.364562962962963,valid,600x450,600x450
IL_3954286,IL_3954286,/marimo/milk10k/MILK10k_Training_Input/IL_3954286/ISIC_5698613.jpg,/marimo/milk10k_train_masks/IL_3954286_dermoscopic_mask.png,0.17065185185185186,valid,600x450,600x450
IL_3955700,IL_3955700,/marimo/milk10k/MILK10k_Training_Input/IL_3955700/ISIC_5460617.jpg,/marimo/milk10k_train_masks/IL_3955700_dermoscopic_mask.png,0.506325925925926,valid,600x450,600x450
IL_3956488,IL_3956488,/marimo/milk10k/MILK10k_Training_Input/IL_3956488/ISIC_4869964.jpg,/marimo/milk10k_train_masks/IL_3956488_dermoscopic_mask.png,0.32435555555555556,valid,600x450,600x450
IL_3961621,IL_3961621,/marimo/milk10k/MILK10k_Training_Input/IL_3961621/ISIC_4562629.jpg,/marimo/milk10k_train_masks/IL_3961621_dermoscopic_mask.png,0.3680962962962963,valid,600x450,600x450
IL_3966322,IL_3966322,/marimo/milk10k/MILK10k_Training_Input/IL_3966322/ISIC_6070426.jpg,/marimo/milk10k_train_masks/IL_3966322_dermoscopic_mask.png,0.48327037037037035,valid,600x450,600x450
IL_3968008,IL_3968008,/marimo/milk10k/MILK10k_Training_Input/IL_3968008/ISIC_0972110.jpg,/marimo/milk10k_train_masks/IL_3968008_dermoscopic_mask.png,0.5744370370370371,valid,600x450,600x450
IL_3968220,IL_3968220,/marimo/milk10k/MILK10k_Training_Input/IL_3968220/ISIC_1362408.jpg,/marimo/milk10k_train_masks/IL_3968220_dermoscopic_mask.png,0.45247037037037036,valid,600x450,600x450
IL_3973375,IL_3973375,/marimo/milk10k/MILK10k_Training_Input/IL_3973375/ISIC_8976859.jpg,/marimo/milk10k_train_masks/IL_3973375_dermoscopic_mask.png,0.34515555555555555,valid,600x450,600x450
IL_3974873,IL_3974873,/marimo/milk10k/MILK10k_Training_Input/IL_3974873/ISIC_6765536.jpg,/marimo/milk10k_train_masks/IL_3974873_dermoscopic_mask.png,0.11395185185185185,valid,600x450,600x450
IL_3976395,IL_3976395,/marimo/milk10k/MILK10k_Training_Input/IL_3976395/ISIC_2231864.jpg,/marimo/milk10k_train_masks/IL_3976395_dermoscopic_mask.png,0.4769481481481481,valid,600x450,600x450
IL_3980813,IL_3980813,/marimo/milk10k/MILK10k_Training_Input/IL_3980813/ISIC_2521142.jpg,/marimo/milk10k_train_masks/IL_3980813_dermoscopic_mask.png,0.3665,valid,600x450,600x450
IL_3982236,IL_3982236,/marimo/milk10k/MILK10k_Training_Input/IL_3982236/ISIC_4113553.jpg,/marimo/milk10k_train_masks/IL_3982236_dermoscopic_mask.png,0.2067074074074074,valid,600x450,600x450
IL_3982685,IL_3982685,/marimo/milk10k/MILK10k_Training_Input/IL_3982685/ISIC_8662604.jpg,/marimo/milk10k_train_masks/IL_3982685_dermoscopic_mask.png,0.47272592592592594,valid,600x450,600x450
IL_3984106,IL_3984106,/marimo/milk10k/MILK10k_Training_Input/IL_3984106/ISIC_0829180.jpg,/marimo/milk10k_train_masks/IL_3984106_dermoscopic_mask.png,0.34788148148148146,valid,600x450,600x450
IL_3984556,IL_3984556,/marimo/milk10k/MILK10k_Training_Input/IL_3984556/ISIC_6899811.jpg,/marimo/milk10k_train_masks/IL_3984556_dermoscopic_mask.png,0.23162222222222223,valid,600x450,600x450
IL_3985289,IL_3985289,/marimo/milk10k/MILK10k_Training_Input/IL_3985289/ISIC_0495769.jpg,/marimo/milk10k_train_masks/IL_3985289_dermoscopic_mask.png,0.20304444444444444,valid,600x450,600x450
IL_3986859,IL_3986859,/marimo/milk10k/MILK10k_Training_Input/IL_3986859/ISIC_4489369.jpg,/marimo/milk10k_train_masks/IL_3986859_dermoscopic_mask.png,0.06868888888888888,valid,600x450,600x450
IL_3987209,IL_3987209,/marimo/milk10k/MILK10k_Training_Input/IL_3987209/ISIC_7312960.jpg,/marimo/milk10k_train_masks/IL_3987209_dermoscopic_mask.png,0.20894074074074073,valid,600x450,600x450
IL_3990858,IL_3990858,/marimo/milk10k/MILK10k_Training_Input/IL_3990858/ISIC_9474028.jpg,/marimo/milk10k_train_masks/IL_3990858_dermoscopic_mask.png,0.09244444444444444,valid,600x450,600x450
IL_3991500,IL_3991500,/marimo/milk10k/MILK10k_Training_Input/IL_3991500/ISIC_4785619.jpg,/marimo/milk10k_train_masks/IL_3991500_dermoscopic_mask.png,0.31988518518518516,valid,600x450,600x450
IL_3995124,IL_3995124,/marimo/milk10k/MILK10k_Training_Input/IL_3995124/ISIC_0718332.jpg,/marimo/milk10k_train_masks/IL_3995124_dermoscopic_mask.png,0.3410148148148148,valid,600x450,600x450
IL_3995559,IL_3995559,/marimo/milk10k/MILK10k_Training_Input/IL_3995559/ISIC_4141251.jpg,/marimo/milk10k_train_masks/IL_3995559_dermoscopic_mask.png,0.2073148148148148,valid,600x450,600x450
IL_3996209,IL_3996209,/marimo/milk10k/MILK10k_Training_Input/IL_3996209/ISIC_0467500.jpg,/marimo/milk10k_train_masks/IL_3996209_dermoscopic_mask.png,0.2643666666666667,valid,600x450,600x450
IL_3999656,IL_3999656,/marimo/milk10k/MILK10k_Training_Input/IL_3999656/ISIC_1323177.jpg,/marimo/milk10k_train_masks/IL_3999656_dermoscopic_mask.png,0.2455037037037037,valid,600x450,600x450
IL_4000063,IL_4000063,/marimo/milk10k/MILK10k_Training_Input/IL_4000063/ISIC_5903044.jpg,/marimo/milk10k_train_masks/IL_4000063_dermoscopic_mask.png,0.17967037037037037,valid,600x450,600x450
IL_4003805,IL_4003805,/marimo/milk10k/MILK10k_Training_Input/IL_4003805/ISIC_8973952.jpg,/marimo/milk10k_train_masks/IL_4003805_dermoscopic_mask.png,0.33714074074074074,valid,600x450,600x450
IL_4005542,IL_4005542,/marimo/milk10k/MILK10k_Training_Input/IL_4005542/ISIC_6227786.jpg,/marimo/milk10k_train_masks/IL_4005542_dermoscopic_mask.png,0.06533333333333333,valid,600x450,600x450
IL_4008032,IL_4008032,/marimo/milk10k/MILK10k_Training_Input/IL_4008032/ISIC_7460585.jpg,/marimo/milk10k_train_masks/IL_4008032_dermoscopic_mask.png,0.22612222222222222,valid,600x450,600x450
IL_4010567,IL_4010567,/marimo/milk10k/MILK10k_Training_Input/IL_4010567/ISIC_5777416.jpg,/marimo/milk10k_train_masks/IL_4010567_dermoscopic_mask.png,0.158,valid,600x450,600x450
IL_4011591,IL_4011591,/marimo/milk10k/MILK10k_Training_Input/IL_4011591/ISIC_5685120.jpg,/marimo/milk10k_train_masks/IL_4011591_dermoscopic_mask.png,0.21118148148148147,valid,600x450,600x450
IL_4013404,IL_4013404,/marimo/milk10k/MILK10k_Training_Input/IL_4013404/ISIC_0908255.jpg,/marimo/milk10k_train_masks/IL_4013404_dermoscopic_mask.png,0.11858518518518518,valid,600x450,600x450
IL_4015357,IL_4015357,/marimo/milk10k/MILK10k_Training_Input/IL_4015357/ISIC_5962154.jpg,/marimo/milk10k_train_masks/IL_4015357_dermoscopic_mask.png,0.18516296296296297,valid,600x450,600x450
IL_4019349,IL_4019349,/marimo/milk10k/MILK10k_Training_Input/IL_4019349/ISIC_8285845.jpg,/marimo/milk10k_train_masks/IL_4019349_dermoscopic_mask.png,0.46054074074074075,valid,600x450,600x450
IL_4020626,IL_4020626,/marimo/milk10k/MILK10k_Training_Input/IL_4020626/ISIC_8056101.jpg,/marimo/milk10k_train_masks/IL_4020626_dermoscopic_mask.png,0.1647111111111111,valid,600x450,600x450
IL_4022270,IL_4022270,/marimo/milk10k/MILK10k_Training_Input/IL_4022270/ISIC_5627117.jpg,/marimo/milk10k_train_masks/IL_4022270_dermoscopic_mask.png,0.1912,valid,600x450,600x450
IL_4028485,IL_4028485,/marimo/milk10k/MILK10k_Training_Input/IL_4028485/ISIC_1994166.jpg,/marimo/milk10k_train_masks/IL_4028485_dermoscopic_mask.png,0.43908148148148146,valid,600x450,600x450
IL_4028945,IL_4028945,/marimo/milk10k/MILK10k_Training_Input/IL_4028945/ISIC_8805390.jpg,/marimo/milk10k_train_masks/IL_4028945_dermoscopic_mask.png,0.17742962962962963,valid,600x450,600x450
IL_4032285,IL_4032285,/marimo/milk10k/MILK10k_Training_Input/IL_4032285/ISIC_3202131.jpg,/marimo/milk10k_train_masks/IL_4032285_dermoscopic_mask.png,0.4030962962962963,valid,600x450,600x450
IL_4033991,IL_4033991,/marimo/milk10k/MILK10k_Training_Input/IL_4033991/ISIC_8698547.jpg,/marimo/milk10k_train_masks/IL_4033991_dermoscopic_mask.png,0.39802592592592595,valid,600x450,600x450
IL_4034237,IL_4034237,/marimo/milk10k/MILK10k_Training_Input/IL_4034237/ISIC_0387211.jpg,/marimo/milk10k_train_masks/IL_4034237_dermoscopic_mask.png,0.3888740740740741,valid,600x450,600x450
IL_4034865,IL_4034865,/marimo/milk10k/MILK10k_Training_Input/IL_4034865/ISIC_3477335.jpg,/marimo/milk10k_train_masks/IL_4034865_dermoscopic_mask.png,0.37248888888888887,valid,600x450,600x450
IL_4041847,IL_4041847,/marimo/milk10k/MILK10k_Training_Input/IL_4041847/ISIC_1529132.jpg,/marimo/milk10k_train_masks/IL_4041847_dermoscopic_mask.png,0.37245185185185187,valid,600x450,600x450
IL_4042622,IL_4042622,/marimo/milk10k/MILK10k_Training_Input/IL_4042622/ISIC_4265106.jpg,/marimo/milk10k_train_masks/IL_4042622_dermoscopic_mask.png,0.14006296296296297,valid,600x450,600x450
IL_4049256,IL_4049256,/marimo/milk10k/MILK10k_Training_Input/IL_4049256/ISIC_2470660.jpg,/marimo/milk10k_train_masks/IL_4049256_dermoscopic_mask.png,0.2720037037037037,valid,600x450,600x450
IL_4050441,IL_4050441,/marimo/milk10k/MILK10k_Training_Input/IL_4050441/ISIC_7087826.jpg,/marimo/milk10k_train_masks/IL_4050441_dermoscopic_mask.png,0.15507037037037036,valid,600x450,600x450
IL_4051895,IL_4051895,/marimo/milk10k/MILK10k_Training_Input/IL_4051895/ISIC_6400148.jpg,/marimo/milk10k_train_masks/IL_4051895_dermoscopic_mask.png,0.6598518518518518,valid,600x450,600x450
IL_4052441,IL_4052441,/marimo/milk10k/MILK10k_Training_Input/IL_4052441/ISIC_8098167.jpg,/marimo/milk10k_train_masks/IL_4052441_dermoscopic_mask.png,0.08268148148148148,valid,600x450,600x450
IL_4052730,IL_4052730,/marimo/milk10k/MILK10k_Training_Input/IL_4052730/ISIC_8897741.jpg,/marimo/milk10k_train_masks/IL_4052730_dermoscopic_mask.png,0.31375925925925924,valid,600x450,600x450
IL_4055680,IL_4055680,/marimo/milk10k/MILK10k_Training_Input/IL_4055680/ISIC_7562678.jpg,/marimo/milk10k_train_masks/IL_4055680_dermoscopic_mask.png,0.28177407407407407,valid,600x450,600x450
IL_4061153,IL_4061153,/marimo/milk10k/MILK10k_Training_Input/IL_4061153/ISIC_6338368.jpg,/marimo/milk10k_train_masks/IL_4061153_dermoscopic_mask.png,0.19254074074074073,valid,600x450,600x450
IL_4061949,IL_4061949,/marimo/milk10k/MILK10k_Training_Input/IL_4061949/ISIC_6887594.jpg,/marimo/milk10k_train_masks/IL_4061949_dermoscopic_mask.png,0.38686296296296296,valid,600x450,600x450
IL_4064310,IL_4064310,/marimo/milk10k/MILK10k_Training_Input/IL_4064310/ISIC_4381433.jpg,/marimo/milk10k_train_masks/IL_4064310_dermoscopic_mask.png,0.04463333333333333,valid,600x450,600x450
IL_4064393,IL_4064393,/marimo/milk10k/MILK10k_Training_Input/IL_4064393/ISIC_5801703.jpg,/marimo/milk10k_train_masks/IL_4064393_dermoscopic_mask.png,0.5913074074074074,valid,600x450,600x450
IL_4064618,IL_4064618,/marimo/milk10k/MILK10k_Training_Input/IL_4064618/ISIC_8350851.jpg,/marimo/milk10k_train_masks/IL_4064618_dermoscopic_mask.png,0.42945925925925926,valid,600x450,600x450
IL_4066034,IL_4066034,/marimo/milk10k/MILK10k_Training_Input/IL_4066034/ISIC_7986295.jpg,/marimo/milk10k_train_masks/IL_4066034_dermoscopic_mask.png,0.18216666666666667,valid,600x450,600x450
IL_4067349,IL_4067349,/marimo/milk10k/MILK10k_Training_Input/IL_4067349/ISIC_6089148.jpg,/marimo/milk10k_train_masks/IL_4067349_dermoscopic_mask.png,0.2117740740740741,valid,600x450,600x450
IL_4068514,IL_4068514,/marimo/milk10k/MILK10k_Training_Input/IL_4068514/ISIC_5360213.jpg,/marimo/milk10k_train_masks/IL_4068514_dermoscopic_mask.png,0.2784888888888889,valid,600x450,600x450
IL_4072310,IL_4072310,/marimo/milk10k/MILK10k_Training_Input/IL_4072310/ISIC_2804242.jpg,/marimo/milk10k_train_masks/IL_4072310_dermoscopic_mask.png,0.5144074074074074,valid,600x450,600x450
IL_4073740,IL_4073740,/marimo/milk10k/MILK10k_Training_Input/IL_4073740/ISIC_6234798.jpg,/marimo/milk10k_train_masks/IL_4073740_dermoscopic_mask.png,0.30183333333333334,valid,600x450,600x450
IL_4075646,IL_4075646,/marimo/milk10k/MILK10k_Training_Input/IL_4075646/ISIC_0268984.jpg,/marimo/milk10k_train_masks/IL_4075646_dermoscopic_mask.png,0.45691481481481483,valid,600x450,600x450
IL_4079886,IL_4079886,/marimo/milk10k/MILK10k_Training_Input/IL_4079886/ISIC_9944257.jpg,/marimo/milk10k_train_masks/IL_4079886_dermoscopic_mask.png,0.25383333333333336,valid,600x450,600x450
IL_4083881,IL_4083881,/marimo/milk10k/MILK10k_Training_Input/IL_4083881/ISIC_0601665.jpg,/marimo/milk10k_train_masks/IL_4083881_dermoscopic_mask.png,0.23644444444444446,valid,600x450,600x450
IL_4084018,IL_4084018,/marimo/milk10k/MILK10k_Training_Input/IL_4084018/ISIC_8577597.jpg,/marimo/milk10k_train_masks/IL_4084018_dermoscopic_mask.png,0.33475555555555553,valid,600x450,600x450
IL_4088084,IL_4088084,/marimo/milk10k/MILK10k_Training_Input/IL_4088084/ISIC_7946501.jpg,/marimo/milk10k_train_masks/IL_4088084_dermoscopic_mask.png,0.6023703703703703,valid,600x450,600x450
IL_4088616,IL_4088616,/marimo/milk10k/MILK10k_Training_Input/IL_4088616/ISIC_1241916.jpg,/marimo/milk10k_train_masks/IL_4088616_dermoscopic_mask.png,0.22613333333333333,valid,600x450,600x450
IL_4093493,IL_4093493,/marimo/milk10k/MILK10k_Training_Input/IL_4093493/ISIC_5748062.jpg,/marimo/milk10k_train_masks/IL_4093493_dermoscopic_mask.png,0.6137962962962963,valid,600x450,600x450
IL_4094223,IL_4094223,/marimo/milk10k/MILK10k_Training_Input/IL_4094223/ISIC_4275458.jpg,/marimo/milk10k_train_masks/IL_4094223_dermoscopic_mask.png,0.7026074074074075,valid,600x450,600x450
IL_4095279,IL_4095279,/marimo/milk10k/MILK10k_Training_Input/IL_4095279/ISIC_7527742.jpg,/marimo/milk10k_train_masks/IL_4095279_dermoscopic_mask.png,0.5582703703703704,valid,600x450,600x450
IL_4096738,IL_4096738,/marimo/milk10k/MILK10k_Training_Input/IL_4096738/ISIC_6874373.jpg,/marimo/milk10k_train_masks/IL_4096738_dermoscopic_mask.png,0.1615888888888889,valid,600x450,600x450
IL_4099426,IL_4099426,/marimo/milk10k/MILK10k_Training_Input/IL_4099426/ISIC_0097302.jpg,/marimo/milk10k_train_masks/IL_4099426_dermoscopic_mask.png,0.0934962962962963,valid,600x450,600x450
IL_4100089,IL_4100089,/marimo/milk10k/MILK10k_Training_Input/IL_4100089/ISIC_2621421.jpg,/marimo/milk10k_train_masks/IL_4100089_dermoscopic_mask.png,0.4545,valid,600x450,600x450
IL_4103128,IL_4103128,/marimo/milk10k/MILK10k_Training_Input/IL_4103128/ISIC_4224743.jpg,/marimo/milk10k_train_masks/IL_4103128_dermoscopic_mask.png,0.3189851851851852,valid,600x450,600x450
IL_4104039,IL_4104039,/marimo/milk10k/MILK10k_Training_Input/IL_4104039/ISIC_0738371.jpg,/marimo/milk10k_train_masks/IL_4104039_dermoscopic_mask.png,0.36575555555555556,valid,600x450,600x450
IL_4106945,IL_4106945,/marimo/milk10k/MILK10k_Training_Input/IL_4106945/ISIC_3734095.jpg,/marimo/milk10k_train_masks/IL_4106945_dermoscopic_mask.png,0.3943111111111111,valid,600x450,600x450
IL_4107565,IL_4107565,/marimo/milk10k/MILK10k_Training_Input/IL_4107565/ISIC_1701968.jpg,/marimo/milk10k_train_masks/IL_4107565_dermoscopic_mask.png,0.1301074074074074,valid,600x450,600x450
IL_4108143,IL_4108143,/marimo/milk10k/MILK10k_Training_Input/IL_4108143/ISIC_5315833.jpg,/marimo/milk10k_train_masks/IL_4108143_dermoscopic_mask.png,0.34354814814814816,valid,600x450,600x450
IL_4109255,IL_4109255,/marimo/milk10k/MILK10k_Training_Input/IL_4109255/ISIC_5209351.jpg,/marimo/milk10k_train_masks/IL_4109255_dermoscopic_mask.png,0.0995074074074074,valid,600x450,600x450
IL_4115404,IL_4115404,/marimo/milk10k/MILK10k_Training_Input/IL_4115404/ISIC_0078190.jpg,/marimo/milk10k_train_masks/IL_4115404_dermoscopic_mask.png,0.27777407407407406,valid,600x450,600x450
IL_4116292,IL_4116292,/marimo/milk10k/MILK10k_Training_Input/IL_4116292/ISIC_8345526.jpg,/marimo/milk10k_train_masks/IL_4116292_dermoscopic_mask.png,0.36198148148148146,valid,600x450,600x450
IL_4122724,IL_4122724,/marimo/milk10k/MILK10k_Training_Input/IL_4122724/ISIC_7541402.jpg,/marimo/milk10k_train_masks/IL_4122724_dermoscopic_mask.png,0.6029037037037037,valid,600x450,600x450
IL_4123354,IL_4123354,/marimo/milk10k/MILK10k_Training_Input/IL_4123354/ISIC_5148533.jpg,/marimo/milk10k_train_masks/IL_4123354_dermoscopic_mask.png,0.47751481481481484,valid,600x450,600x450
IL_4124169,IL_4124169,/marimo/milk10k/MILK10k_Training_Input/IL_4124169/ISIC_9900723.jpg,/marimo/milk10k_train_masks/IL_4124169_dermoscopic_mask.png,0.030648148148148147,valid,600x450,600x450
IL_4124357,IL_4124357,/marimo/milk10k/MILK10k_Training_Input/IL_4124357/ISIC_2328093.jpg,/marimo/milk10k_train_masks/IL_4124357_dermoscopic_mask.png,0.5727222222222222,valid,600x450,600x450
IL_4125524,IL_4125524,/marimo/milk10k/MILK10k_Training_Input/IL_4125524/ISIC_8942026.jpg,/marimo/milk10k_train_masks/IL_4125524_dermoscopic_mask.png,0.34974814814814814,valid,600x450,600x450
IL_4125951,IL_4125951,/marimo/milk10k/MILK10k_Training_Input/IL_4125951/ISIC_7414517.jpg,/marimo/milk10k_train_masks/IL_4125951_dermoscopic_mask.png,0.1652962962962963,valid,600x450,600x450
IL_4126361,IL_4126361,/marimo/milk10k/MILK10k_Training_Input/IL_4126361/ISIC_8922165.jpg,/marimo/milk10k_train_masks/IL_4126361_dermoscopic_mask.png,0.2588666666666667,valid,600x450,600x450
IL_4126590,IL_4126590,/marimo/milk10k/MILK10k_Training_Input/IL_4126590/ISIC_5874846.jpg,/marimo/milk10k_train_masks/IL_4126590_dermoscopic_mask.png,0.24482962962962962,valid,600x450,600x450
IL_4128851,IL_4128851,/marimo/milk10k/MILK10k_Training_Input/IL_4128851/ISIC_6475371.jpg,/marimo/milk10k_train_masks/IL_4128851_dermoscopic_mask.png,0.5980703703703704,valid,600x450,600x450
IL_4129190,IL_4129190,/marimo/milk10k/MILK10k_Training_Input/IL_4129190/ISIC_1435896.jpg,/marimo/milk10k_train_masks/IL_4129190_dermoscopic_mask.png,0.1973777777777778,valid,600x450,600x450
IL_4130663,IL_4130663,/marimo/milk10k/MILK10k_Training_Input/IL_4130663/ISIC_3836165.jpg,/marimo/milk10k_train_masks/IL_4130663_dermoscopic_mask.png,0.2343222222222222,valid,600x450,600x450
IL_4130866,IL_4130866,/marimo/milk10k/MILK10k_Training_Input/IL_4130866/ISIC_9247586.jpg,/marimo/milk10k_train_masks/IL_4130866_dermoscopic_mask.png,0.03605185185185185,valid,600x450,600x450
IL_4131392,IL_4131392,/marimo/milk10k/MILK10k_Training_Input/IL_4131392/ISIC_8701104.jpg,/marimo/milk10k_train_masks/IL_4131392_dermoscopic_mask.png,0.1349962962962963,valid,600x450,600x450
IL_4131628,IL_4131628,/marimo/milk10k/MILK10k_Training_Input/IL_4131628/ISIC_4954192.jpg,/marimo/milk10k_train_masks/IL_4131628_dermoscopic_mask.png,0.3925,valid,600x450,600x450
IL_4132479,IL_4132479,/marimo/milk10k/MILK10k_Training_Input/IL_4132479/ISIC_4428176.jpg,/marimo/milk10k_train_masks/IL_4132479_dermoscopic_mask.png,0.25915185185185186,valid,600x450,600x450
IL_4132996,IL_4132996,/marimo/milk10k/MILK10k_Training_Input/IL_4132996/ISIC_3950514.jpg,/marimo/milk10k_train_masks/IL_4132996_dermoscopic_mask.png,0.5557037037037037,valid,600x450,600x450
IL_4133123,IL_4133123,/marimo/milk10k/MILK10k_Training_Input/IL_4133123/ISIC_0479656.jpg,/marimo/milk10k_train_masks/IL_4133123_dermoscopic_mask.png,0.7403074074074074,valid,600x450,600x450
IL_4135081,IL_4135081,/marimo/milk10k/MILK10k_Training_Input/IL_4135081/ISIC_5430362.jpg,/marimo/milk10k_train_masks/IL_4135081_dermoscopic_mask.png,0.31673703703703704,valid,600x450,600x450
IL_4137661,IL_4137661,/marimo/milk10k/MILK10k_Training_Input/IL_4137661/ISIC_3760355.jpg,/marimo/milk10k_train_masks/IL_4137661_dermoscopic_mask.png,0.24893703703703704,valid,600x450,600x450
IL_4143082,IL_4143082,/marimo/milk10k/MILK10k_Training_Input/IL_4143082/ISIC_9661422.jpg,/marimo/milk10k_train_masks/IL_4143082_dermoscopic_mask.png,0.07690740740740741,valid,600x450,600x450
IL_4147641,IL_4147641,/marimo/milk10k/MILK10k_Training_Input/IL_4147641/ISIC_4066771.jpg,/marimo/milk10k_train_masks/IL_4147641_dermoscopic_mask.png,0.0996962962962963,valid,600x450,600x450
IL_4149051,IL_4149051,/marimo/milk10k/MILK10k_Training_Input/IL_4149051/ISIC_3088033.jpg,/marimo/milk10k_train_masks/IL_4149051_dermoscopic_mask.png,0.5523444444444444,valid,600x450,600x450
IL_4149109,IL_4149109,/marimo/milk10k/MILK10k_Training_Input/IL_4149109/ISIC_3754933.jpg,/marimo/milk10k_train_masks/IL_4149109_dermoscopic_mask.png,0.20087037037037037,valid,600x450,600x450
IL_4149493,IL_4149493,/marimo/milk10k/MILK10k_Training_Input/IL_4149493/ISIC_8943375.jpg,/marimo/milk10k_train_masks/IL_4149493_dermoscopic_mask.png,0.11937407407407408,valid,600x450,600x450
IL_4150500,IL_4150500,/marimo/milk10k/MILK10k_Training_Input/IL_4150500/ISIC_0852575.jpg,/marimo/milk10k_train_masks/IL_4150500_dermoscopic_mask.png,0.4604037037037037,valid,600x450,600x450
IL_4153539,IL_4153539,/marimo/milk10k/MILK10k_Training_Input/IL_4153539/ISIC_8846554.jpg,/marimo/milk10k_train_masks/IL_4153539_dermoscopic_mask.png,0.23475555555555555,valid,600x450,600x450
IL_4155975,IL_4155975,/marimo/milk10k/MILK10k_Training_Input/IL_4155975/ISIC_1718501.jpg,/marimo/milk10k_train_masks/IL_4155975_dermoscopic_mask.png,0.3688074074074074,valid,600x450,600x450
IL_4156451,IL_4156451,/marimo/milk10k/MILK10k_Training_Input/IL_4156451/ISIC_9227362.jpg,/marimo/milk10k_train_masks/IL_4156451_dermoscopic_mask.png,0.6841592592592592,valid,600x450,600x450
IL_4157363,IL_4157363,/marimo/milk10k/MILK10k_Training_Input/IL_4157363/ISIC_3531459.jpg,/marimo/milk10k_train_masks/IL_4157363_dermoscopic_mask.png,0.4369074074074074,valid,600x450,600x450
IL_4160541,IL_4160541,/marimo/milk10k/MILK10k_Training_Input/IL_4160541/ISIC_5930303.jpg,/marimo/milk10k_train_masks/IL_4160541_dermoscopic_mask.png,0.6291629629629629,valid,600x450,600x450
IL_4163888,IL_4163888,/marimo/milk10k/MILK10k_Training_Input/IL_4163888/ISIC_5049585.jpg,/marimo/milk10k_train_masks/IL_4163888_dermoscopic_mask.png,0.2019037037037037,valid,600x450,600x450
IL_4164624,IL_4164624,/marimo/milk10k/MILK10k_Training_Input/IL_4164624/ISIC_1156729.jpg,/marimo/milk10k_train_masks/IL_4164624_dermoscopic_mask.png,0.2740814814814815,valid,600x450,600x450
IL_4174336,IL_4174336,/marimo/milk10k/MILK10k_Training_Input/IL_4174336/ISIC_1062335.jpg,/marimo/milk10k_train_masks/IL_4174336_dermoscopic_mask.png,0.40417037037037035,valid,600x450,600x450
IL_4175034,IL_4175034,/marimo/milk10k/MILK10k_Training_Input/IL_4175034/ISIC_9501706.jpg,/marimo/milk10k_train_masks/IL_4175034_dermoscopic_mask.png,0.29868518518518516,valid,600x450,600x450
IL_4175497,IL_4175497,/marimo/milk10k/MILK10k_Training_Input/IL_4175497/ISIC_7803268.jpg,/marimo/milk10k_train_masks/IL_4175497_dermoscopic_mask.png,0.4160333333333333,valid,600x450,600x450
IL_4176966,IL_4176966,/marimo/milk10k/MILK10k_Training_Input/IL_4176966/ISIC_2996665.jpg,/marimo/milk10k_train_masks/IL_4176966_dermoscopic_mask.png,0.3372703703703704,valid,600x450,600x450
IL_4177126,IL_4177126,/marimo/milk10k/MILK10k_Training_Input/IL_4177126/ISIC_7737513.jpg,/marimo/milk10k_train_masks/IL_4177126_dermoscopic_mask.png,0.32306666666666667,valid,600x450,600x450
IL_4177354,IL_4177354,/marimo/milk10k/MILK10k_Training_Input/IL_4177354/ISIC_1370640.jpg,/marimo/milk10k_train_masks/IL_4177354_dermoscopic_mask.png,0.23213333333333333,valid,600x450,600x450
IL_4179899,IL_4179899,/marimo/milk10k/MILK10k_Training_Input/IL_4179899/ISIC_6428132.jpg,/marimo/milk10k_train_masks/IL_4179899_dermoscopic_mask.png,0.565,valid,600x450,600x450
IL_4180169,IL_4180169,/marimo/milk10k/MILK10k_Training_Input/IL_4180169/ISIC_6601126.jpg,/marimo/milk10k_train_masks/IL_4180169_dermoscopic_mask.png,0.6405185185185185,valid,600x450,600x450
IL_4180707,IL_4180707,/marimo/milk10k/MILK10k_Training_Input/IL_4180707/ISIC_9403836.jpg,/marimo/milk10k_train_masks/IL_4180707_dermoscopic_mask.png,0.22986296296296296,valid,600x450,600x450
IL_4182529,IL_4182529,/marimo/milk10k/MILK10k_Training_Input/IL_4182529/ISIC_1350578.jpg,/marimo/milk10k_train_masks/IL_4182529_dermoscopic_mask.png,0.052737037037037034,valid,600x450,600x450
IL_4182548,IL_4182548,/marimo/milk10k/MILK10k_Training_Input/IL_4182548/ISIC_5280874.jpg,/marimo/milk10k_train_masks/IL_4182548_dermoscopic_mask.png,0.4030185185185185,valid,600x450,600x450
IL_4185194,IL_4185194,/marimo/milk10k/MILK10k_Training_Input/IL_4185194/ISIC_2496140.jpg,/marimo/milk10k_train_masks/IL_4185194_dermoscopic_mask.png,0.1629925925925926,valid,600x450,600x450
IL_4185441,IL_4185441,/marimo/milk10k/MILK10k_Training_Input/IL_4185441/ISIC_6467453.jpg,/marimo/milk10k_train_masks/IL_4185441_dermoscopic_mask.png,0.4662925925925926,valid,600x450,600x450
IL_4186623,IL_4186623,/marimo/milk10k/MILK10k_Training_Input/IL_4186623/ISIC_1775540.jpg,/marimo/milk10k_train_masks/IL_4186623_dermoscopic_mask.png,0.24734814814814815,valid,600x450,600x450
IL_4186726,IL_4186726,/marimo/milk10k/MILK10k_Training_Input/IL_4186726/ISIC_3727735.jpg,/marimo/milk10k_train_masks/IL_4186726_dermoscopic_mask.png,0.10286296296296296,valid,600x450,600x450
IL_4186953,IL_4186953,/marimo/milk10k/MILK10k_Training_Input/IL_4186953/ISIC_1465068.jpg,/marimo/milk10k_train_masks/IL_4186953_dermoscopic_mask.png,0.45684444444444444,valid,600x450,600x450
IL_4188654,IL_4188654,/marimo/milk10k/MILK10k_Training_Input/IL_4188654/ISIC_4034626.jpg,/marimo/milk10k_train_masks/IL_4188654_dermoscopic_mask.png,0.634225925925926,valid,600x450,600x450
IL_4190989,IL_4190989,/marimo/milk10k/MILK10k_Training_Input/IL_4190989/ISIC_6714325.jpg,/marimo/milk10k_train_masks/IL_4190989_dermoscopic_mask.png,0.3063777777777778,valid,600x450,600x450
IL_4194346,IL_4194346,/marimo/milk10k/MILK10k_Training_Input/IL_4194346/ISIC_9886748.jpg,/marimo/milk10k_train_masks/IL_4194346_dermoscopic_mask.png,0.42652962962962965,valid,600x450,600x450
IL_4196586,IL_4196586,/marimo/milk10k/MILK10k_Training_Input/IL_4196586/ISIC_2467349.jpg,/marimo/milk10k_train_masks/IL_4196586_dermoscopic_mask.png,0.04466666666666667,valid,600x450,600x450
IL_4203515,IL_4203515,/marimo/milk10k/MILK10k_Training_Input/IL_4203515/ISIC_2668675.jpg,/marimo/milk10k_train_masks/IL_4203515_dermoscopic_mask.png,0.45555555555555555,valid,600x450,600x450
IL_4203522,IL_4203522,/marimo/milk10k/MILK10k_Training_Input/IL_4203522/ISIC_4649816.jpg,/marimo/milk10k_train_masks/IL_4203522_dermoscopic_mask.png,0.20517777777777776,valid,600x450,600x450
IL_4206745,IL_4206745,/marimo/milk10k/MILK10k_Training_Input/IL_4206745/ISIC_6863904.jpg,/marimo/milk10k_train_masks/IL_4206745_dermoscopic_mask.png,0.24224444444444446,valid,600x450,600x450
IL_4209948,IL_4209948,/marimo/milk10k/MILK10k_Training_Input/IL_4209948/ISIC_4738070.jpg,/marimo/milk10k_train_masks/IL_4209948_dermoscopic_mask.png,0.1534851851851852,valid,600x450,600x450
IL_4212984,IL_4212984,/marimo/milk10k/MILK10k_Training_Input/IL_4212984/ISIC_3349058.jpg,/marimo/milk10k_train_masks/IL_4212984_dermoscopic_mask.png,0.24494444444444444,valid,600x450,600x450
IL_4213218,IL_4213218,/marimo/milk10k/MILK10k_Training_Input/IL_4213218/ISIC_3913255.jpg,/marimo/milk10k_train_masks/IL_4213218_dermoscopic_mask.png,0.16114814814814815,valid,600x450,600x450
IL_4217663,IL_4217663,/marimo/milk10k/MILK10k_Training_Input/IL_4217663/ISIC_6335386.jpg,/marimo/milk10k_train_masks/IL_4217663_dermoscopic_mask.png,0.4476851851851852,valid,600x450,600x450
IL_4220854,IL_4220854,/marimo/milk10k/MILK10k_Training_Input/IL_4220854/ISIC_0571049.jpg,/marimo/milk10k_train_masks/IL_4220854_dermoscopic_mask.png,0.47385555555555553,valid,600x450,600x450
IL_4225640,IL_4225640,/marimo/milk10k/MILK10k_Training_Input/IL_4225640/ISIC_7486855.jpg,/marimo/milk10k_train_masks/IL_4225640_dermoscopic_mask.png,0.056325925925925925,valid,600x450,600x450
IL_4233206,IL_4233206,/marimo/milk10k/MILK10k_Training_Input/IL_4233206/ISIC_7805735.jpg,/marimo/milk10k_train_masks/IL_4233206_dermoscopic_mask.png,0.14954074074074075,valid,600x450,600x450
IL_4240733,IL_4240733,/marimo/milk10k/MILK10k_Training_Input/IL_4240733/ISIC_2561690.jpg,/marimo/milk10k_train_masks/IL_4240733_dermoscopic_mask.png,0.5392777777777777,valid,600x450,600x450
IL_4241056,IL_4241056,/marimo/milk10k/MILK10k_Training_Input/IL_4241056/ISIC_8517056.jpg,/marimo/milk10k_train_masks/IL_4241056_dermoscopic_mask.png,0.48855185185185185,valid,600x450,600x450
IL_4242651,IL_4242651,/marimo/milk10k/MILK10k_Training_Input/IL_4242651/ISIC_1110722.jpg,/marimo/milk10k_train_masks/IL_4242651_dermoscopic_mask.png,0.4154259259259259,valid,600x450,600x450
IL_4245376,IL_4245376,/marimo/milk10k/MILK10k_Training_Input/IL_4245376/ISIC_5311382.jpg,/marimo/milk10k_train_masks/IL_4245376_dermoscopic_mask.png,0.5461518518518519,valid,600x450,600x450
IL_4246479,IL_4246479,/marimo/milk10k/MILK10k_Training_Input/IL_4246479/ISIC_0461566.jpg,/marimo/milk10k_train_masks/IL_4246479_dermoscopic_mask.png,0.3216333333333333,valid,600x450,600x450
IL_4250777,IL_4250777,/marimo/milk10k/MILK10k_Training_Input/IL_4250777/ISIC_0155053.jpg,/marimo/milk10k_train_masks/IL_4250777_dermoscopic_mask.png,0.2571074074074074,valid,600x450,600x450
IL_4255288,IL_4255288,/marimo/milk10k/MILK10k_Training_Input/IL_4255288/ISIC_7817884.jpg,/marimo/milk10k_train_masks/IL_4255288_dermoscopic_mask.png,0.0747037037037037,valid,600x450,600x450
IL_4258234,IL_4258234,/marimo/milk10k/MILK10k_Training_Input/IL_4258234/ISIC_2372269.jpg,/marimo/milk10k_train_masks/IL_4258234_dermoscopic_mask.png,0.21086666666666667,valid,600x450,600x450
IL_4258964,IL_4258964,/marimo/milk10k/MILK10k_Training_Input/IL_4258964/ISIC_0368345.jpg,/marimo/milk10k_train_masks/IL_4258964_dermoscopic_mask.png,0.22081111111111112,valid,600x450,600x450
IL_4259572,IL_4259572,/marimo/milk10k/MILK10k_Training_Input/IL_4259572/ISIC_9597858.jpg,/marimo/milk10k_train_masks/IL_4259572_dermoscopic_mask.png,0.6902333333333334,valid,600x450,600x450
IL_4260249,IL_4260249,/marimo/milk10k/MILK10k_Training_Input/IL_4260249/ISIC_5243282.jpg,/marimo/milk10k_train_masks/IL_4260249_dermoscopic_mask.png,0.11149259259259259,valid,600x450,600x450
IL_4262714,IL_4262714,/marimo/milk10k/MILK10k_Training_Input/IL_4262714/ISIC_8584528.jpg,/marimo/milk10k_train_masks/IL_4262714_dermoscopic_mask.png,0.23142962962962962,valid,600x450,600x450
IL_4262969,IL_4262969,/marimo/milk10k/MILK10k_Training_Input/IL_4262969/ISIC_1260636.jpg,/marimo/milk10k_train_masks/IL_4262969_dermoscopic_mask.png,0.38344074074074075,valid,600x450,600x450
IL_4263582,IL_4263582,/marimo/milk10k/MILK10k_Training_Input/IL_4263582/ISIC_9861310.jpg,/marimo/milk10k_train_masks/IL_4263582_dermoscopic_mask.png,0.10971851851851852,valid,600x450,600x450
IL_4268143,IL_4268143,/marimo/milk10k/MILK10k_Training_Input/IL_4268143/ISIC_4886295.jpg,/marimo/milk10k_train_masks/IL_4268143_dermoscopic_mask.png,0.4525148148148148,valid,600x450,600x450
IL_4269684,IL_4269684,/marimo/milk10k/MILK10k_Training_Input/IL_4269684/ISIC_1408694.jpg,/marimo/milk10k_train_masks/IL_4269684_dermoscopic_mask.png,0.08201111111111112,valid,600x450,600x450
IL_4270354,IL_4270354,/marimo/milk10k/MILK10k_Training_Input/IL_4270354/ISIC_5873094.jpg,/marimo/milk10k_train_masks/IL_4270354_dermoscopic_mask.png,0.21434444444444445,valid,600x450,600x450
IL_4279483,IL_4279483,/marimo/milk10k/MILK10k_Training_Input/IL_4279483/ISIC_6271290.jpg,/marimo/milk10k_train_masks/IL_4279483_dermoscopic_mask.png,0.11813703703703704,valid,600x450,600x450
IL_4282136,IL_4282136,/marimo/milk10k/MILK10k_Training_Input/IL_4282136/ISIC_6440668.jpg,/marimo/milk10k_train_masks/IL_4282136_dermoscopic_mask.png,0.5571037037037037,valid,600x450,600x450
IL_4282772,IL_4282772,/marimo/milk10k/MILK10k_Training_Input/IL_4282772/ISIC_9227283.jpg,/marimo/milk10k_train_masks/IL_4282772_dermoscopic_mask.png,0.2531148148148148,valid,600x450,600x450
IL_4284690,IL_4284690,/marimo/milk10k/MILK10k_Training_Input/IL_4284690/ISIC_2193524.jpg,/marimo/milk10k_train_masks/IL_4284690_dermoscopic_mask.png,0.09904814814814815,valid,600x450,600x450
IL_4287532,IL_4287532,/marimo/milk10k/MILK10k_Training_Input/IL_4287532/ISIC_1111291.jpg,/marimo/milk10k_train_masks/IL_4287532_dermoscopic_mask.png,0.05991481481481482,valid,600x450,600x450
IL_4287867,IL_4287867,/marimo/milk10k/MILK10k_Training_Input/IL_4287867/ISIC_7726794.jpg,/marimo/milk10k_train_masks/IL_4287867_dermoscopic_mask.png,0.48965925925925924,valid,600x450,600x450
IL_4290586,IL_4290586,/marimo/milk10k/MILK10k_Training_Input/IL_4290586/ISIC_1266614.jpg,/marimo/milk10k_train_masks/IL_4290586_dermoscopic_mask.png,0.5343740740740741,valid,600x450,600x450
IL_4294733,IL_4294733,/marimo/milk10k/MILK10k_Training_Input/IL_4294733/ISIC_4957526.jpg,/marimo/milk10k_train_masks/IL_4294733_dermoscopic_mask.png,0.26793333333333336,valid,600x450,600x450
IL_4298080,IL_4298080,/marimo/milk10k/MILK10k_Training_Input/IL_4298080/ISIC_9579576.jpg,/marimo/milk10k_train_masks/IL_4298080_dermoscopic_mask.png,0.5595148148148148,valid,600x450,600x450
IL_4299606,IL_4299606,/marimo/milk10k/MILK10k_Training_Input/IL_4299606/ISIC_6558065.jpg,/marimo/milk10k_train_masks/IL_4299606_dermoscopic_mask.png,0.15473333333333333,valid,600x450,600x450
IL_4305250,IL_4305250,/marimo/milk10k/MILK10k_Training_Input/IL_4305250/ISIC_4983165.jpg,/marimo/milk10k_train_masks/IL_4305250_dermoscopic_mask.png,0.42927037037037036,valid,600x450,600x450
IL_4305709,IL_4305709,/marimo/milk10k/MILK10k_Training_Input/IL_4305709/ISIC_2106983.jpg,/marimo/milk10k_train_masks/IL_4305709_dermoscopic_mask.png,0.2195111111111111,valid,600x450,600x450
IL_4308535,IL_4308535,/marimo/milk10k/MILK10k_Training_Input/IL_4308535/ISIC_8138627.jpg,/marimo/milk10k_train_masks/IL_4308535_dermoscopic_mask.png,0.05884444444444444,valid,600x450,600x450
IL_4310742,IL_4310742,/marimo/milk10k/MILK10k_Training_Input/IL_4310742/ISIC_0821297.jpg,/marimo/milk10k_train_masks/IL_4310742_dermoscopic_mask.png,0.1260111111111111,valid,600x450,600x450
IL_4310932,IL_4310932,/marimo/milk10k/MILK10k_Training_Input/IL_4310932/ISIC_0962054.jpg,/marimo/milk10k_train_masks/IL_4310932_dermoscopic_mask.png,0.07361111111111111,valid,600x450,600x450
IL_4312042,IL_4312042,/marimo/milk10k/MILK10k_Training_Input/IL_4312042/ISIC_0390452.jpg,/marimo/milk10k_train_masks/IL_4312042_dermoscopic_mask.png,0.21055555555555555,valid,600x450,600x450
IL_4312486,IL_4312486,/marimo/milk10k/MILK10k_Training_Input/IL_4312486/ISIC_0118795.jpg,/marimo/milk10k_train_masks/IL_4312486_dermoscopic_mask.png,0.24945185185185184,valid,600x450,600x450
IL_4313247,IL_4313247,/marimo/milk10k/MILK10k_Training_Input/IL_4313247/ISIC_3141018.jpg,/marimo/milk10k_train_masks/IL_4313247_dermoscopic_mask.png,0.1685962962962963,valid,600x450,600x450
IL_4314466,IL_4314466,/marimo/milk10k/MILK10k_Training_Input/IL_4314466/ISIC_4230181.jpg,/marimo/milk10k_train_masks/IL_4314466_dermoscopic_mask.png,0.2479148148148148,valid,600x450,600x450
IL_4314497,IL_4314497,/marimo/milk10k/MILK10k_Training_Input/IL_4314497/ISIC_5723091.jpg,/marimo/milk10k_train_masks/IL_4314497_dermoscopic_mask.png,0.2134,valid,600x450,600x450
IL_4315407,IL_4315407,/marimo/milk10k/MILK10k_Training_Input/IL_4315407/ISIC_4728787.jpg,/marimo/milk10k_train_masks/IL_4315407_dermoscopic_mask.png,0.16168148148148148,valid,600x450,600x450
IL_4316147,IL_4316147,/marimo/milk10k/MILK10k_Training_Input/IL_4316147/ISIC_2308599.jpg,/marimo/milk10k_train_masks/IL_4316147_dermoscopic_mask.png,0.4165333333333333,valid,600x450,600x450
IL_4316230,IL_4316230,/marimo/milk10k/MILK10k_Training_Input/IL_4316230/ISIC_6289650.jpg,/marimo/milk10k_train_masks/IL_4316230_dermoscopic_mask.png,0.04775925925925926,valid,600x450,600x450
IL_4316869,IL_4316869,/marimo/milk10k/MILK10k_Training_Input/IL_4316869/ISIC_2657415.jpg,/marimo/milk10k_train_masks/IL_4316869_dermoscopic_mask.png,0.2696703703703704,valid,600x450,600x450
IL_4316871,IL_4316871,/marimo/milk10k/MILK10k_Training_Input/IL_4316871/ISIC_2465599.jpg,/marimo/milk10k_train_masks/IL_4316871_dermoscopic_mask.png,0.3721333333333333,valid,600x450,600x450
IL_4318983,IL_4318983,/marimo/milk10k/MILK10k_Training_Input/IL_4318983/ISIC_6176939.jpg,/marimo/milk10k_train_masks/IL_4318983_dermoscopic_mask.png,0.3537814814814815,valid,600x450,600x450
IL_4319503,IL_4319503,/marimo/milk10k/MILK10k_Training_Input/IL_4319503/ISIC_9614509.jpg,/marimo/milk10k_train_masks/IL_4319503_dermoscopic_mask.png,0.37602592592592593,valid,600x450,600x450
IL_4320336,IL_4320336,/marimo/milk10k/MILK10k_Training_Input/IL_4320336/ISIC_0512725.jpg,/marimo/milk10k_train_masks/IL_4320336_dermoscopic_mask.png,0.353962962962963,valid,600x450,600x450
IL_4322313,IL_4322313,/marimo/milk10k/MILK10k_Training_Input/IL_4322313/ISIC_6045854.jpg,/marimo/milk10k_train_masks/IL_4322313_dermoscopic_mask.png,0.08508148148148148,valid,600x450,600x450
IL_4323470,IL_4323470,/marimo/milk10k/MILK10k_Training_Input/IL_4323470/ISIC_4060384.jpg,/marimo/milk10k_train_masks/IL_4323470_dermoscopic_mask.png,0.8948666666666667,valid,600x450,600x450
IL_4323973,IL_4323973,/marimo/milk10k/MILK10k_Training_Input/IL_4323973/ISIC_5743197.jpg,/marimo/milk10k_train_masks/IL_4323973_dermoscopic_mask.png,0.3615259259259259,valid,600x450,600x450
IL_4325075,IL_4325075,/marimo/milk10k/MILK10k_Training_Input/IL_4325075/ISIC_6527571.jpg,/marimo/milk10k_train_masks/IL_4325075_dermoscopic_mask.png,0.46462592592592594,valid,600x450,600x450
IL_4326191,IL_4326191,/marimo/milk10k/MILK10k_Training_Input/IL_4326191/ISIC_7752807.jpg,/marimo/milk10k_train_masks/IL_4326191_dermoscopic_mask.png,0.528862962962963,valid,600x450,600x450
IL_4327205,IL_4327205,/marimo/milk10k/MILK10k_Training_Input/IL_4327205/ISIC_9159246.jpg,/marimo/milk10k_train_masks/IL_4327205_dermoscopic_mask.png,0.49737037037037035,valid,600x450,600x450
IL_4332595,IL_4332595,/marimo/milk10k/MILK10k_Training_Input/IL_4332595/ISIC_4252694.jpg,/marimo/milk10k_train_masks/IL_4332595_dermoscopic_mask.png,0.2643740740740741,valid,600x450,600x450
IL_4334005,IL_4334005,/marimo/milk10k/MILK10k_Training_Input/IL_4334005/ISIC_2335025.jpg,/marimo/milk10k_train_masks/IL_4334005_dermoscopic_mask.png,0.5265703703703704,valid,600x450,600x450
IL_4336969,IL_4336969,/marimo/milk10k/MILK10k_Training_Input/IL_4336969/ISIC_7218635.jpg,/marimo/milk10k_train_masks/IL_4336969_dermoscopic_mask.png,0.08983333333333333,valid,600x450,600x450
IL_4337427,IL_4337427,/marimo/milk10k/MILK10k_Training_Input/IL_4337427/ISIC_1195811.jpg,/marimo/milk10k_train_masks/IL_4337427_dermoscopic_mask.png,0.659937037037037,valid,600x450,600x450
IL_4339655,IL_4339655,/marimo/milk10k/MILK10k_Training_Input/IL_4339655/ISIC_1759311.jpg,/marimo/milk10k_train_masks/IL_4339655_dermoscopic_mask.png,0.5084296296296297,valid,600x450,600x450
IL_4340050,IL_4340050,/marimo/milk10k/MILK10k_Training_Input/IL_4340050/ISIC_0408436.jpg,/marimo/milk10k_train_masks/IL_4340050_dermoscopic_mask.png,0.26238518518518517,valid,600x450,600x450
IL_4340188,IL_4340188,/marimo/milk10k/MILK10k_Training_Input/IL_4340188/ISIC_2625621.jpg,/marimo/milk10k_train_masks/IL_4340188_dermoscopic_mask.png,0.23779259259259258,valid,600x450,600x450
IL_4343472,IL_4343472,/marimo/milk10k/MILK10k_Training_Input/IL_4343472/ISIC_1414380.jpg,/marimo/milk10k_train_masks/IL_4343472_dermoscopic_mask.png,0.2803962962962963,valid,600x450,600x450
IL_4344178,IL_4344178,/marimo/milk10k/MILK10k_Training_Input/IL_4344178/ISIC_3594638.jpg,/marimo/milk10k_train_masks/IL_4344178_dermoscopic_mask.png,0.4619259259259259,valid,600x450,600x450
IL_4347033,IL_4347033,/marimo/milk10k/MILK10k_Training_Input/IL_4347033/ISIC_7230569.jpg,/marimo/milk10k_train_masks/IL_4347033_dermoscopic_mask.png,0.4398518518518518,valid,600x450,600x450
IL_4351446,IL_4351446,/marimo/milk10k/MILK10k_Training_Input/IL_4351446/ISIC_3023437.jpg,/marimo/milk10k_train_masks/IL_4351446_dermoscopic_mask.png,0.18643333333333334,valid,600x450,600x450
IL_4352932,IL_4352932,/marimo/milk10k/MILK10k_Training_Input/IL_4352932/ISIC_5706380.jpg,/marimo/milk10k_train_masks/IL_4352932_dermoscopic_mask.png,0.12543703703703704,valid,600x450,600x450
IL_4354800,IL_4354800,/marimo/milk10k/MILK10k_Training_Input/IL_4354800/ISIC_2100652.jpg,/marimo/milk10k_train_masks/IL_4354800_dermoscopic_mask.png,0.3956962962962963,valid,600x450,600x450
IL_4354918,IL_4354918,/marimo/milk10k/MILK10k_Training_Input/IL_4354918/ISIC_6287649.jpg,/marimo/milk10k_train_masks/IL_4354918_dermoscopic_mask.png,0.0760037037037037,valid,600x450,600x450
IL_4355222,IL_4355222,/marimo/milk10k/MILK10k_Training_Input/IL_4355222/ISIC_0844469.jpg,/marimo/milk10k_train_masks/IL_4355222_dermoscopic_mask.png,0.22127037037037037,valid,600x450,600x450
IL_4355798,IL_4355798,/marimo/milk10k/MILK10k_Training_Input/IL_4355798/ISIC_1866476.jpg,/marimo/milk10k_train_masks/IL_4355798_dermoscopic_mask.png,0.014081481481481481,valid,600x450,600x450
IL_4358287,IL_4358287,/marimo/milk10k/MILK10k_Training_Input/IL_4358287/ISIC_1318325.jpg,/marimo/milk10k_train_masks/IL_4358287_dermoscopic_mask.png,0.1353111111111111,valid,600x450,600x450
IL_4359094,IL_4359094,/marimo/milk10k/MILK10k_Training_Input/IL_4359094/ISIC_3201692.jpg,/marimo/milk10k_train_masks/IL_4359094_dermoscopic_mask.png,0.11667407407407407,valid,600x450,600x450
IL_4363780,IL_4363780,/marimo/milk10k/MILK10k_Training_Input/IL_4363780/ISIC_3763896.jpg,/marimo/milk10k_train_masks/IL_4363780_dermoscopic_mask.png,0.1998111111111111,valid,600x450,600x450
IL_4365113,IL_4365113,/marimo/milk10k/MILK10k_Training_Input/IL_4365113/ISIC_0620394.jpg,/marimo/milk10k_train_masks/IL_4365113_dermoscopic_mask.png,0.3963407407407407,valid,600x450,600x450
IL_4368392,IL_4368392,/marimo/milk10k/MILK10k_Training_Input/IL_4368392/ISIC_6717455.jpg,/marimo/milk10k_train_masks/IL_4368392_dermoscopic_mask.png,0.17377037037037038,valid,600x450,600x450
IL_4371981,IL_4371981,/marimo/milk10k/MILK10k_Training_Input/IL_4371981/ISIC_9519917.jpg,/marimo/milk10k_train_masks/IL_4371981_dermoscopic_mask.png,0.05345925925925926,valid,600x450,600x450
IL_4373578,IL_4373578,/marimo/milk10k/MILK10k_Training_Input/IL_4373578/ISIC_6500642.jpg,/marimo/milk10k_train_masks/IL_4373578_dermoscopic_mask.png,0.5469851851851851,valid,600x450,600x450
IL_4375054,IL_4375054,/marimo/milk10k/MILK10k_Training_Input/IL_4375054/ISIC_4965110.jpg,/marimo/milk10k_train_masks/IL_4375054_dermoscopic_mask.png,0.5332666666666667,valid,600x450,600x450
IL_4375831,IL_4375831,/marimo/milk10k/MILK10k_Training_Input/IL_4375831/ISIC_4617290.jpg,/marimo/milk10k_train_masks/IL_4375831_dermoscopic_mask.png,0.48236666666666667,valid,600x450,600x450
IL_4376173,IL_4376173,/marimo/milk10k/MILK10k_Training_Input/IL_4376173/ISIC_9543805.jpg,/marimo/milk10k_train_masks/IL_4376173_dermoscopic_mask.png,0.3102185185185185,valid,600x450,600x450
IL_4376551,IL_4376551,/marimo/milk10k/MILK10k_Training_Input/IL_4376551/ISIC_5188621.jpg,/marimo/milk10k_train_masks/IL_4376551_dermoscopic_mask.png,0.1547814814814815,valid,600x450,600x450
IL_4377076,IL_4377076,/marimo/milk10k/MILK10k_Training_Input/IL_4377076/ISIC_0955754.jpg,/marimo/milk10k_train_masks/IL_4377076_dermoscopic_mask.png,0.24765555555555555,valid,600x450,600x450
IL_4381909,IL_4381909,/marimo/milk10k/MILK10k_Training_Input/IL_4381909/ISIC_6603709.jpg,/marimo/milk10k_train_masks/IL_4381909_dermoscopic_mask.png,0.8376740740740741,valid,600x450,600x450
IL_4381974,IL_4381974,/marimo/milk10k/MILK10k_Training_Input/IL_4381974/ISIC_4571498.jpg,/marimo/milk10k_train_masks/IL_4381974_dermoscopic_mask.png,0.14501851851851852,valid,600x450,600x450
IL_4383130,IL_4383130,/marimo/milk10k/MILK10k_Training_Input/IL_4383130/ISIC_4757447.jpg,/marimo/milk10k_train_masks/IL_4383130_dermoscopic_mask.png,0.1777074074074074,valid,600x450,600x450
IL_4384125,IL_4384125,/marimo/milk10k/MILK10k_Training_Input/IL_4384125/ISIC_3735182.jpg,/marimo/milk10k_train_masks/IL_4384125_dermoscopic_mask.png,0.15088518518518518,valid,600x450,600x450
IL_4391633,IL_4391633,/marimo/milk10k/MILK10k_Training_Input/IL_4391633/ISIC_8800271.jpg,/marimo/milk10k_train_masks/IL_4391633_dermoscopic_mask.png,0.2444851851851852,valid,600x450,600x450
IL_4392896,IL_4392896,/marimo/milk10k/MILK10k_Training_Input/IL_4392896/ISIC_1806435.jpg,/marimo/milk10k_train_masks/IL_4392896_dermoscopic_mask.png,0.26987037037037037,valid,600x450,600x450
IL_4396265,IL_4396265,/marimo/milk10k/MILK10k_Training_Input/IL_4396265/ISIC_0497849.jpg,/marimo/milk10k_train_masks/IL_4396265_dermoscopic_mask.png,0.39925185185185186,valid,600x450,600x450
IL_4396586,IL_4396586,/marimo/milk10k/MILK10k_Training_Input/IL_4396586/ISIC_8509634.jpg,/marimo/milk10k_train_masks/IL_4396586_dermoscopic_mask.png,0.31244814814814814,valid,600x450,600x450
IL_4400471,IL_4400471,/marimo/milk10k/MILK10k_Training_Input/IL_4400471/ISIC_3455310.jpg,/marimo/milk10k_train_masks/IL_4400471_dermoscopic_mask.png,0.4948296296296296,valid,600x450,600x450
IL_4402177,IL_4402177,/marimo/milk10k/MILK10k_Training_Input/IL_4402177/ISIC_2651140.jpg,/marimo/milk10k_train_masks/IL_4402177_dermoscopic_mask.png,0.48134814814814814,valid,600x450,600x450
IL_4402414,IL_4402414,/marimo/milk10k/MILK10k_Training_Input/IL_4402414/ISIC_6409368.jpg,/marimo/milk10k_train_masks/IL_4402414_dermoscopic_mask.png,0.07450740740740741,valid,600x450,600x450
IL_4402692,IL_4402692,/marimo/milk10k/MILK10k_Training_Input/IL_4402692/ISIC_6819573.jpg,/marimo/milk10k_train_masks/IL_4402692_dermoscopic_mask.png,0.22635185185185186,valid,600x450,600x450
IL_4403121,IL_4403121,/marimo/milk10k/MILK10k_Training_Input/IL_4403121/ISIC_5765413.jpg,/marimo/milk10k_train_masks/IL_4403121_dermoscopic_mask.png,0.3099222222222222,valid,600x450,600x450
IL_4404919,IL_4404919,/marimo/milk10k/MILK10k_Training_Input/IL_4404919/ISIC_6480143.jpg,/marimo/milk10k_train_masks/IL_4404919_dermoscopic_mask.png,0.5963925925925926,valid,600x450,600x450
IL_4405494,IL_4405494,/marimo/milk10k/MILK10k_Training_Input/IL_4405494/ISIC_9267796.jpg,/marimo/milk10k_train_masks/IL_4405494_dermoscopic_mask.png,0.5439148148148149,valid,600x450,600x450
IL_4406206,IL_4406206,/marimo/milk10k/MILK10k_Training_Input/IL_4406206/ISIC_5405039.jpg,/marimo/milk10k_train_masks/IL_4406206_dermoscopic_mask.png,0.6093111111111111,valid,600x450,600x450
IL_4407771,IL_4407771,/marimo/milk10k/MILK10k_Training_Input/IL_4407771/ISIC_5304804.jpg,/marimo/milk10k_train_masks/IL_4407771_dermoscopic_mask.png,0.37958888888888886,valid,600x450,600x450
IL_4410437,IL_4410437,/marimo/milk10k/MILK10k_Training_Input/IL_4410437/ISIC_8361691.jpg,/marimo/milk10k_train_masks/IL_4410437_dermoscopic_mask.png,0.4638925925925926,valid,600x450,600x450
IL_4414244,IL_4414244,/marimo/milk10k/MILK10k_Training_Input/IL_4414244/ISIC_9180642.jpg,/marimo/milk10k_train_masks/IL_4414244_dermoscopic_mask.png,0.2638740740740741,valid,600x450,600x450
IL_4415263,IL_4415263,/marimo/milk10k/MILK10k_Training_Input/IL_4415263/ISIC_4518133.jpg,/marimo/milk10k_train_masks/IL_4415263_dermoscopic_mask.png,0.15584444444444445,valid,600x450,600x450
IL_4416537,IL_4416537,/marimo/milk10k/MILK10k_Training_Input/IL_4416537/ISIC_6612848.jpg,/marimo/milk10k_train_masks/IL_4416537_dermoscopic_mask.png,0.255937037037037,valid,600x450,600x450
IL_4419075,IL_4419075,/marimo/milk10k/MILK10k_Training_Input/IL_4419075/ISIC_1800713.jpg,/marimo/milk10k_train_masks/IL_4419075_dermoscopic_mask.png,0.30561481481481484,valid,600x450,600x450
IL_4419234,IL_4419234,/marimo/milk10k/MILK10k_Training_Input/IL_4419234/ISIC_0934708.jpg,/marimo/milk10k_train_masks/IL_4419234_dermoscopic_mask.png,0.4452407407407407,valid,600x450,600x450
IL_4419793,IL_4419793,/marimo/milk10k/MILK10k_Training_Input/IL_4419793/ISIC_4686711.jpg,/marimo/milk10k_train_masks/IL_4419793_dermoscopic_mask.png,0.433,valid,600x450,600x450
IL_4420927,IL_4420927,/marimo/milk10k/MILK10k_Training_Input/IL_4420927/ISIC_9668892.jpg,/marimo/milk10k_train_masks/IL_4420927_dermoscopic_mask.png,0.3569259259259259,valid,600x450,600x450
IL_4421152,IL_4421152,/marimo/milk10k/MILK10k_Training_Input/IL_4421152/ISIC_9867644.jpg,/marimo/milk10k_train_masks/IL_4421152_dermoscopic_mask.png,0.08808148148148148,valid,600x450,600x450
IL_4421569,IL_4421569,/marimo/milk10k/MILK10k_Training_Input/IL_4421569/ISIC_2449691.jpg,/marimo/milk10k_train_masks/IL_4421569_dermoscopic_mask.png,0.16381851851851853,valid,600x450,600x450
IL_4425238,IL_4425238,/marimo/milk10k/MILK10k_Training_Input/IL_4425238/ISIC_9000883.jpg,/marimo/milk10k_train_masks/IL_4425238_dermoscopic_mask.png,0.4615296296296296,valid,600x450,600x450
IL_4429856,IL_4429856,/marimo/milk10k/MILK10k_Training_Input/IL_4429856/ISIC_3788301.jpg,/marimo/milk10k_train_masks/IL_4429856_dermoscopic_mask.png,0.12084814814814815,valid,600x450,600x450
IL_4429998,IL_4429998,/marimo/milk10k/MILK10k_Training_Input/IL_4429998/ISIC_8857322.jpg,/marimo/milk10k_train_masks/IL_4429998_dermoscopic_mask.png,0.2904259259259259,valid,600x450,600x450
IL_4430072,IL_4430072,/marimo/milk10k/MILK10k_Training_Input/IL_4430072/ISIC_4896910.jpg,/marimo/milk10k_train_masks/IL_4430072_dermoscopic_mask.png,0.4950333333333333,valid,600x450,600x450
IL_4432216,IL_4432216,/marimo/milk10k/MILK10k_Training_Input/IL_4432216/ISIC_6910330.jpg,/marimo/milk10k_train_masks/IL_4432216_dermoscopic_mask.png,0.4426185185185185,valid,600x450,600x450
IL_4436720,IL_4436720,/marimo/milk10k/MILK10k_Training_Input/IL_4436720/ISIC_1366649.jpg,/marimo/milk10k_train_masks/IL_4436720_dermoscopic_mask.png,0.3114,valid,600x450,600x450
IL_4438547,IL_4438547,/marimo/milk10k/MILK10k_Training_Input/IL_4438547/ISIC_0282454.jpg,/marimo/milk10k_train_masks/IL_4438547_dermoscopic_mask.png,0.30346666666666666,valid,600x450,600x450
IL_4439948,IL_4439948,/marimo/milk10k/MILK10k_Training_Input/IL_4439948/ISIC_8038352.jpg,/marimo/milk10k_train_masks/IL_4439948_dermoscopic_mask.png,0.10517037037037037,valid,600x450,600x450
IL_4441358,IL_4441358,/marimo/milk10k/MILK10k_Training_Input/IL_4441358/ISIC_5026774.jpg,/marimo/milk10k_train_masks/IL_4441358_dermoscopic_mask.png,0.22493703703703705,valid,600x450,600x450
IL_4444660,IL_4444660,/marimo/milk10k/MILK10k_Training_Input/IL_4444660/ISIC_3578286.jpg,/marimo/milk10k_train_masks/IL_4444660_dermoscopic_mask.png,0.5450222222222222,valid,600x450,600x450
IL_4446181,IL_4446181,/marimo/milk10k/MILK10k_Training_Input/IL_4446181/ISIC_7390977.jpg,/marimo/milk10k_train_masks/IL_4446181_dermoscopic_mask.png,0.6030851851851852,valid,600x450,600x450
IL_4446473,IL_4446473,/marimo/milk10k/MILK10k_Training_Input/IL_4446473/ISIC_6354001.jpg,/marimo/milk10k_train_masks/IL_4446473_dermoscopic_mask.png,0.3822962962962963,valid,600x450,600x450
IL_4448697,IL_4448697,/marimo/milk10k/MILK10k_Training_Input/IL_4448697/ISIC_7490723.jpg,/marimo/milk10k_train_masks/IL_4448697_dermoscopic_mask.png,0.6400666666666667,valid,600x450,600x450
IL_4452880,IL_4452880,/marimo/milk10k/MILK10k_Training_Input/IL_4452880/ISIC_9323438.jpg,/marimo/milk10k_train_masks/IL_4452880_dermoscopic_mask.png,0.39293333333333336,valid,600x450,600x450
IL_4453388,IL_4453388,/marimo/milk10k/MILK10k_Training_Input/IL_4453388/ISIC_7154038.jpg,/marimo/milk10k_train_masks/IL_4453388_dermoscopic_mask.png,0.5480222222222222,valid,600x450,600x450
IL_4453479,IL_4453479,/marimo/milk10k/MILK10k_Training_Input/IL_4453479/ISIC_3211877.jpg,/marimo/milk10k_train_masks/IL_4453479_dermoscopic_mask.png,0.31203703703703706,valid,600x450,600x450
IL_4454107,IL_4454107,/marimo/milk10k/MILK10k_Training_Input/IL_4454107/ISIC_4119665.jpg,/marimo/milk10k_train_masks/IL_4454107_dermoscopic_mask.png,0.11472962962962963,valid,600x450,600x450
IL_4455323,IL_4455323,/marimo/milk10k/MILK10k_Training_Input/IL_4455323/ISIC_3625335.jpg,/marimo/milk10k_train_masks/IL_4455323_dermoscopic_mask.png,0.5316,valid,600x450,600x450
IL_4456737,IL_4456737,/marimo/milk10k/MILK10k_Training_Input/IL_4456737/ISIC_0508714.jpg,/marimo/milk10k_train_masks/IL_4456737_dermoscopic_mask.png,0.559262962962963,valid,600x450,600x450
IL_4457515,IL_4457515,/marimo/milk10k/MILK10k_Training_Input/IL_4457515/ISIC_9945604.jpg,/marimo/milk10k_train_masks/IL_4457515_dermoscopic_mask.png,0.40657777777777776,valid,600x450,600x450
IL_4459235,IL_4459235,/marimo/milk10k/MILK10k_Training_Input/IL_4459235/ISIC_4943472.jpg,/marimo/milk10k_train_masks/IL_4459235_dermoscopic_mask.png,0.41674814814814815,valid,600x450,600x450
IL_4459414,IL_4459414,/marimo/milk10k/MILK10k_Training_Input/IL_4459414/ISIC_2353638.jpg,/marimo/milk10k_train_masks/IL_4459414_dermoscopic_mask.png,0.5740777777777778,valid,600x450,600x450
IL_4459990,IL_4459990,/marimo/milk10k/MILK10k_Training_Input/IL_4459990/ISIC_7379221.jpg,/marimo/milk10k_train_masks/IL_4459990_dermoscopic_mask.png,0.0,too_small,600x450,600x450
IL_4460896,IL_4460896,/marimo/milk10k/MILK10k_Training_Input/IL_4460896/ISIC_8455179.jpg,/marimo/milk10k_train_masks/IL_4460896_dermoscopic_mask.png,0.12914074074074075,valid,600x450,600x450
IL_4463388,IL_4463388,/marimo/milk10k/MILK10k_Training_Input/IL_4463388/ISIC_1482437.jpg,/marimo/milk10k_train_masks/IL_4463388_dermoscopic_mask.png,0.13371481481481481,valid,600x450,600x450
IL_4465213,IL_4465213,/marimo/milk10k/MILK10k_Training_Input/IL_4465213/ISIC_0461233.jpg,/marimo/milk10k_train_masks/IL_4465213_dermoscopic_mask.png,0.0764925925925926,valid,600x450,600x450
IL_4466294,IL_4466294,/marimo/milk10k/MILK10k_Training_Input/IL_4466294/ISIC_6588275.jpg,/marimo/milk10k_train_masks/IL_4466294_dermoscopic_mask.png,0.3013,valid,600x450,600x450
IL_4470686,IL_4470686,/marimo/milk10k/MILK10k_Training_Input/IL_4470686/ISIC_2090929.jpg,/marimo/milk10k_train_masks/IL_4470686_dermoscopic_mask.png,0.4160333333333333,valid,600x450,600x450
IL_4472583,IL_4472583,/marimo/milk10k/MILK10k_Training_Input/IL_4472583/ISIC_3422780.jpg,/marimo/milk10k_train_masks/IL_4472583_dermoscopic_mask.png,0.006381481481481482,too_small,600x450,600x450
IL_4476860,IL_4476860,/marimo/milk10k/MILK10k_Training_Input/IL_4476860/ISIC_5517161.jpg,/marimo/milk10k_train_masks/IL_4476860_dermoscopic_mask.png,0.29598148148148146,valid,600x450,600x450
IL_4478741,IL_4478741,/marimo/milk10k/MILK10k_Training_Input/IL_4478741/ISIC_1780213.jpg,/marimo/milk10k_train_masks/IL_4478741_dermoscopic_mask.png,0.1405925925925926,valid,600x450,600x450
IL_4484576,IL_4484576,/marimo/milk10k/MILK10k_Training_Input/IL_4484576/ISIC_2842565.jpg,/marimo/milk10k_train_masks/IL_4484576_dermoscopic_mask.png,0.3476851851851852,valid,600x450,600x450
IL_4486702,IL_4486702,/marimo/milk10k/MILK10k_Training_Input/IL_4486702/ISIC_4491028.jpg,/marimo/milk10k_train_masks/IL_4486702_dermoscopic_mask.png,0.22005555555555556,valid,600x450,600x450
IL_4491344,IL_4491344,/marimo/milk10k/MILK10k_Training_Input/IL_4491344/ISIC_2995621.jpg,/marimo/milk10k_train_masks/IL_4491344_dermoscopic_mask.png,0.45685555555555557,valid,600x450,600x450
IL_4491855,IL_4491855,/marimo/milk10k/MILK10k_Training_Input/IL_4491855/ISIC_8177696.jpg,/marimo/milk10k_train_masks/IL_4491855_dermoscopic_mask.png,0.10276666666666667,valid,600x450,600x450
IL_4494242,IL_4494242,/marimo/milk10k/MILK10k_Training_Input/IL_4494242/ISIC_9400150.jpg,/marimo/milk10k_train_masks/IL_4494242_dermoscopic_mask.png,0.5211444444444444,valid,600x450,600x450
IL_4498199,IL_4498199,/marimo/milk10k/MILK10k_Training_Input/IL_4498199/ISIC_9174580.jpg,/marimo/milk10k_train_masks/IL_4498199_dermoscopic_mask.png,0.2172185185185185,valid,600x450,600x450
IL_4499272,IL_4499272,/marimo/milk10k/MILK10k_Training_Input/IL_4499272/ISIC_6280109.jpg,/marimo/milk10k_train_masks/IL_4499272_dermoscopic_mask.png,0.21042962962962963,valid,600x450,600x450
IL_4500103,IL_4500103,/marimo/milk10k/MILK10k_Training_Input/IL_4500103/ISIC_8541956.jpg,/marimo/milk10k_train_masks/IL_4500103_dermoscopic_mask.png,0.08028148148148148,valid,600x450,600x450
IL_4500460,IL_4500460,/marimo/milk10k/MILK10k_Training_Input/IL_4500460/ISIC_8914963.jpg,/marimo/milk10k_train_masks/IL_4500460_dermoscopic_mask.png,0.47013333333333335,valid,600x450,600x450
IL_4504352,IL_4504352,/marimo/milk10k/MILK10k_Training_Input/IL_4504352/ISIC_2020975.jpg,/marimo/milk10k_train_masks/IL_4504352_dermoscopic_mask.png,0.3416222222222222,valid,600x450,600x450
IL_4504514,IL_4504514,/marimo/milk10k/MILK10k_Training_Input/IL_4504514/ISIC_9232517.jpg,/marimo/milk10k_train_masks/IL_4504514_dermoscopic_mask.png,0.2628,valid,600x450,600x450
IL_4505417,IL_4505417,/marimo/milk10k/MILK10k_Training_Input/IL_4505417/ISIC_3751292.jpg,/marimo/milk10k_train_masks/IL_4505417_dermoscopic_mask.png,0.4263814814814815,valid,600x450,600x450
IL_4507601,IL_4507601,/marimo/milk10k/MILK10k_Training_Input/IL_4507601/ISIC_9703510.jpg,/marimo/milk10k_train_masks/IL_4507601_dermoscopic_mask.png,0.11105925925925926,valid,600x450,600x450
IL_4508203,IL_4508203,/marimo/milk10k/MILK10k_Training_Input/IL_4508203/ISIC_4191930.jpg,/marimo/milk10k_train_masks/IL_4508203_dermoscopic_mask.png,0.26038518518518516,valid,600x450,600x450
IL_4511689,IL_4511689,/marimo/milk10k/MILK10k_Training_Input/IL_4511689/ISIC_5138441.jpg,/marimo/milk10k_train_masks/IL_4511689_dermoscopic_mask.png,0.5445296296296296,valid,600x450,600x450
IL_4512355,IL_4512355,/marimo/milk10k/MILK10k_Training_Input/IL_4512355/ISIC_7638974.jpg,/marimo/milk10k_train_masks/IL_4512355_dermoscopic_mask.png,0.2901851851851852,valid,600x450,600x450
IL_4514028,IL_4514028,/marimo/milk10k/MILK10k_Training_Input/IL_4514028/ISIC_0489440.jpg,/marimo/milk10k_train_masks/IL_4514028_dermoscopic_mask.png,0.38424444444444444,valid,600x450,600x450
IL_4514039,IL_4514039,/marimo/milk10k/MILK10k_Training_Input/IL_4514039/ISIC_6119517.jpg,/marimo/milk10k_train_masks/IL_4514039_dermoscopic_mask.png,0.21212962962962964,valid,600x450,600x450
IL_4516154,IL_4516154,/marimo/milk10k/MILK10k_Training_Input/IL_4516154/ISIC_6626242.jpg,/marimo/milk10k_train_masks/IL_4516154_dermoscopic_mask.png,0.1412037037037037,valid,600x450,600x450
IL_4517791,IL_4517791,/marimo/milk10k/MILK10k_Training_Input/IL_4517791/ISIC_2573194.jpg,/marimo/milk10k_train_masks/IL_4517791_dermoscopic_mask.png,0.49234074074074075,valid,600x450,600x450
IL_4519141,IL_4519141,/marimo/milk10k/MILK10k_Training_Input/IL_4519141/ISIC_5129541.jpg,/marimo/milk10k_train_masks/IL_4519141_dermoscopic_mask.png,0.3563148148148148,valid,600x450,600x450
IL_4522594,IL_4522594,/marimo/milk10k/MILK10k_Training_Input/IL_4522594/ISIC_3698441.jpg,/marimo/milk10k_train_masks/IL_4522594_dermoscopic_mask.png,0.3643296296296296,valid,600x450,600x450
IL_4524955,IL_4524955,/marimo/milk10k/MILK10k_Training_Input/IL_4524955/ISIC_4598786.jpg,/marimo/milk10k_train_masks/IL_4524955_dermoscopic_mask.png,0.18537407407407408,valid,600x450,600x450
IL_4528445,IL_4528445,/marimo/milk10k/MILK10k_Training_Input/IL_4528445/ISIC_1748084.jpg,/marimo/milk10k_train_masks/IL_4528445_dermoscopic_mask.png,0.1691777777777778,valid,600x450,600x450
IL_4530346,IL_4530346,/marimo/milk10k/MILK10k_Training_Input/IL_4530346/ISIC_4225552.jpg,/marimo/milk10k_train_masks/IL_4530346_dermoscopic_mask.png,0.36797407407407406,valid,600x450,600x450
IL_4534597,IL_4534597,/marimo/milk10k/MILK10k_Training_Input/IL_4534597/ISIC_8236388.jpg,/marimo/milk10k_train_masks/IL_4534597_dermoscopic_mask.png,0.2526888888888889,valid,600x450,600x450
IL_4537840,IL_4537840,/marimo/milk10k/MILK10k_Training_Input/IL_4537840/ISIC_2378919.jpg,/marimo/milk10k_train_masks/IL_4537840_dermoscopic_mask.png,0.35884814814814814,valid,600x450,600x450
IL_4538075,IL_4538075,/marimo/milk10k/MILK10k_Training_Input/IL_4538075/ISIC_0311394.jpg,/marimo/milk10k_train_masks/IL_4538075_dermoscopic_mask.png,0.18863333333333332,valid,600x450,600x450
IL_4541934,IL_4541934,/marimo/milk10k/MILK10k_Training_Input/IL_4541934/ISIC_5645559.jpg,/marimo/milk10k_train_masks/IL_4541934_dermoscopic_mask.png,0.1613074074074074,valid,600x450,600x450
IL_4545799,IL_4545799,/marimo/milk10k/MILK10k_Training_Input/IL_4545799/ISIC_4937672.jpg,/marimo/milk10k_train_masks/IL_4545799_dermoscopic_mask.png,0.6444037037037037,valid,600x450,600x450
IL_4547329,IL_4547329,/marimo/milk10k/MILK10k_Training_Input/IL_4547329/ISIC_8405549.jpg,/marimo/milk10k_train_masks/IL_4547329_dermoscopic_mask.png,0.41157037037037036,valid,600x450,600x450
IL_4547617,IL_4547617,/marimo/milk10k/MILK10k_Training_Input/IL_4547617/ISIC_6638137.jpg,/marimo/milk10k_train_masks/IL_4547617_dermoscopic_mask.png,0.48798148148148146,valid,600x450,600x450
IL_4551923,IL_4551923,/marimo/milk10k/MILK10k_Training_Input/IL_4551923/ISIC_5953692.jpg,/marimo/milk10k_train_masks/IL_4551923_dermoscopic_mask.png,0.4405296296296296,valid,600x450,600x450
IL_4551959,IL_4551959,/marimo/milk10k/MILK10k_Training_Input/IL_4551959/ISIC_6435029.jpg,/marimo/milk10k_train_masks/IL_4551959_dermoscopic_mask.png,0.6993037037037036,valid,600x450,600x450
IL_4557946,IL_4557946,/marimo/milk10k/MILK10k_Training_Input/IL_4557946/ISIC_6719081.jpg,/marimo/milk10k_train_masks/IL_4557946_dermoscopic_mask.png,0.5337703703703703,valid,600x450,600x450
IL_4561520,IL_4561520,/marimo/milk10k/MILK10k_Training_Input/IL_4561520/ISIC_0342710.jpg,/marimo/milk10k_train_masks/IL_4561520_dermoscopic_mask.png,0.6805888888888889,valid,600x450,600x450
IL_4563255,IL_4563255,/marimo/milk10k/MILK10k_Training_Input/IL_4563255/ISIC_7812529.jpg,/marimo/milk10k_train_masks/IL_4563255_dermoscopic_mask.png,0.5831333333333333,valid,600x450,600x450
IL_4563782,IL_4563782,/marimo/milk10k/MILK10k_Training_Input/IL_4563782/ISIC_2340945.jpg,/marimo/milk10k_train_masks/IL_4563782_dermoscopic_mask.png,0.5574851851851852,valid,600x450,600x450
IL_4563820,IL_4563820,/marimo/milk10k/MILK10k_Training_Input/IL_4563820/ISIC_4091460.jpg,/marimo/milk10k_train_masks/IL_4563820_dermoscopic_mask.png,0.06655555555555556,valid,600x450,600x450
IL_4564501,IL_4564501,/marimo/milk10k/MILK10k_Training_Input/IL_4564501/ISIC_3825515.jpg,/marimo/milk10k_train_masks/IL_4564501_dermoscopic_mask.png,0.08184074074074074,valid,600x450,600x450
IL_4566979,IL_4566979,/marimo/milk10k/MILK10k_Training_Input/IL_4566979/ISIC_1279315.jpg,/marimo/milk10k_train_masks/IL_4566979_dermoscopic_mask.png,0.39163333333333333,valid,600x450,600x450
IL_4567076,IL_4567076,/marimo/milk10k/MILK10k_Training_Input/IL_4567076/ISIC_1042270.jpg,/marimo/milk10k_train_masks/IL_4567076_dermoscopic_mask.png,0.3666888888888889,valid,600x450,600x450
IL_4571173,IL_4571173,/marimo/milk10k/MILK10k_Training_Input/IL_4571173/ISIC_6904950.jpg,/marimo/milk10k_train_masks/IL_4571173_dermoscopic_mask.png,0.7206148148148148,valid,600x450,600x450
IL_4571566,IL_4571566,/marimo/milk10k/MILK10k_Training_Input/IL_4571566/ISIC_3826101.jpg,/marimo/milk10k_train_masks/IL_4571566_dermoscopic_mask.png,0.34696666666666665,valid,600x450,600x450
IL_4571901,IL_4571901,/marimo/milk10k/MILK10k_Training_Input/IL_4571901/ISIC_2011159.jpg,/marimo/milk10k_train_masks/IL_4571901_dermoscopic_mask.png,0.17306666666666667,valid,600x450,600x450
IL_4575462,IL_4575462,/marimo/milk10k/MILK10k_Training_Input/IL_4575462/ISIC_2384953.jpg,/marimo/milk10k_train_masks/IL_4575462_dermoscopic_mask.png,0.33215925925925927,valid,600x450,600x450
IL_4576519,IL_4576519,/marimo/milk10k/MILK10k_Training_Input/IL_4576519/ISIC_0857448.jpg,/marimo/milk10k_train_masks/IL_4576519_dermoscopic_mask.png,0.03627407407407408,valid,600x450,600x450
IL_4577281,IL_4577281,/marimo/milk10k/MILK10k_Training_Input/IL_4577281/ISIC_1549163.jpg,/marimo/milk10k_train_masks/IL_4577281_dermoscopic_mask.png,0.12296666666666667,valid,600x450,600x450
IL_4580726,IL_4580726,/marimo/milk10k/MILK10k_Training_Input/IL_4580726/ISIC_1947192.jpg,/marimo/milk10k_train_masks/IL_4580726_dermoscopic_mask.png,0.5511074074074074,valid,600x450,600x450
IL_4581258,IL_4581258,/marimo/milk10k/MILK10k_Training_Input/IL_4581258/ISIC_5666984.jpg,/marimo/milk10k_train_masks/IL_4581258_dermoscopic_mask.png,0.09278888888888889,valid,600x450,600x450
IL_4581879,IL_4581879,/marimo/milk10k/MILK10k_Training_Input/IL_4581879/ISIC_3173642.jpg,/marimo/milk10k_train_masks/IL_4581879_dermoscopic_mask.png,0.30405925925925925,valid,600x450,600x450
IL_4582697,IL_4582697,/marimo/milk10k/MILK10k_Training_Input/IL_4582697/ISIC_8693307.jpg,/marimo/milk10k_train_masks/IL_4582697_dermoscopic_mask.png,0.7217814814814815,valid,600x450,600x450
IL_4585306,IL_4585306,/marimo/milk10k/MILK10k_Training_Input/IL_4585306/ISIC_1658566.jpg,/marimo/milk10k_train_masks/IL_4585306_dermoscopic_mask.png,0.0903888888888889,valid,600x450,600x450
IL_4588055,IL_4588055,/marimo/milk10k/MILK10k_Training_Input/IL_4588055/ISIC_9581647.jpg,/marimo/milk10k_train_masks/IL_4588055_dermoscopic_mask.png,0.32456296296296294,valid,600x450,600x450
IL_4591164,IL_4591164,/marimo/milk10k/MILK10k_Training_Input/IL_4591164/ISIC_3727371.jpg,/marimo/milk10k_train_masks/IL_4591164_dermoscopic_mask.png,0.6604592592592593,valid,600x450,600x450
IL_4591781,IL_4591781,/marimo/milk10k/MILK10k_Training_Input/IL_4591781/ISIC_6042297.jpg,/marimo/milk10k_train_masks/IL_4591781_dermoscopic_mask.png,0.08194444444444444,valid,600x450,600x450
IL_4597676,IL_4597676,/marimo/milk10k/MILK10k_Training_Input/IL_4597676/ISIC_1807060.jpg,/marimo/milk10k_train_masks/IL_4597676_dermoscopic_mask.png,0.16914814814814816,valid,600x450,600x450
IL_4600654,IL_4600654,/marimo/milk10k/MILK10k_Training_Input/IL_4600654/ISIC_3729865.jpg,/marimo/milk10k_train_masks/IL_4600654_dermoscopic_mask.png,0.17657407407407408,valid,600x450,600x450
IL_4601924,IL_4601924,/marimo/milk10k/MILK10k_Training_Input/IL_4601924/ISIC_3631653.jpg,/marimo/milk10k_train_masks/IL_4601924_dermoscopic_mask.png,0.0,too_small,600x450,600x450
IL_4609095,IL_4609095,/marimo/milk10k/MILK10k_Training_Input/IL_4609095/ISIC_3666002.jpg,/marimo/milk10k_train_masks/IL_4609095_dermoscopic_mask.png,0.4759407407407407,valid,600x450,600x450
IL_4609448,IL_4609448,/marimo/milk10k/MILK10k_Training_Input/IL_4609448/ISIC_1675475.jpg,/marimo/milk10k_train_masks/IL_4609448_dermoscopic_mask.png,0.37915185185185185,valid,600x450,600x450
IL_4610207,IL_4610207,/marimo/milk10k/MILK10k_Training_Input/IL_4610207/ISIC_9674469.jpg,/marimo/milk10k_train_masks/IL_4610207_dermoscopic_mask.png,0.3004074074074074,valid,600x450,600x450
IL_4610618,IL_4610618,/marimo/milk10k/MILK10k_Training_Input/IL_4610618/ISIC_8469156.jpg,/marimo/milk10k_train_masks/IL_4610618_dermoscopic_mask.png,0.5432111111111111,valid,600x450,600x450
IL_4613455,IL_4613455,/marimo/milk10k/MILK10k_Training_Input/IL_4613455/ISIC_2410902.jpg,/marimo/milk10k_train_masks/IL_4613455_dermoscopic_mask.png,0.13147037037037038,valid,600x450,600x450
IL_4614364,IL_4614364,/marimo/milk10k/MILK10k_Training_Input/IL_4614364/ISIC_7382992.jpg,/marimo/milk10k_train_masks/IL_4614364_dermoscopic_mask.png,0.3219592592592593,valid,600x450,600x450
IL_4615108,IL_4615108,/marimo/milk10k/MILK10k_Training_Input/IL_4615108/ISIC_6952094.jpg,/marimo/milk10k_train_masks/IL_4615108_dermoscopic_mask.png,0.2830814814814815,valid,600x450,600x450
IL_4615374,IL_4615374,/marimo/milk10k/MILK10k_Training_Input/IL_4615374/ISIC_8746170.jpg,/marimo/milk10k_train_masks/IL_4615374_dermoscopic_mask.png,0.36305185185185185,valid,600x450,600x450
IL_4618514,IL_4618514,/marimo/milk10k/MILK10k_Training_Input/IL_4618514/ISIC_2812513.jpg,/marimo/milk10k_train_masks/IL_4618514_dermoscopic_mask.png,0.8633703703703703,valid,600x450,600x450
IL_4621496,IL_4621496,/marimo/milk10k/MILK10k_Training_Input/IL_4621496/ISIC_1219190.jpg,/marimo/milk10k_train_masks/IL_4621496_dermoscopic_mask.png,0.44832962962962963,valid,600x450,600x450
IL_4624720,IL_4624720,/marimo/milk10k/MILK10k_Training_Input/IL_4624720/ISIC_3354653.jpg,/marimo/milk10k_train_masks/IL_4624720_dermoscopic_mask.png,0.5832925925925926,valid,600x450,600x450
IL_4628159,IL_4628159,/marimo/milk10k/MILK10k_Training_Input/IL_4628159/ISIC_9881436.jpg,/marimo/milk10k_train_masks/IL_4628159_dermoscopic_mask.png,0.5625407407407408,valid,600x450,600x450
IL_4628367,IL_4628367,/marimo/milk10k/MILK10k_Training_Input/IL_4628367/ISIC_7451958.jpg,/marimo/milk10k_train_masks/IL_4628367_dermoscopic_mask.png,0.19895185185185185,valid,600x450,600x450
IL_4629787,IL_4629787,/marimo/milk10k/MILK10k_Training_Input/IL_4629787/ISIC_5501634.jpg,/marimo/milk10k_train_masks/IL_4629787_dermoscopic_mask.png,0.3289592592592593,valid,600x450,600x450
IL_4630533,IL_4630533,/marimo/milk10k/MILK10k_Training_Input/IL_4630533/ISIC_5156395.jpg,/marimo/milk10k_train_masks/IL_4630533_dermoscopic_mask.png,0.22598518518518518,valid,600x450,600x450
IL_4635992,IL_4635992,/marimo/milk10k/MILK10k_Training_Input/IL_4635992/ISIC_7982443.jpg,/marimo/milk10k_train_masks/IL_4635992_dermoscopic_mask.png,0.17564814814814814,valid,600x450,600x450
IL_4638658,IL_4638658,/marimo/milk10k/MILK10k_Training_Input/IL_4638658/ISIC_1029279.jpg,/marimo/milk10k_train_masks/IL_4638658_dermoscopic_mask.png,0.6622740740740741,valid,600x450,600x450
IL_4639886,IL_4639886,/marimo/milk10k/MILK10k_Training_Input/IL_4639886/ISIC_3302174.jpg,/marimo/milk10k_train_masks/IL_4639886_dermoscopic_mask.png,0.4370074074074074,valid,600x450,600x450
IL_4639919,IL_4639919,/marimo/milk10k/MILK10k_Training_Input/IL_4639919/ISIC_8021491.jpg,/marimo/milk10k_train_masks/IL_4639919_dermoscopic_mask.png,0.029985185185185184,valid,600x450,600x450
IL_4641417,IL_4641417,/marimo/milk10k/MILK10k_Training_Input/IL_4641417/ISIC_2897284.jpg,/marimo/milk10k_train_masks/IL_4641417_dermoscopic_mask.png,0.03724074074074074,valid,600x450,600x450
IL_4641431,IL_4641431,/marimo/milk10k/MILK10k_Training_Input/IL_4641431/ISIC_4794413.jpg,/marimo/milk10k_train_masks/IL_4641431_dermoscopic_mask.png,0.422962962962963,valid,600x450,600x450
IL_4642030,IL_4642030,/marimo/milk10k/MILK10k_Training_Input/IL_4642030/ISIC_4141476.jpg,/marimo/milk10k_train_masks/IL_4642030_dermoscopic_mask.png,0.2778814814814815,valid,600x450,600x450
IL_4642532,IL_4642532,/marimo/milk10k/MILK10k_Training_Input/IL_4642532/ISIC_8695042.jpg,/marimo/milk10k_train_masks/IL_4642532_dermoscopic_mask.png,0.19664814814814816,valid,600x450,600x450
IL_4644252,IL_4644252,/marimo/milk10k/MILK10k_Training_Input/IL_4644252/ISIC_3033732.jpg,/marimo/milk10k_train_masks/IL_4644252_dermoscopic_mask.png,0.3576925925925926,valid,600x450,600x450
IL_4645849,IL_4645849,/marimo/milk10k/MILK10k_Training_Input/IL_4645849/ISIC_0265421.jpg,/marimo/milk10k_train_masks/IL_4645849_dermoscopic_mask.png,0.17987777777777778,valid,600x450,600x450
IL_4647036,IL_4647036,/marimo/milk10k/MILK10k_Training_Input/IL_4647036/ISIC_9738040.jpg,/marimo/milk10k_train_masks/IL_4647036_dermoscopic_mask.png,0.22948148148148148,valid,600x450,600x450
IL_4647255,IL_4647255,/marimo/milk10k/MILK10k_Training_Input/IL_4647255/ISIC_4984773.jpg,/marimo/milk10k_train_masks/IL_4647255_dermoscopic_mask.png,0.4662851851851852,valid,600x450,600x450
IL_4652077,IL_4652077,/marimo/milk10k/MILK10k_Training_Input/IL_4652077/ISIC_0103392.jpg,/marimo/milk10k_train_masks/IL_4652077_dermoscopic_mask.png,0.3617851851851852,valid,600x450,600x450
IL_4652150,IL_4652150,/marimo/milk10k/MILK10k_Training_Input/IL_4652150/ISIC_0350483.jpg,/marimo/milk10k_train_masks/IL_4652150_dermoscopic_mask.png,0.641962962962963,valid,600x450,600x450
IL_4653785,IL_4653785,/marimo/milk10k/MILK10k_Training_Input/IL_4653785/ISIC_3931577.jpg,/marimo/milk10k_train_masks/IL_4653785_dermoscopic_mask.png,0.5268814814814815,valid,600x450,600x450
IL_4656673,IL_4656673,/marimo/milk10k/MILK10k_Training_Input/IL_4656673/ISIC_1840506.jpg,/marimo/milk10k_train_masks/IL_4656673_dermoscopic_mask.png,0.0844,valid,600x450,600x450
IL_4658276,IL_4658276,/marimo/milk10k/MILK10k_Training_Input/IL_4658276/ISIC_5498094.jpg,/marimo/milk10k_train_masks/IL_4658276_dermoscopic_mask.png,0.1398962962962963,valid,600x450,600x450
IL_4663094,IL_4663094,/marimo/milk10k/MILK10k_Training_Input/IL_4663094/ISIC_0613695.jpg,/marimo/milk10k_train_masks/IL_4663094_dermoscopic_mask.png,0.3411148148148148,valid,600x450,600x450
IL_4667770,IL_4667770,/marimo/milk10k/MILK10k_Training_Input/IL_4667770/ISIC_4308587.jpg,/marimo/milk10k_train_masks/IL_4667770_dermoscopic_mask.png,0.4469074074074074,valid,600x450,600x450
IL_4668896,IL_4668896,/marimo/milk10k/MILK10k_Training_Input/IL_4668896/ISIC_6895079.jpg,/marimo/milk10k_train_masks/IL_4668896_dermoscopic_mask.png,0.2498037037037037,valid,600x450,600x450
IL_4674217,IL_4674217,/marimo/milk10k/MILK10k_Training_Input/IL_4674217/ISIC_2973033.jpg,/marimo/milk10k_train_masks/IL_4674217_dermoscopic_mask.png,0.4001851851851852,valid,600x450,600x450
IL_4676732,IL_4676732,/marimo/milk10k/MILK10k_Training_Input/IL_4676732/ISIC_3661670.jpg,/marimo/milk10k_train_masks/IL_4676732_dermoscopic_mask.png,0.053877777777777774,valid,600x450,600x450
IL_4677643,IL_4677643,/marimo/milk10k/MILK10k_Training_Input/IL_4677643/ISIC_0758142.jpg,/marimo/milk10k_train_masks/IL_4677643_dermoscopic_mask.png,0.5180444444444444,valid,600x450,600x450
IL_4681416,IL_4681416,/marimo/milk10k/MILK10k_Training_Input/IL_4681416/ISIC_6842250.jpg,/marimo/milk10k_train_masks/IL_4681416_dermoscopic_mask.png,0.509325925925926,valid,600x450,600x450
IL_4682243,IL_4682243,/marimo/milk10k/MILK10k_Training_Input/IL_4682243/ISIC_6418734.jpg,/marimo/milk10k_train_masks/IL_4682243_dermoscopic_mask.png,0.2643333333333333,valid,600x450,600x450
IL_4682786,IL_4682786,/marimo/milk10k/MILK10k_Training_Input/IL_4682786/ISIC_2464952.jpg,/marimo/milk10k_train_masks/IL_4682786_dermoscopic_mask.png,0.5906296296296296,valid,600x450,600x450
IL_4686156,IL_4686156,/marimo/milk10k/MILK10k_Training_Input/IL_4686156/ISIC_3014842.jpg,/marimo/milk10k_train_masks/IL_4686156_dermoscopic_mask.png,0.42816296296296297,valid,600x450,600x450
IL_4686561,IL_4686561,/marimo/milk10k/MILK10k_Training_Input/IL_4686561/ISIC_7226778.jpg,/marimo/milk10k_train_masks/IL_4686561_dermoscopic_mask.png,0.2005,valid,600x450,600x450
IL_4686563,IL_4686563,/marimo/milk10k/MILK10k_Training_Input/IL_4686563/ISIC_0089407.jpg,/marimo/milk10k_train_masks/IL_4686563_dermoscopic_mask.png,0.3912888888888889,valid,600x450,600x450
IL_4687032,IL_4687032,/marimo/milk10k/MILK10k_Training_Input/IL_4687032/ISIC_1460320.jpg,/marimo/milk10k_train_masks/IL_4687032_dermoscopic_mask.png,0.6312222222222222,valid,600x450,600x450
IL_4688122,IL_4688122,/marimo/milk10k/MILK10k_Training_Input/IL_4688122/ISIC_2700220.jpg,/marimo/milk10k_train_masks/IL_4688122_dermoscopic_mask.png,0.02745925925925926,valid,600x450,600x450
IL_4689062,IL_4689062,/marimo/milk10k/MILK10k_Training_Input/IL_4689062/ISIC_8662550.jpg,/marimo/milk10k_train_masks/IL_4689062_dermoscopic_mask.png,0.41914444444444443,valid,600x450,600x450
IL_4689658,IL_4689658,/marimo/milk10k/MILK10k_Training_Input/IL_4689658/ISIC_1070964.jpg,/marimo/milk10k_train_masks/IL_4689658_dermoscopic_mask.png,0.6155518518518519,valid,600x450,600x450
IL_4692190,IL_4692190,/marimo/milk10k/MILK10k_Training_Input/IL_4692190/ISIC_0796805.jpg,/marimo/milk10k_train_masks/IL_4692190_dermoscopic_mask.png,0.6393333333333333,valid,600x450,600x450
IL_4692859,IL_4692859,/marimo/milk10k/MILK10k_Training_Input/IL_4692859/ISIC_3722799.jpg,/marimo/milk10k_train_masks/IL_4692859_dermoscopic_mask.png,0.5371111111111111,valid,600x450,600x450
IL_4693876,IL_4693876,/marimo/milk10k/MILK10k_Training_Input/IL_4693876/ISIC_9392626.jpg,/marimo/milk10k_train_masks/IL_4693876_dermoscopic_mask.png,0.3806074074074074,valid,600x450,600x450
IL_4696609,IL_4696609,/marimo/milk10k/MILK10k_Training_Input/IL_4696609/ISIC_7146069.jpg,/marimo/milk10k_train_masks/IL_4696609_dermoscopic_mask.png,0.6205185185185185,valid,600x450,600x450
IL_4700992,IL_4700992,/marimo/milk10k/MILK10k_Training_Input/IL_4700992/ISIC_9905593.jpg,/marimo/milk10k_train_masks/IL_4700992_dermoscopic_mask.png,0.2728703703703704,valid,600x450,600x450
IL_4701281,IL_4701281,/marimo/milk10k/MILK10k_Training_Input/IL_4701281/ISIC_2989365.jpg,/marimo/milk10k_train_masks/IL_4701281_dermoscopic_mask.png,0.31907407407407407,valid,600x450,600x450
IL_4702219,IL_4702219,/marimo/milk10k/MILK10k_Training_Input/IL_4702219/ISIC_9820266.jpg,/marimo/milk10k_train_masks/IL_4702219_dermoscopic_mask.png,0.5068148148148148,valid,600x450,600x450
IL_4703857,IL_4703857,/marimo/milk10k/MILK10k_Training_Input/IL_4703857/ISIC_6098668.jpg,/marimo/milk10k_train_masks/IL_4703857_dermoscopic_mask.png,0.3314111111111111,valid,600x450,600x450
IL_4705970,IL_4705970,/marimo/milk10k/MILK10k_Training_Input/IL_4705970/ISIC_7546221.jpg,/marimo/milk10k_train_masks/IL_4705970_dermoscopic_mask.png,0.26722962962962965,valid,600x450,600x450
IL_4706482,IL_4706482,/marimo/milk10k/MILK10k_Training_Input/IL_4706482/ISIC_8435693.jpg,/marimo/milk10k_train_masks/IL_4706482_dermoscopic_mask.png,0.13472592592592592,valid,600x450,600x450
IL_4706609,IL_4706609,/marimo/milk10k/MILK10k_Training_Input/IL_4706609/ISIC_5042253.jpg,/marimo/milk10k_train_masks/IL_4706609_dermoscopic_mask.png,0.5234148148148148,valid,600x450,600x450
IL_4708649,IL_4708649,/marimo/milk10k/MILK10k_Training_Input/IL_4708649/ISIC_2337700.jpg,/marimo/milk10k_train_masks/IL_4708649_dermoscopic_mask.png,0.46545555555555557,valid,600x450,600x450
IL_4708897,IL_4708897,/marimo/milk10k/MILK10k_Training_Input/IL_4708897/ISIC_3791559.jpg,/marimo/milk10k_train_masks/IL_4708897_dermoscopic_mask.png,0.5014555555555555,valid,600x450,600x450
IL_4711220,IL_4711220,/marimo/milk10k/MILK10k_Training_Input/IL_4711220/ISIC_0424213.jpg,/marimo/milk10k_train_masks/IL_4711220_dermoscopic_mask.png,0.348962962962963,valid,600x450,600x450
IL_4713878,IL_4713878,/marimo/milk10k/MILK10k_Training_Input/IL_4713878/ISIC_5835110.jpg,/marimo/milk10k_train_masks/IL_4713878_dermoscopic_mask.png,0.3592148148148148,valid,600x450,600x450
IL_4713984,IL_4713984,/marimo/milk10k/MILK10k_Training_Input/IL_4713984/ISIC_2475811.jpg,/marimo/milk10k_train_masks/IL_4713984_dermoscopic_mask.png,0.2293814814814815,valid,600x450,600x450
IL_4715886,IL_4715886,/marimo/milk10k/MILK10k_Training_Input/IL_4715886/ISIC_6818303.jpg,/marimo/milk10k_train_masks/IL_4715886_dermoscopic_mask.png,0.33054814814814815,valid,600x450,600x450
IL_4720043,IL_4720043,/marimo/milk10k/MILK10k_Training_Input/IL_4720043/ISIC_4552372.jpg,/marimo/milk10k_train_masks/IL_4720043_dermoscopic_mask.png,0.1476148148148148,valid,600x450,600x450
IL_4721897,IL_4721897,/marimo/milk10k/MILK10k_Training_Input/IL_4721897/ISIC_5276989.jpg,/marimo/milk10k_train_masks/IL_4721897_dermoscopic_mask.png,0.23452222222222222,valid,600x450,600x450
IL_4726113,IL_4726113,/marimo/milk10k/MILK10k_Training_Input/IL_4726113/ISIC_0865713.jpg,/marimo/milk10k_train_masks/IL_4726113_dermoscopic_mask.png,0.45189259259259257,valid,600x450,600x450
IL_4729044,IL_4729044,/marimo/milk10k/MILK10k_Training_Input/IL_4729044/ISIC_7541188.jpg,/marimo/milk10k_train_masks/IL_4729044_dermoscopic_mask.png,0.5275407407407408,valid,600x450,600x450
IL_4730511,IL_4730511,/marimo/milk10k/MILK10k_Training_Input/IL_4730511/ISIC_3591898.jpg,/marimo/milk10k_train_masks/IL_4730511_dermoscopic_mask.png,0.01565185185185185,valid,600x450,600x450
IL_4732001,IL_4732001,/marimo/milk10k/MILK10k_Training_Input/IL_4732001/ISIC_0838227.jpg,/marimo/milk10k_train_masks/IL_4732001_dermoscopic_mask.png,0.5437296296296297,valid,600x450,600x450
IL_4732392,IL_4732392,/marimo/milk10k/MILK10k_Training_Input/IL_4732392/ISIC_6788333.jpg,/marimo/milk10k_train_masks/IL_4732392_dermoscopic_mask.png,0.05581851851851852,valid,600x450,600x450
IL_4734157,IL_4734157,/marimo/milk10k/MILK10k_Training_Input/IL_4734157/ISIC_8405809.jpg,/marimo/milk10k_train_masks/IL_4734157_dermoscopic_mask.png,0.2316814814814815,valid,600x450,600x450
IL_4737161,IL_4737161,/marimo/milk10k/MILK10k_Training_Input/IL_4737161/ISIC_7138580.jpg,/marimo/milk10k_train_masks/IL_4737161_dermoscopic_mask.png,0.5173185185185185,valid,600x450,600x450
IL_4739106,IL_4739106,/marimo/milk10k/MILK10k_Training_Input/IL_4739106/ISIC_7018101.jpg,/marimo/milk10k_train_masks/IL_4739106_dermoscopic_mask.png,0.24368518518518517,valid,600x450,600x450
IL_4740973,IL_4740973,/marimo/milk10k/MILK10k_Training_Input/IL_4740973/ISIC_4329801.jpg,/marimo/milk10k_train_masks/IL_4740973_dermoscopic_mask.png,0.31875555555555557,valid,600x450,600x450
IL_4742005,IL_4742005,/marimo/milk10k/MILK10k_Training_Input/IL_4742005/ISIC_9683086.jpg,/marimo/milk10k_train_masks/IL_4742005_dermoscopic_mask.png,0.33365555555555554,valid,600x450,600x450
IL_4742371,IL_4742371,/marimo/milk10k/MILK10k_Training_Input/IL_4742371/ISIC_1139673.jpg,/marimo/milk10k_train_masks/IL_4742371_dermoscopic_mask.png,0.6219259259259259,valid,600x450,600x450
IL_4744956,IL_4744956,/marimo/milk10k/MILK10k_Training_Input/IL_4744956/ISIC_2741156.jpg,/marimo/milk10k_train_masks/IL_4744956_dermoscopic_mask.png,0.2073888888888889,valid,600x450,600x450
IL_4745332,IL_4745332,/marimo/milk10k/MILK10k_Training_Input/IL_4745332/ISIC_7367155.jpg,/marimo/milk10k_train_masks/IL_4745332_dermoscopic_mask.png,0.3458962962962963,valid,600x450,600x450
IL_4747873,IL_4747873,/marimo/milk10k/MILK10k_Training_Input/IL_4747873/ISIC_9314416.jpg,/marimo/milk10k_train_masks/IL_4747873_dermoscopic_mask.png,0.14996666666666666,valid,600x450,600x450
IL_4748724,IL_4748724,/marimo/milk10k/MILK10k_Training_Input/IL_4748724/ISIC_1302258.jpg,/marimo/milk10k_train_masks/IL_4748724_dermoscopic_mask.png,0.44024814814814817,valid,600x450,600x450
IL_4749815,IL_4749815,/marimo/milk10k/MILK10k_Training_Input/IL_4749815/ISIC_2484661.jpg,/marimo/milk10k_train_masks/IL_4749815_dermoscopic_mask.png,0.2981037037037037,valid,600x450,600x450
IL_4752808,IL_4752808,/marimo/milk10k/MILK10k_Training_Input/IL_4752808/ISIC_3853000.jpg,/marimo/milk10k_train_masks/IL_4752808_dermoscopic_mask.png,0.3552148148148148,valid,600x450,600x450
IL_4755561,IL_4755561,/marimo/milk10k/MILK10k_Training_Input/IL_4755561/ISIC_4174672.jpg,/marimo/milk10k_train_masks/IL_4755561_dermoscopic_mask.png,0.056933333333333336,valid,600x450,600x450
IL_4756008,IL_4756008,/marimo/milk10k/MILK10k_Training_Input/IL_4756008/ISIC_2686432.jpg,/marimo/milk10k_train_masks/IL_4756008_dermoscopic_mask.png,0.5099444444444444,valid,600x450,600x450
IL_4756985,IL_4756985,/marimo/milk10k/MILK10k_Training_Input/IL_4756985/ISIC_3705158.jpg,/marimo/milk10k_train_masks/IL_4756985_dermoscopic_mask.png,0.1270148148148148,valid,600x450,600x450
IL_4757654,IL_4757654,/marimo/milk10k/MILK10k_Training_Input/IL_4757654/ISIC_7144571.jpg,/marimo/milk10k_train_masks/IL_4757654_dermoscopic_mask.png,0.6182111111111112,valid,600x450,600x450
IL_4765483,IL_4765483,/marimo/milk10k/MILK10k_Training_Input/IL_4765483/ISIC_8332020.jpg,/marimo/milk10k_train_masks/IL_4765483_dermoscopic_mask.png,0.24968148148148148,valid,600x450,600x450
IL_4768081,IL_4768081,/marimo/milk10k/MILK10k_Training_Input/IL_4768081/ISIC_3836510.jpg,/marimo/milk10k_train_masks/IL_4768081_dermoscopic_mask.png,0.28942222222222225,valid,600x450,600x450
IL_4768101,IL_4768101,/marimo/milk10k/MILK10k_Training_Input/IL_4768101/ISIC_6164551.jpg,/marimo/milk10k_train_masks/IL_4768101_dermoscopic_mask.png,0.5849703703703704,valid,600x450,600x450
IL_4769652,IL_4769652,/marimo/milk10k/MILK10k_Training_Input/IL_4769652/ISIC_7718206.jpg,/marimo/milk10k_train_masks/IL_4769652_dermoscopic_mask.png,0.5411814814814815,valid,600x450,600x450
IL_4777060,IL_4777060,/marimo/milk10k/MILK10k_Training_Input/IL_4777060/ISIC_0370218.jpg,/marimo/milk10k_train_masks/IL_4777060_dermoscopic_mask.png,0.04061851851851852,valid,600x450,600x450
IL_4777292,IL_4777292,/marimo/milk10k/MILK10k_Training_Input/IL_4777292/ISIC_4454419.jpg,/marimo/milk10k_train_masks/IL_4777292_dermoscopic_mask.png,0.13022962962962964,valid,600x450,600x450
IL_4779406,IL_4779406,/marimo/milk10k/MILK10k_Training_Input/IL_4779406/ISIC_6104937.jpg,/marimo/milk10k_train_masks/IL_4779406_dermoscopic_mask.png,0.07917777777777778,valid,600x450,600x450
IL_4781564,IL_4781564,/marimo/milk10k/MILK10k_Training_Input/IL_4781564/ISIC_6884836.jpg,/marimo/milk10k_train_masks/IL_4781564_dermoscopic_mask.png,0.1974037037037037,valid,600x450,600x450
IL_4781957,IL_4781957,/marimo/milk10k/MILK10k_Training_Input/IL_4781957/ISIC_0591696.jpg,/marimo/milk10k_train_masks/IL_4781957_dermoscopic_mask.png,0.39857777777777775,valid,600x450,600x450
IL_4782455,IL_4782455,/marimo/milk10k/MILK10k_Training_Input/IL_4782455/ISIC_9521421.jpg,/marimo/milk10k_train_masks/IL_4782455_dermoscopic_mask.png,0.6012814814814815,valid,600x450,600x450
IL_4783389,IL_4783389,/marimo/milk10k/MILK10k_Training_Input/IL_4783389/ISIC_2591258.jpg,/marimo/milk10k_train_masks/IL_4783389_dermoscopic_mask.png,0.6440888888888889,valid,600x450,600x450
IL_4785654,IL_4785654,/marimo/milk10k/MILK10k_Training_Input/IL_4785654/ISIC_5614068.jpg,/marimo/milk10k_train_masks/IL_4785654_dermoscopic_mask.png,0.3378407407407407,valid,600x450,600x450
IL_4790851,IL_4790851,/marimo/milk10k/MILK10k_Training_Input/IL_4790851/ISIC_1446565.jpg,/marimo/milk10k_train_masks/IL_4790851_dermoscopic_mask.png,0.9655148148148148,valid,600x450,600x450
IL_4790856,IL_4790856,/marimo/milk10k/MILK10k_Training_Input/IL_4790856/ISIC_3384621.jpg,/marimo/milk10k_train_masks/IL_4790856_dermoscopic_mask.png,0.4215333333333333,valid,600x450,600x450
IL_4791300,IL_4791300,/marimo/milk10k/MILK10k_Training_Input/IL_4791300/ISIC_5763228.jpg,/marimo/milk10k_train_masks/IL_4791300_dermoscopic_mask.png,0.25773703703703704,valid,600x450,600x450
IL_4793144,IL_4793144,/marimo/milk10k/MILK10k_Training_Input/IL_4793144/ISIC_1307470.jpg,/marimo/milk10k_train_masks/IL_4793144_dermoscopic_mask.png,0.22157037037037036,valid,600x450,600x450
IL_4794803,IL_4794803,/marimo/milk10k/MILK10k_Training_Input/IL_4794803/ISIC_2754845.jpg,/marimo/milk10k_train_masks/IL_4794803_dermoscopic_mask.png,0.4558888888888889,valid,600x450,600x450
IL_4794810,IL_4794810,/marimo/milk10k/MILK10k_Training_Input/IL_4794810/ISIC_6930203.jpg,/marimo/milk10k_train_masks/IL_4794810_dermoscopic_mask.png,0.10563333333333333,valid,600x450,600x450
IL_4796364,IL_4796364,/marimo/milk10k/MILK10k_Training_Input/IL_4796364/ISIC_0310855.jpg,/marimo/milk10k_train_masks/IL_4796364_dermoscopic_mask.png,0.3837,valid,600x450,600x450
IL_4797529,IL_4797529,/marimo/milk10k/MILK10k_Training_Input/IL_4797529/ISIC_7657322.jpg,/marimo/milk10k_train_masks/IL_4797529_dermoscopic_mask.png,0.35335555555555553,valid,600x450,600x450
IL_4799699,IL_4799699,/marimo/milk10k/MILK10k_Training_Input/IL_4799699/ISIC_7283528.jpg,/marimo/milk10k_train_masks/IL_4799699_dermoscopic_mask.png,0.6004888888888888,valid,600x450,600x450
IL_4805155,IL_4805155,/marimo/milk10k/MILK10k_Training_Input/IL_4805155/ISIC_9451867.jpg,/marimo/milk10k_train_masks/IL_4805155_dermoscopic_mask.png,0.061237037037037034,valid,600x450,600x450
IL_4807547,IL_4807547,/marimo/milk10k/MILK10k_Training_Input/IL_4807547/ISIC_8331574.jpg,/marimo/milk10k_train_masks/IL_4807547_dermoscopic_mask.png,0.14752962962962962,valid,600x450,600x450
IL_4811840,IL_4811840,/marimo/milk10k/MILK10k_Training_Input/IL_4811840/ISIC_9922993.jpg,/marimo/milk10k_train_masks/IL_4811840_dermoscopic_mask.png,0.1391111111111111,valid,600x450,600x450
IL_4820678,IL_4820678,/marimo/milk10k/MILK10k_Training_Input/IL_4820678/ISIC_8776793.jpg,/marimo/milk10k_train_masks/IL_4820678_dermoscopic_mask.png,0.1342,valid,600x450,600x450
IL_4826188,IL_4826188,/marimo/milk10k/MILK10k_Training_Input/IL_4826188/ISIC_2725046.jpg,/marimo/milk10k_train_masks/IL_4826188_dermoscopic_mask.png,0.32355555555555554,valid,600x450,600x450
IL_4826540,IL_4826540,/marimo/milk10k/MILK10k_Training_Input/IL_4826540/ISIC_3320667.jpg,/marimo/milk10k_train_masks/IL_4826540_dermoscopic_mask.png,0.3010888888888889,valid,600x450,600x450
IL_4829953,IL_4829953,/marimo/milk10k/MILK10k_Training_Input/IL_4829953/ISIC_5350988.jpg,/marimo/milk10k_train_masks/IL_4829953_dermoscopic_mask.png,0.47229629629629627,valid,600x450,600x450
IL_4831805,IL_4831805,/marimo/milk10k/MILK10k_Training_Input/IL_4831805/ISIC_8633121.jpg,/marimo/milk10k_train_masks/IL_4831805_dermoscopic_mask.png,0.2957518518518519,valid,600x450,600x450
IL_4831820,IL_4831820,/marimo/milk10k/MILK10k_Training_Input/IL_4831820/ISIC_2590498.jpg,/marimo/milk10k_train_masks/IL_4831820_dermoscopic_mask.png,0.18143703703703704,valid,600x450,600x450
IL_4836988,IL_4836988,/marimo/milk10k/MILK10k_Training_Input/IL_4836988/ISIC_2735511.jpg,/marimo/milk10k_train_masks/IL_4836988_dermoscopic_mask.png,0.11178148148148148,valid,600x450,600x450
IL_4840616,IL_4840616,/marimo/milk10k/MILK10k_Training_Input/IL_4840616/ISIC_4683265.jpg,/marimo/milk10k_train_masks/IL_4840616_dermoscopic_mask.png,0.5038333333333334,valid,600x450,600x450
IL_4843671,IL_4843671,/marimo/milk10k/MILK10k_Training_Input/IL_4843671/ISIC_5178949.jpg,/marimo/milk10k_train_masks/IL_4843671_dermoscopic_mask.png,0.36198148148148146,valid,600x450,600x450
IL_4845726,IL_4845726,/marimo/milk10k/MILK10k_Training_Input/IL_4845726/ISIC_3999304.jpg,/marimo/milk10k_train_masks/IL_4845726_dermoscopic_mask.png,0.3796851851851852,valid,600x450,600x450
IL_4846711,IL_4846711,/marimo/milk10k/MILK10k_Training_Input/IL_4846711/ISIC_8421484.jpg,/marimo/milk10k_train_masks/IL_4846711_dermoscopic_mask.png,0.1733851851851852,valid,600x450,600x450
IL_4850244,IL_4850244,/marimo/milk10k/MILK10k_Training_Input/IL_4850244/ISIC_7454308.jpg,/marimo/milk10k_train_masks/IL_4850244_dermoscopic_mask.png,0.49705185185185186,valid,600x450,600x450
IL_4851899,IL_4851899,/marimo/milk10k/MILK10k_Training_Input/IL_4851899/ISIC_2029702.jpg,/marimo/milk10k_train_masks/IL_4851899_dermoscopic_mask.png,0.11557777777777778,valid,600x450,600x450
IL_4855362,IL_4855362,/marimo/milk10k/MILK10k_Training_Input/IL_4855362/ISIC_9648773.jpg,/marimo/milk10k_train_masks/IL_4855362_dermoscopic_mask.png,0.19305925925925926,valid,600x450,600x450
IL_4859136,IL_4859136,/marimo/milk10k/MILK10k_Training_Input/IL_4859136/ISIC_7284546.jpg,/marimo/milk10k_train_masks/IL_4859136_dermoscopic_mask.png,0.3183814814814815,valid,600x450,600x450
IL_4860977,IL_4860977,/marimo/milk10k/MILK10k_Training_Input/IL_4860977/ISIC_4270494.jpg,/marimo/milk10k_train_masks/IL_4860977_dermoscopic_mask.png,0.3682,valid,600x450,600x450
IL_4862804,IL_4862804,/marimo/milk10k/MILK10k_Training_Input/IL_4862804/ISIC_7974196.jpg,/marimo/milk10k_train_masks/IL_4862804_dermoscopic_mask.png,0.09985925925925926,valid,600x450,600x450
IL_4864360,IL_4864360,/marimo/milk10k/MILK10k_Training_Input/IL_4864360/ISIC_6327414.jpg,/marimo/milk10k_train_masks/IL_4864360_dermoscopic_mask.png,0.5058444444444444,valid,600x450,600x450
IL_4865091,IL_4865091,/marimo/milk10k/MILK10k_Training_Input/IL_4865091/ISIC_8457494.jpg,/marimo/milk10k_train_masks/IL_4865091_dermoscopic_mask.png,0.31248148148148147,valid,600x450,600x450
IL_4865412,IL_4865412,/marimo/milk10k/MILK10k_Training_Input/IL_4865412/ISIC_5714567.jpg,/marimo/milk10k_train_masks/IL_4865412_dermoscopic_mask.png,0.21272222222222223,valid,600x450,600x450
IL_4865476,IL_4865476,/marimo/milk10k/MILK10k_Training_Input/IL_4865476/ISIC_3063587.jpg,/marimo/milk10k_train_masks/IL_4865476_dermoscopic_mask.png,0.17078888888888888,valid,600x450,600x450
IL_4866547,IL_4866547,/marimo/milk10k/MILK10k_Training_Input/IL_4866547/ISIC_0535290.jpg,/marimo/milk10k_train_masks/IL_4866547_dermoscopic_mask.png,0.15155925925925925,valid,600x450,600x450
IL_4873661,IL_4873661,/marimo/milk10k/MILK10k_Training_Input/IL_4873661/ISIC_1903516.jpg,/marimo/milk10k_train_masks/IL_4873661_dermoscopic_mask.png,0.1502814814814815,valid,600x450,600x450
IL_4876348,IL_4876348,/marimo/milk10k/MILK10k_Training_Input/IL_4876348/ISIC_9452345.jpg,/marimo/milk10k_train_masks/IL_4876348_dermoscopic_mask.png,0.41176296296296294,valid,600x450,600x450
IL_4877466,IL_4877466,/marimo/milk10k/MILK10k_Training_Input/IL_4877466/ISIC_5264230.jpg,/marimo/milk10k_train_masks/IL_4877466_dermoscopic_mask.png,0.26981481481481484,valid,600x450,600x450
IL_4877851,IL_4877851,/marimo/milk10k/MILK10k_Training_Input/IL_4877851/ISIC_7855982.jpg,/marimo/milk10k_train_masks/IL_4877851_dermoscopic_mask.png,0.1185925925925926,valid,600x450,600x450
IL_4878872,IL_4878872,/marimo/milk10k/MILK10k_Training_Input/IL_4878872/ISIC_1081140.jpg,/marimo/milk10k_train_masks/IL_4878872_dermoscopic_mask.png,0.30544444444444446,valid,600x450,600x450
IL_4879844,IL_4879844,/marimo/milk10k/MILK10k_Training_Input/IL_4879844/ISIC_5962932.jpg,/marimo/milk10k_train_masks/IL_4879844_dermoscopic_mask.png,0.45272222222222225,valid,600x450,600x450
IL_4879979,IL_4879979,/marimo/milk10k/MILK10k_Training_Input/IL_4879979/ISIC_2230159.jpg,/marimo/milk10k_train_masks/IL_4879979_dermoscopic_mask.png,0.09666296296296296,valid,600x450,600x450
IL_4885447,IL_4885447,/marimo/milk10k/MILK10k_Training_Input/IL_4885447/ISIC_3689711.jpg,/marimo/milk10k_train_masks/IL_4885447_dermoscopic_mask.png,0.3283111111111111,valid,600x450,600x450
IL_4885468,IL_4885468,/marimo/milk10k/MILK10k_Training_Input/IL_4885468/ISIC_2284196.jpg,/marimo/milk10k_train_masks/IL_4885468_dermoscopic_mask.png,0.15145925925925927,valid,600x450,600x450
IL_4889652,IL_4889652,/marimo/milk10k/MILK10k_Training_Input/IL_4889652/ISIC_5343551.jpg,/marimo/milk10k_train_masks/IL_4889652_dermoscopic_mask.png,0.4460037037037037,valid,600x450,600x450
IL_4891045,IL_4891045,/marimo/milk10k/MILK10k_Training_Input/IL_4891045/ISIC_2153011.jpg,/marimo/milk10k_train_masks/IL_4891045_dermoscopic_mask.png,0.19448148148148148,valid,600x450,600x450
IL_4893133,IL_4893133,/marimo/milk10k/MILK10k_Training_Input/IL_4893133/ISIC_2245518.jpg,/marimo/milk10k_train_masks/IL_4893133_dermoscopic_mask.png,0.3380740740740741,valid,600x450,600x450
IL_4896057,IL_4896057,/marimo/milk10k/MILK10k_Training_Input/IL_4896057/ISIC_2378626.jpg,/marimo/milk10k_train_masks/IL_4896057_dermoscopic_mask.png,0.48962962962962964,valid,600x450,600x450
IL_4896653,IL_4896653,/marimo/milk10k/MILK10k_Training_Input/IL_4896653/ISIC_8402813.jpg,/marimo/milk10k_train_masks/IL_4896653_dermoscopic_mask.png,0.26273703703703705,valid,600x450,600x450
IL_4900947,IL_4900947,/marimo/milk10k/MILK10k_Training_Input/IL_4900947/ISIC_9961570.jpg,/marimo/milk10k_train_masks/IL_4900947_dermoscopic_mask.png,0.04457037037037037,valid,600x450,600x450
IL_4902054,IL_4902054,/marimo/milk10k/MILK10k_Training_Input/IL_4902054/ISIC_9451191.jpg,/marimo/milk10k_train_masks/IL_4902054_dermoscopic_mask.png,0.24115185185185184,valid,600x450,600x450
IL_4906380,IL_4906380,/marimo/milk10k/MILK10k_Training_Input/IL_4906380/ISIC_0772345.jpg,/marimo/milk10k_train_masks/IL_4906380_dermoscopic_mask.png,0.19761851851851853,valid,600x450,600x450
IL_4907068,IL_4907068,/marimo/milk10k/MILK10k_Training_Input/IL_4907068/ISIC_7744790.jpg,/marimo/milk10k_train_masks/IL_4907068_dermoscopic_mask.png,0.47275925925925927,valid,600x450,600x450
IL_4908746,IL_4908746,/marimo/milk10k/MILK10k_Training_Input/IL_4908746/ISIC_8532648.jpg,/marimo/milk10k_train_masks/IL_4908746_dermoscopic_mask.png,0.3899888888888889,valid,600x450,600x450
IL_4910941,IL_4910941,/marimo/milk10k/MILK10k_Training_Input/IL_4910941/ISIC_3995849.jpg,/marimo/milk10k_train_masks/IL_4910941_dermoscopic_mask.png,0.23352592592592591,valid,600x450,600x450
IL_4912599,IL_4912599,/marimo/milk10k/MILK10k_Training_Input/IL_4912599/ISIC_8546307.jpg,/marimo/milk10k_train_masks/IL_4912599_dermoscopic_mask.png,0.36395555555555553,valid,600x450,600x450
IL_4913494,IL_4913494,/marimo/milk10k/MILK10k_Training_Input/IL_4913494/ISIC_5543919.jpg,/marimo/milk10k_train_masks/IL_4913494_dermoscopic_mask.png,0.48382592592592594,valid,600x450,600x450
IL_4915853,IL_4915853,/marimo/milk10k/MILK10k_Training_Input/IL_4915853/ISIC_4231056.jpg,/marimo/milk10k_train_masks/IL_4915853_dermoscopic_mask.png,0.4219259259259259,valid,600x450,600x450
IL_4918167,IL_4918167,/marimo/milk10k/MILK10k_Training_Input/IL_4918167/ISIC_9630006.jpg,/marimo/milk10k_train_masks/IL_4918167_dermoscopic_mask.png,0.32455185185185187,valid,600x450,600x450
IL_4918224,IL_4918224,/marimo/milk10k/MILK10k_Training_Input/IL_4918224/ISIC_9503013.jpg,/marimo/milk10k_train_masks/IL_4918224_dermoscopic_mask.png,0.3222740740740741,valid,600x450,600x450
IL_4918267,IL_4918267,/marimo/milk10k/MILK10k_Training_Input/IL_4918267/ISIC_9944485.jpg,/marimo/milk10k_train_masks/IL_4918267_dermoscopic_mask.png,0.21375925925925926,valid,600x450,600x450
IL_4918829,IL_4918829,/marimo/milk10k/MILK10k_Training_Input/IL_4918829/ISIC_2763588.jpg,/marimo/milk10k_train_masks/IL_4918829_dermoscopic_mask.png,0.3826111111111111,valid,600x450,600x450
IL_4921939,IL_4921939,/marimo/milk10k/MILK10k_Training_Input/IL_4921939/ISIC_8184315.jpg,/marimo/milk10k_train_masks/IL_4921939_dermoscopic_mask.png,0.1947888888888889,valid,600x450,600x450
IL_4922531,IL_4922531,/marimo/milk10k/MILK10k_Training_Input/IL_4922531/ISIC_8627581.jpg,/marimo/milk10k_train_masks/IL_4922531_dermoscopic_mask.png,0.34758518518518516,valid,600x450,600x450
IL_4923894,IL_4923894,/marimo/milk10k/MILK10k_Training_Input/IL_4923894/ISIC_3567091.jpg,/marimo/milk10k_train_masks/IL_4923894_dermoscopic_mask.png,0.6267370370370371,valid,600x450,600x450
IL_4924328,IL_4924328,/marimo/milk10k/MILK10k_Training_Input/IL_4924328/ISIC_8353499.jpg,/marimo/milk10k_train_masks/IL_4924328_dermoscopic_mask.png,0.5644407407407407,valid,600x450,600x450
IL_4924418,IL_4924418,/marimo/milk10k/MILK10k_Training_Input/IL_4924418/ISIC_3070466.jpg,/marimo/milk10k_train_masks/IL_4924418_dermoscopic_mask.png,0.4256962962962963,valid,600x450,600x450
IL_4924937,IL_4924937,/marimo/milk10k/MILK10k_Training_Input/IL_4924937/ISIC_4419306.jpg,/marimo/milk10k_train_masks/IL_4924937_dermoscopic_mask.png,0.49344814814814814,valid,600x450,600x450
IL_4926064,IL_4926064,/marimo/milk10k/MILK10k_Training_Input/IL_4926064/ISIC_0860468.jpg,/marimo/milk10k_train_masks/IL_4926064_dermoscopic_mask.png,0.0938962962962963,valid,600x450,600x450
IL_4928087,IL_4928087,/marimo/milk10k/MILK10k_Training_Input/IL_4928087/ISIC_5010590.jpg,/marimo/milk10k_train_masks/IL_4928087_dermoscopic_mask.png,0.7320481481481481,valid,600x450,600x450
IL_4929209,IL_4929209,/marimo/milk10k/MILK10k_Training_Input/IL_4929209/ISIC_0698052.jpg,/marimo/milk10k_train_masks/IL_4929209_dermoscopic_mask.png,0.42577037037037035,valid,600x450,600x450
IL_4930300,IL_4930300,/marimo/milk10k/MILK10k_Training_Input/IL_4930300/ISIC_5555712.jpg,/marimo/milk10k_train_masks/IL_4930300_dermoscopic_mask.png,0.30976296296296296,valid,600x450,600x450
IL_4932041,IL_4932041,/marimo/milk10k/MILK10k_Training_Input/IL_4932041/ISIC_3015606.jpg,/marimo/milk10k_train_masks/IL_4932041_dermoscopic_mask.png,0.07426296296296296,valid,600x450,600x450
IL_4933639,IL_4933639,/marimo/milk10k/MILK10k_Training_Input/IL_4933639/ISIC_6125353.jpg,/marimo/milk10k_train_masks/IL_4933639_dermoscopic_mask.png,0.8628888888888889,valid,600x450,600x450
IL_4935391,IL_4935391,/marimo/milk10k/MILK10k_Training_Input/IL_4935391/ISIC_0786326.jpg,/marimo/milk10k_train_masks/IL_4935391_dermoscopic_mask.png,0.19763703703703703,valid,600x450,600x450
IL_4935428,IL_4935428,/marimo/milk10k/MILK10k_Training_Input/IL_4935428/ISIC_1666328.jpg,/marimo/milk10k_train_masks/IL_4935428_dermoscopic_mask.png,0.5360666666666667,valid,600x450,600x450
IL_4935595,IL_4935595,/marimo/milk10k/MILK10k_Training_Input/IL_4935595/ISIC_4171839.jpg,/marimo/milk10k_train_masks/IL_4935595_dermoscopic_mask.png,0.031007407407407407,valid,600x450,600x450
IL_4939300,IL_4939300,/marimo/milk10k/MILK10k_Training_Input/IL_4939300/ISIC_5833579.jpg,/marimo/milk10k_train_masks/IL_4939300_dermoscopic_mask.png,0.08974814814814815,valid,600x450,600x450
IL_4941375,IL_4941375,/marimo/milk10k/MILK10k_Training_Input/IL_4941375/ISIC_6451061.jpg,/marimo/milk10k_train_masks/IL_4941375_dermoscopic_mask.png,0.29413703703703703,valid,600x450,600x450
IL_4954108,IL_4954108,/marimo/milk10k/MILK10k_Training_Input/IL_4954108/ISIC_6691035.jpg,/marimo/milk10k_train_masks/IL_4954108_dermoscopic_mask.png,0.33007037037037035,valid,600x450,600x450
IL_4962584,IL_4962584,/marimo/milk10k/MILK10k_Training_Input/IL_4962584/ISIC_0499739.jpg,/marimo/milk10k_train_masks/IL_4962584_dermoscopic_mask.png,0.047462962962962964,valid,600x450,600x450
IL_4966664,IL_4966664,/marimo/milk10k/MILK10k_Training_Input/IL_4966664/ISIC_8005759.jpg,/marimo/milk10k_train_masks/IL_4966664_dermoscopic_mask.png,0.7010777777777778,valid,600x450,600x450
IL_4966726,IL_4966726,/marimo/milk10k/MILK10k_Training_Input/IL_4966726/ISIC_9728749.jpg,/marimo/milk10k_train_masks/IL_4966726_dermoscopic_mask.png,0.29926296296296295,valid,600x450,600x450
IL_4968096,IL_4968096,/marimo/milk10k/MILK10k_Training_Input/IL_4968096/ISIC_3159699.jpg,/marimo/milk10k_train_masks/IL_4968096_dermoscopic_mask.png,0.022266666666666667,valid,600x450,600x450
IL_4970478,IL_4970478,/marimo/milk10k/MILK10k_Training_Input/IL_4970478/ISIC_3917002.jpg,/marimo/milk10k_train_masks/IL_4970478_dermoscopic_mask.png,0.5989148148148148,valid,600x450,600x450
IL_4970888,IL_4970888,/marimo/milk10k/MILK10k_Training_Input/IL_4970888/ISIC_7979271.jpg,/marimo/milk10k_train_masks/IL_4970888_dermoscopic_mask.png,0.6275888888888889,valid,600x450,600x450
IL_4974594,IL_4974594,/marimo/milk10k/MILK10k_Training_Input/IL_4974594/ISIC_9912332.jpg,/marimo/milk10k_train_masks/IL_4974594_dermoscopic_mask.png,0.17492222222222223,valid,600x450,600x450
IL_4975498,IL_4975498,/marimo/milk10k/MILK10k_Training_Input/IL_4975498/ISIC_1365576.jpg,/marimo/milk10k_train_masks/IL_4975498_dermoscopic_mask.png,0.18366296296296297,valid,600x450,600x450
IL_4976689,IL_4976689,/marimo/milk10k/MILK10k_Training_Input/IL_4976689/ISIC_0448586.jpg,/marimo/milk10k_train_masks/IL_4976689_dermoscopic_mask.png,0.3852333333333333,valid,600x450,600x450
IL_4978975,IL_4978975,/marimo/milk10k/MILK10k_Training_Input/IL_4978975/ISIC_2646200.jpg,/marimo/milk10k_train_masks/IL_4978975_dermoscopic_mask.png,0.30444444444444446,valid,600x450,600x450
IL_4980476,IL_4980476,/marimo/milk10k/MILK10k_Training_Input/IL_4980476/ISIC_9111814.jpg,/marimo/milk10k_train_masks/IL_4980476_dermoscopic_mask.png,0.5936666666666667,valid,600x450,600x450
IL_4980743,IL_4980743,/marimo/milk10k/MILK10k_Training_Input/IL_4980743/ISIC_7395485.jpg,/marimo/milk10k_train_masks/IL_4980743_dermoscopic_mask.png,0.4478185185185185,valid,600x450,600x450
IL_4986261,IL_4986261,/marimo/milk10k/MILK10k_Training_Input/IL_4986261/ISIC_5622324.jpg,/marimo/milk10k_train_masks/IL_4986261_dermoscopic_mask.png,0.12637037037037038,valid,600x450,600x450
IL_4987337,IL_4987337,/marimo/milk10k/MILK10k_Training_Input/IL_4987337/ISIC_3703123.jpg,/marimo/milk10k_train_masks/IL_4987337_dermoscopic_mask.png,0.1952111111111111,valid,600x450,600x450
IL_4987655,IL_4987655,/marimo/milk10k/MILK10k_Training_Input/IL_4987655/ISIC_3431348.jpg,/marimo/milk10k_train_masks/IL_4987655_dermoscopic_mask.png,0.26472222222222225,valid,600x450,600x450
IL_4988250,IL_4988250,/marimo/milk10k/MILK10k_Training_Input/IL_4988250/ISIC_8191999.jpg,/marimo/milk10k_train_masks/IL_4988250_dermoscopic_mask.png,0.14622592592592593,valid,600x450,600x450
IL_4990180,IL_4990180,/marimo/milk10k/MILK10k_Training_Input/IL_4990180/ISIC_7436712.jpg,/marimo/milk10k_train_masks/IL_4990180_dermoscopic_mask.png,0.3847777777777778,valid,600x450,600x450
IL_4991400,IL_4991400,/marimo/milk10k/MILK10k_Training_Input/IL_4991400/ISIC_0899069.jpg,/marimo/milk10k_train_masks/IL_4991400_dermoscopic_mask.png,0.25844814814814815,valid,600x450,600x450
IL_4992123,IL_4992123,/marimo/milk10k/MILK10k_Training_Input/IL_4992123/ISIC_6074237.jpg,/marimo/milk10k_train_masks/IL_4992123_dermoscopic_mask.png,0.06093333333333333,valid,600x450,600x450
IL_4996193,IL_4996193,/marimo/milk10k/MILK10k_Training_Input/IL_4996193/ISIC_8750253.jpg,/marimo/milk10k_train_masks/IL_4996193_dermoscopic_mask.png,0.3036333333333333,valid,600x450,600x450
IL_4997932,IL_4997932,/marimo/milk10k/MILK10k_Training_Input/IL_4997932/ISIC_4357637.jpg,/marimo/milk10k_train_masks/IL_4997932_dermoscopic_mask.png,0.10097037037037038,valid,600x450,600x450
IL_5002382,IL_5002382,/marimo/milk10k/MILK10k_Training_Input/IL_5002382/ISIC_7037056.jpg,/marimo/milk10k_train_masks/IL_5002382_dermoscopic_mask.png,0.5282,valid,600x450,600x450
IL_5008733,IL_5008733,/marimo/milk10k/MILK10k_Training_Input/IL_5008733/ISIC_6036586.jpg,/marimo/milk10k_train_masks/IL_5008733_dermoscopic_mask.png,0.20392592592592593,valid,600x450,600x450
IL_5009030,IL_5009030,/marimo/milk10k/MILK10k_Training_Input/IL_5009030/ISIC_9120905.jpg,/marimo/milk10k_train_masks/IL_5009030_dermoscopic_mask.png,0.38889259259259257,valid,600x450,600x450
IL_5010789,IL_5010789,/marimo/milk10k/MILK10k_Training_Input/IL_5010789/ISIC_0496864.jpg,/marimo/milk10k_train_masks/IL_5010789_dermoscopic_mask.png,0.39494444444444443,valid,600x450,600x450
IL_5010876,IL_5010876,/marimo/milk10k/MILK10k_Training_Input/IL_5010876/ISIC_7705117.jpg,/marimo/milk10k_train_masks/IL_5010876_dermoscopic_mask.png,0.17957407407407408,valid,600x450,600x450
IL_5011583,IL_5011583,/marimo/milk10k/MILK10k_Training_Input/IL_5011583/ISIC_9354948.jpg,/marimo/milk10k_train_masks/IL_5011583_dermoscopic_mask.png,0.46223703703703706,valid,600x450,600x450
IL_5012035,IL_5012035,/marimo/milk10k/MILK10k_Training_Input/IL_5012035/ISIC_6376325.jpg,/marimo/milk10k_train_masks/IL_5012035_dermoscopic_mask.png,0.7053592592592592,valid,600x450,600x450
IL_5014873,IL_5014873,/marimo/milk10k/MILK10k_Training_Input/IL_5014873/ISIC_7081739.jpg,/marimo/milk10k_train_masks/IL_5014873_dermoscopic_mask.png,0.20652592592592592,valid,600x450,600x450
IL_5016629,IL_5016629,/marimo/milk10k/MILK10k_Training_Input/IL_5016629/ISIC_2372341.jpg,/marimo/milk10k_train_masks/IL_5016629_dermoscopic_mask.png,0.3390148148148148,valid,600x450,600x450
IL_5017325,IL_5017325,/marimo/milk10k/MILK10k_Training_Input/IL_5017325/ISIC_7425846.jpg,/marimo/milk10k_train_masks/IL_5017325_dermoscopic_mask.png,0.13212222222222222,valid,600x450,600x450
IL_5017346,IL_5017346,/marimo/milk10k/MILK10k_Training_Input/IL_5017346/ISIC_6044458.jpg,/marimo/milk10k_train_masks/IL_5017346_dermoscopic_mask.png,0.2820814814814815,valid,600x450,600x450
IL_5019289,IL_5019289,/marimo/milk10k/MILK10k_Training_Input/IL_5019289/ISIC_1124077.jpg,/marimo/milk10k_train_masks/IL_5019289_dermoscopic_mask.png,0.1915814814814815,valid,600x450,600x450
IL_5022797,IL_5022797,/marimo/milk10k/MILK10k_Training_Input/IL_5022797/ISIC_1025100.jpg,/marimo/milk10k_train_masks/IL_5022797_dermoscopic_mask.png,0.09707777777777778,valid,600x450,600x450
IL_5023109,IL_5023109,/marimo/milk10k/MILK10k_Training_Input/IL_5023109/ISIC_2084154.jpg,/marimo/milk10k_train_masks/IL_5023109_dermoscopic_mask.png,0.14664444444444444,valid,600x450,600x450
IL_5026579,IL_5026579,/marimo/milk10k/MILK10k_Training_Input/IL_5026579/ISIC_1556154.jpg,/marimo/milk10k_train_masks/IL_5026579_dermoscopic_mask.png,0.07218148148148149,valid,600x450,600x450
IL_5033079,IL_5033079,/marimo/milk10k/MILK10k_Training_Input/IL_5033079/ISIC_3494647.jpg,/marimo/milk10k_train_masks/IL_5033079_dermoscopic_mask.png,0.027803703703703702,valid,600x450,600x450
IL_5033340,IL_5033340,/marimo/milk10k/MILK10k_Training_Input/IL_5033340/ISIC_4787120.jpg,/marimo/milk10k_train_masks/IL_5033340_dermoscopic_mask.png,0.4831259259259259,valid,600x450,600x450
IL_5034134,IL_5034134,/marimo/milk10k/MILK10k_Training_Input/IL_5034134/ISIC_0956399.jpg,/marimo/milk10k_train_masks/IL_5034134_dermoscopic_mask.png,0.3396777777777778,valid,600x450,600x450
IL_5037450,IL_5037450,/marimo/milk10k/MILK10k_Training_Input/IL_5037450/ISIC_3129117.jpg,/marimo/milk10k_train_masks/IL_5037450_dermoscopic_mask.png,0.3243814814814815,valid,600x450,600x450
IL_5037876,IL_5037876,/marimo/milk10k/MILK10k_Training_Input/IL_5037876/ISIC_8744116.jpg,/marimo/milk10k_train_masks/IL_5037876_dermoscopic_mask.png,0.4849777777777778,valid,600x450,600x450
IL_5040645,IL_5040645,/marimo/milk10k/MILK10k_Training_Input/IL_5040645/ISIC_3183514.jpg,/marimo/milk10k_train_masks/IL_5040645_dermoscopic_mask.png,0.35036666666666666,valid,600x450,600x450
IL_5040782,IL_5040782,/marimo/milk10k/MILK10k_Training_Input/IL_5040782/ISIC_2738904.jpg,/marimo/milk10k_train_masks/IL_5040782_dermoscopic_mask.png,0.33253333333333335,valid,600x450,600x450
IL_5042712,IL_5042712,/marimo/milk10k/MILK10k_Training_Input/IL_5042712/ISIC_1135159.jpg,/marimo/milk10k_train_masks/IL_5042712_dermoscopic_mask.png,0.3837185185185185,valid,600x450,600x450
IL_5042864,IL_5042864,/marimo/milk10k/MILK10k_Training_Input/IL_5042864/ISIC_8699706.jpg,/marimo/milk10k_train_masks/IL_5042864_dermoscopic_mask.png,0.15334814814814815,valid,600x450,600x450
IL_5044233,IL_5044233,/marimo/milk10k/MILK10k_Training_Input/IL_5044233/ISIC_7602538.jpg,/marimo/milk10k_train_masks/IL_5044233_dermoscopic_mask.png,0.2280037037037037,valid,600x450,600x450
IL_5045775,IL_5045775,/marimo/milk10k/MILK10k_Training_Input/IL_5045775/ISIC_3356573.jpg,/marimo/milk10k_train_masks/IL_5045775_dermoscopic_mask.png,0.4402740740740741,valid,600x450,600x450
IL_5046857,IL_5046857,/marimo/milk10k/MILK10k_Training_Input/IL_5046857/ISIC_4565131.jpg,/marimo/milk10k_train_masks/IL_5046857_dermoscopic_mask.png,0.6042,valid,600x450,600x450
IL_5052158,IL_5052158,/marimo/milk10k/MILK10k_Training_Input/IL_5052158/ISIC_8285958.jpg,/marimo/milk10k_train_masks/IL_5052158_dermoscopic_mask.png,0.21673703703703703,valid,600x450,600x450
IL_5055807,IL_5055807,/marimo/milk10k/MILK10k_Training_Input/IL_5055807/ISIC_7067948.jpg,/marimo/milk10k_train_masks/IL_5055807_dermoscopic_mask.png,0.07763703703703703,valid,600x450,600x450
IL_5058360,IL_5058360,/marimo/milk10k/MILK10k_Training_Input/IL_5058360/ISIC_9392092.jpg,/marimo/milk10k_train_masks/IL_5058360_dermoscopic_mask.png,0.35493703703703705,valid,600x450,600x450
IL_5060375,IL_5060375,/marimo/milk10k/MILK10k_Training_Input/IL_5060375/ISIC_2202352.jpg,/marimo/milk10k_train_masks/IL_5060375_dermoscopic_mask.png,0.23979629629629629,valid,600x450,600x450
IL_5063173,IL_5063173,/marimo/milk10k/MILK10k_Training_Input/IL_5063173/ISIC_6636694.jpg,/marimo/milk10k_train_masks/IL_5063173_dermoscopic_mask.png,0.3907777777777778,valid,600x450,600x450
IL_5064276,IL_5064276,/marimo/milk10k/MILK10k_Training_Input/IL_5064276/ISIC_9895318.jpg,/marimo/milk10k_train_masks/IL_5064276_dermoscopic_mask.png,0.6756851851851852,valid,600x450,600x450
IL_5066256,IL_5066256,/marimo/milk10k/MILK10k_Training_Input/IL_5066256/ISIC_4025658.jpg,/marimo/milk10k_train_masks/IL_5066256_dermoscopic_mask.png,0.10774074074074073,valid,600x450,600x450
IL_5066436,IL_5066436,/marimo/milk10k/MILK10k_Training_Input/IL_5066436/ISIC_5602626.jpg,/marimo/milk10k_train_masks/IL_5066436_dermoscopic_mask.png,0.15355555555555556,valid,600x450,600x450
IL_5069726,IL_5069726,/marimo/milk10k/MILK10k_Training_Input/IL_5069726/ISIC_8759215.jpg,/marimo/milk10k_train_masks/IL_5069726_dermoscopic_mask.png,0.23264814814814816,valid,600x450,600x450
IL_5071813,IL_5071813,/marimo/milk10k/MILK10k_Training_Input/IL_5071813/ISIC_9400307.jpg,/marimo/milk10k_train_masks/IL_5071813_dermoscopic_mask.png,0.3678518518518519,valid,600x450,600x450
IL_5073574,IL_5073574,/marimo/milk10k/MILK10k_Training_Input/IL_5073574/ISIC_5996604.jpg,/marimo/milk10k_train_masks/IL_5073574_dermoscopic_mask.png,0.051555555555555556,valid,600x450,600x450
IL_5074054,IL_5074054,/marimo/milk10k/MILK10k_Training_Input/IL_5074054/ISIC_4722294.jpg,/marimo/milk10k_train_masks/IL_5074054_dermoscopic_mask.png,0.21395925925925927,valid,600x450,600x450
IL_5076594,IL_5076594,/marimo/milk10k/MILK10k_Training_Input/IL_5076594/ISIC_3818412.jpg,/marimo/milk10k_train_masks/IL_5076594_dermoscopic_mask.png,0.3943407407407407,valid,600x450,600x450
IL_5076804,IL_5076804,/marimo/milk10k/MILK10k_Training_Input/IL_5076804/ISIC_0317094.jpg,/marimo/milk10k_train_masks/IL_5076804_dermoscopic_mask.png,0.2633888888888889,valid,600x450,600x450
IL_5076960,IL_5076960,/marimo/milk10k/MILK10k_Training_Input/IL_5076960/ISIC_9161483.jpg,/marimo/milk10k_train_masks/IL_5076960_dermoscopic_mask.png,0.396762962962963,valid,600x450,600x450
IL_5076963,IL_5076963,/marimo/milk10k/MILK10k_Training_Input/IL_5076963/ISIC_2307453.jpg,/marimo/milk10k_train_masks/IL_5076963_dermoscopic_mask.png,0.33847037037037037,valid,600x450,600x450
IL_5078646,IL_5078646,/marimo/milk10k/MILK10k_Training_Input/IL_5078646/ISIC_8231437.jpg,/marimo/milk10k_train_masks/IL_5078646_dermoscopic_mask.png,0.5211777777777777,valid,600x450,600x450
IL_5078787,IL_5078787,/marimo/milk10k/MILK10k_Training_Input/IL_5078787/ISIC_3766990.jpg,/marimo/milk10k_train_masks/IL_5078787_dermoscopic_mask.png,0.46961851851851855,valid,600x450,600x450
IL_5083460,IL_5083460,/marimo/milk10k/MILK10k_Training_Input/IL_5083460/ISIC_5761793.jpg,/marimo/milk10k_train_masks/IL_5083460_dermoscopic_mask.png,0.0,too_small,600x450,600x450
IL_5084556,IL_5084556,/marimo/milk10k/MILK10k_Training_Input/IL_5084556/ISIC_8129640.jpg,/marimo/milk10k_train_masks/IL_5084556_dermoscopic_mask.png,0.11610370370370371,valid,600x450,600x450
IL_5087037,IL_5087037,/marimo/milk10k/MILK10k_Training_Input/IL_5087037/ISIC_8204527.jpg,/marimo/milk10k_train_masks/IL_5087037_dermoscopic_mask.png,0.6698444444444445,valid,600x450,600x450
IL_5091449,IL_5091449,/marimo/milk10k/MILK10k_Training_Input/IL_5091449/ISIC_1510512.jpg,/marimo/milk10k_train_masks/IL_5091449_dermoscopic_mask.png,0.1730925925925926,valid,600x450,600x450
IL_5091814,IL_5091814,/marimo/milk10k/MILK10k_Training_Input/IL_5091814/ISIC_7319361.jpg,/marimo/milk10k_train_masks/IL_5091814_dermoscopic_mask.png,0.15655185185185186,valid,600x450,600x450
IL_5092028,IL_5092028,/marimo/milk10k/MILK10k_Training_Input/IL_5092028/ISIC_1999829.jpg,/marimo/milk10k_train_masks/IL_5092028_dermoscopic_mask.png,0.35815555555555556,valid,600x450,600x450
IL_5099226,IL_5099226,/marimo/milk10k/MILK10k_Training_Input/IL_5099226/ISIC_7206588.jpg,/marimo/milk10k_train_masks/IL_5099226_dermoscopic_mask.png,0.7468259259259259,valid,600x450,600x450
IL_5100758,IL_5100758,/marimo/milk10k/MILK10k_Training_Input/IL_5100758/ISIC_7501779.jpg,/marimo/milk10k_train_masks/IL_5100758_dermoscopic_mask.png,0.6326444444444445,valid,600x450,600x450
IL_5101024,IL_5101024,/marimo/milk10k/MILK10k_Training_Input/IL_5101024/ISIC_6877985.jpg,/marimo/milk10k_train_masks/IL_5101024_dermoscopic_mask.png,0.41275925925925927,valid,600x450,600x450
IL_5104216,IL_5104216,/marimo/milk10k/MILK10k_Training_Input/IL_5104216/ISIC_2675122.jpg,/marimo/milk10k_train_masks/IL_5104216_dermoscopic_mask.png,0.2977148148148148,valid,600x450,600x450
IL_5108044,IL_5108044,/marimo/milk10k/MILK10k_Training_Input/IL_5108044/ISIC_6357740.jpg,/marimo/milk10k_train_masks/IL_5108044_dermoscopic_mask.png,0.21205925925925925,valid,600x450,600x450
IL_5108772,IL_5108772,/marimo/milk10k/MILK10k_Training_Input/IL_5108772/ISIC_9422230.jpg,/marimo/milk10k_train_masks/IL_5108772_dermoscopic_mask.png,0.4747851851851852,valid,600x450,600x450
IL_5109788,IL_5109788,/marimo/milk10k/MILK10k_Training_Input/IL_5109788/ISIC_1275089.jpg,/marimo/milk10k_train_masks/IL_5109788_dermoscopic_mask.png,0.19795555555555555,valid,600x450,600x450
IL_5110941,IL_5110941,/marimo/milk10k/MILK10k_Training_Input/IL_5110941/ISIC_8731964.jpg,/marimo/milk10k_train_masks/IL_5110941_dermoscopic_mask.png,0.34626296296296294,valid,600x450,600x450
IL_5111144,IL_5111144,/marimo/milk10k/MILK10k_Training_Input/IL_5111144/ISIC_9909273.jpg,/marimo/milk10k_train_masks/IL_5111144_dermoscopic_mask.png,0.05441111111111111,valid,600x450,600x450
IL_5111323,IL_5111323,/marimo/milk10k/MILK10k_Training_Input/IL_5111323/ISIC_7402642.jpg,/marimo/milk10k_train_masks/IL_5111323_dermoscopic_mask.png,0.37262962962962964,valid,600x450,600x450
IL_5111360,IL_5111360,/marimo/milk10k/MILK10k_Training_Input/IL_5111360/ISIC_5597278.jpg,/marimo/milk10k_train_masks/IL_5111360_dermoscopic_mask.png,0.21280740740740742,valid,600x450,600x450
IL_5112545,IL_5112545,/marimo/milk10k/MILK10k_Training_Input/IL_5112545/ISIC_5837451.jpg,/marimo/milk10k_train_masks/IL_5112545_dermoscopic_mask.png,0.3224074074074074,valid,600x450,600x450
IL_5113202,IL_5113202,/marimo/milk10k/MILK10k_Training_Input/IL_5113202/ISIC_6787367.jpg,/marimo/milk10k_train_masks/IL_5113202_dermoscopic_mask.png,0.17122962962962962,valid,600x450,600x450
IL_5114359,IL_5114359,/marimo/milk10k/MILK10k_Training_Input/IL_5114359/ISIC_2097701.jpg,/marimo/milk10k_train_masks/IL_5114359_dermoscopic_mask.png,0.4649888888888889,valid,600x450,600x450
IL_5114934,IL_5114934,/marimo/milk10k/MILK10k_Training_Input/IL_5114934/ISIC_2086625.jpg,/marimo/milk10k_train_masks/IL_5114934_dermoscopic_mask.png,0.6595703703703704,valid,600x450,600x450
IL_5118297,IL_5118297,/marimo/milk10k/MILK10k_Training_Input/IL_5118297/ISIC_1325383.jpg,/marimo/milk10k_train_masks/IL_5118297_dermoscopic_mask.png,0.5101740740740741,valid,600x450,600x450
IL_5118917,IL_5118917,/marimo/milk10k/MILK10k_Training_Input/IL_5118917/ISIC_9584529.jpg,/marimo/milk10k_train_masks/IL_5118917_dermoscopic_mask.png,0.3477296296296296,valid,600x450,600x450
IL_5120662,IL_5120662,/marimo/milk10k/MILK10k_Training_Input/IL_5120662/ISIC_2068038.jpg,/marimo/milk10k_train_masks/IL_5120662_dermoscopic_mask.png,0.23652962962962962,valid,600x450,600x450
IL_5122434,IL_5122434,/marimo/milk10k/MILK10k_Training_Input/IL_5122434/ISIC_7363608.jpg,/marimo/milk10k_train_masks/IL_5122434_dermoscopic_mask.png,0.07381481481481482,valid,600x450,600x450
IL_5124334,IL_5124334,/marimo/milk10k/MILK10k_Training_Input/IL_5124334/ISIC_1603737.jpg,/marimo/milk10k_train_masks/IL_5124334_dermoscopic_mask.png,0.16513333333333333,valid,600x450,600x450
IL_5129613,IL_5129613,/marimo/milk10k/MILK10k_Training_Input/IL_5129613/ISIC_3712412.jpg,/marimo/milk10k_train_masks/IL_5129613_dermoscopic_mask.png,0.16815925925925926,valid,600x450,600x450
IL_5131456,IL_5131456,/marimo/milk10k/MILK10k_Training_Input/IL_5131456/ISIC_6950225.jpg,/marimo/milk10k_train_masks/IL_5131456_dermoscopic_mask.png,0.07762222222222222,valid,600x450,600x450
IL_5133299,IL_5133299,/marimo/milk10k/MILK10k_Training_Input/IL_5133299/ISIC_4277953.jpg,/marimo/milk10k_train_masks/IL_5133299_dermoscopic_mask.png,0.2594222222222222,valid,600x450,600x450
IL_5136335,IL_5136335,/marimo/milk10k/MILK10k_Training_Input/IL_5136335/ISIC_6137075.jpg,/marimo/milk10k_train_masks/IL_5136335_dermoscopic_mask.png,0.04754074074074074,valid,600x450,600x450
IL_5137541,IL_5137541,/marimo/milk10k/MILK10k_Training_Input/IL_5137541/ISIC_4444763.jpg,/marimo/milk10k_train_masks/IL_5137541_dermoscopic_mask.png,0.08951111111111111,valid,600x450,600x450
IL_5140022,IL_5140022,/marimo/milk10k/MILK10k_Training_Input/IL_5140022/ISIC_0823112.jpg,/marimo/milk10k_train_masks/IL_5140022_dermoscopic_mask.png,0.29898148148148146,valid,600x450,600x450
IL_5147950,IL_5147950,/marimo/milk10k/MILK10k_Training_Input/IL_5147950/ISIC_9973864.jpg,/marimo/milk10k_train_masks/IL_5147950_dermoscopic_mask.png,0.21030740740740742,valid,600x450,600x450
IL_5149230,IL_5149230,/marimo/milk10k/MILK10k_Training_Input/IL_5149230/ISIC_8255125.jpg,/marimo/milk10k_train_masks/IL_5149230_dermoscopic_mask.png,0.11297407407407407,valid,600x450,600x450
IL_5152283,IL_5152283,/marimo/milk10k/MILK10k_Training_Input/IL_5152283/ISIC_4639628.jpg,/marimo/milk10k_train_masks/IL_5152283_dermoscopic_mask.png,0.4091222222222222,valid,600x450,600x450
IL_5153554,IL_5153554,/marimo/milk10k/MILK10k_Training_Input/IL_5153554/ISIC_2024217.jpg,/marimo/milk10k_train_masks/IL_5153554_dermoscopic_mask.png,0.27575185185185186,valid,600x450,600x450
IL_5154479,IL_5154479,/marimo/milk10k/MILK10k_Training_Input/IL_5154479/ISIC_3926968.jpg,/marimo/milk10k_train_masks/IL_5154479_dermoscopic_mask.png,0.019281481481481483,valid,600x450,600x450
IL_5154622,IL_5154622,/marimo/milk10k/MILK10k_Training_Input/IL_5154622/ISIC_7078711.jpg,/marimo/milk10k_train_masks/IL_5154622_dermoscopic_mask.png,0.24363333333333334,valid,600x450,600x450
IL_5154725,IL_5154725,/marimo/milk10k/MILK10k_Training_Input/IL_5154725/ISIC_2366596.jpg,/marimo/milk10k_train_masks/IL_5154725_dermoscopic_mask.png,0.44524444444444444,valid,600x450,600x450
IL_5156328,IL_5156328,/marimo/milk10k/MILK10k_Training_Input/IL_5156328/ISIC_1309001.jpg,/marimo/milk10k_train_masks/IL_5156328_dermoscopic_mask.png,0.35036666666666666,valid,600x450,600x450
IL_5157227,IL_5157227,/marimo/milk10k/MILK10k_Training_Input/IL_5157227/ISIC_9792283.jpg,/marimo/milk10k_train_masks/IL_5157227_dermoscopic_mask.png,0.643962962962963,valid,600x450,600x450
IL_5157883,IL_5157883,/marimo/milk10k/MILK10k_Training_Input/IL_5157883/ISIC_0508629.jpg,/marimo/milk10k_train_masks/IL_5157883_dermoscopic_mask.png,0.14953333333333332,valid,600x450,600x450
IL_5158358,IL_5158358,/marimo/milk10k/MILK10k_Training_Input/IL_5158358/ISIC_6115749.jpg,/marimo/milk10k_train_masks/IL_5158358_dermoscopic_mask.png,0.2502037037037037,valid,600x450,600x450
IL_5160108,IL_5160108,/marimo/milk10k/MILK10k_Training_Input/IL_5160108/ISIC_1999475.jpg,/marimo/milk10k_train_masks/IL_5160108_dermoscopic_mask.png,0.13146666666666668,valid,600x450,600x450
IL_5160157,IL_5160157,/marimo/milk10k/MILK10k_Training_Input/IL_5160157/ISIC_0836815.jpg,/marimo/milk10k_train_masks/IL_5160157_dermoscopic_mask.png,0.18953333333333333,valid,600x450,600x450
IL_5161470,IL_5161470,/marimo/milk10k/MILK10k_Training_Input/IL_5161470/ISIC_0893723.jpg,/marimo/milk10k_train_masks/IL_5161470_dermoscopic_mask.png,0.4567259259259259,valid,600x450,600x450
IL_5162996,IL_5162996,/marimo/milk10k/MILK10k_Training_Input/IL_5162996/ISIC_7892545.jpg,/marimo/milk10k_train_masks/IL_5162996_dermoscopic_mask.png,0.2649518518518518,valid,600x450,600x450
IL_5163044,IL_5163044,/marimo/milk10k/MILK10k_Training_Input/IL_5163044/ISIC_4585749.jpg,/marimo/milk10k_train_masks/IL_5163044_dermoscopic_mask.png,0.4015037037037037,valid,600x450,600x450
IL_5163548,IL_5163548,/marimo/milk10k/MILK10k_Training_Input/IL_5163548/ISIC_0570358.jpg,/marimo/milk10k_train_masks/IL_5163548_dermoscopic_mask.png,0.4548037037037037,valid,600x450,600x450
IL_5167045,IL_5167045,/marimo/milk10k/MILK10k_Training_Input/IL_5167045/ISIC_8023105.jpg,/marimo/milk10k_train_masks/IL_5167045_dermoscopic_mask.png,0.10112222222222222,valid,600x450,600x450
IL_5173093,IL_5173093,/marimo/milk10k/MILK10k_Training_Input/IL_5173093/ISIC_4497730.jpg,/marimo/milk10k_train_masks/IL_5173093_dermoscopic_mask.png,0.21038888888888888,valid,600x450,600x450
IL_5173461,IL_5173461,/marimo/milk10k/MILK10k_Training_Input/IL_5173461/ISIC_3494719.jpg,/marimo/milk10k_train_masks/IL_5173461_dermoscopic_mask.png,0.3518777777777778,valid,600x450,600x450
IL_5175125,IL_5175125,/marimo/milk10k/MILK10k_Training_Input/IL_5175125/ISIC_8472106.jpg,/marimo/milk10k_train_masks/IL_5175125_dermoscopic_mask.png,0.2290037037037037,valid,600x450,600x450
IL_5179568,IL_5179568,/marimo/milk10k/MILK10k_Training_Input/IL_5179568/ISIC_7303727.jpg,/marimo/milk10k_train_masks/IL_5179568_dermoscopic_mask.png,0.40273703703703706,valid,600x450,600x450
IL_5181041,IL_5181041,/marimo/milk10k/MILK10k_Training_Input/IL_5181041/ISIC_8318126.jpg,/marimo/milk10k_train_masks/IL_5181041_dermoscopic_mask.png,0.2555148148148148,valid,600x450,600x450
IL_5181859,IL_5181859,/marimo/milk10k/MILK10k_Training_Input/IL_5181859/ISIC_5132321.jpg,/marimo/milk10k_train_masks/IL_5181859_dermoscopic_mask.png,0.5200333333333333,valid,600x450,600x450
IL_5186069,IL_5186069,/marimo/milk10k/MILK10k_Training_Input/IL_5186069/ISIC_6133264.jpg,/marimo/milk10k_train_masks/IL_5186069_dermoscopic_mask.png,0.4215,valid,600x450,600x450
IL_5186101,IL_5186101,/marimo/milk10k/MILK10k_Training_Input/IL_5186101/ISIC_6640040.jpg,/marimo/milk10k_train_masks/IL_5186101_dermoscopic_mask.png,0.18553703703703703,valid,600x450,600x450
IL_5187517,IL_5187517,/marimo/milk10k/MILK10k_Training_Input/IL_5187517/ISIC_8305748.jpg,/marimo/milk10k_train_masks/IL_5187517_dermoscopic_mask.png,0.3018962962962963,valid,600x450,600x450
IL_5187554,IL_5187554,/marimo/milk10k/MILK10k_Training_Input/IL_5187554/ISIC_1176980.jpg,/marimo/milk10k_train_masks/IL_5187554_dermoscopic_mask.png,0.2556481481481481,valid,600x450,600x450
IL_5187817,IL_5187817,/marimo/milk10k/MILK10k_Training_Input/IL_5187817/ISIC_3792868.jpg,/marimo/milk10k_train_masks/IL_5187817_dermoscopic_mask.png,0.42117777777777776,valid,600x450,600x450
IL_5188530,IL_5188530,/marimo/milk10k/MILK10k_Training_Input/IL_5188530/ISIC_8980999.jpg,/marimo/milk10k_train_masks/IL_5188530_dermoscopic_mask.png,0.47051481481481483,valid,600x450,600x450
IL_5189473,IL_5189473,/marimo/milk10k/MILK10k_Training_Input/IL_5189473/ISIC_9625758.jpg,/marimo/milk10k_train_masks/IL_5189473_dermoscopic_mask.png,0.4761888888888889,valid,600x450,600x450
IL_5190686,IL_5190686,/marimo/milk10k/MILK10k_Training_Input/IL_5190686/ISIC_1382648.jpg,/marimo/milk10k_train_masks/IL_5190686_dermoscopic_mask.png,0.0418962962962963,valid,600x450,600x450
IL_5192091,IL_5192091,/marimo/milk10k/MILK10k_Training_Input/IL_5192091/ISIC_3877266.jpg,/marimo/milk10k_train_masks/IL_5192091_dermoscopic_mask.png,0.2719814814814815,valid,600x450,600x450
IL_5193790,IL_5193790,/marimo/milk10k/MILK10k_Training_Input/IL_5193790/ISIC_8554900.jpg,/marimo/milk10k_train_masks/IL_5193790_dermoscopic_mask.png,0.39187037037037037,valid,600x450,600x450
IL_5197264,IL_5197264,/marimo/milk10k/MILK10k_Training_Input/IL_5197264/ISIC_2864613.jpg,/marimo/milk10k_train_masks/IL_5197264_dermoscopic_mask.png,0.2906444444444444,valid,600x450,600x450
IL_5200526,IL_5200526,/marimo/milk10k/MILK10k_Training_Input/IL_5200526/ISIC_9814738.jpg,/marimo/milk10k_train_masks/IL_5200526_dermoscopic_mask.png,0.5148666666666667,valid,600x450,600x450
IL_5206123,IL_5206123,/marimo/milk10k/MILK10k_Training_Input/IL_5206123/ISIC_2132766.jpg,/marimo/milk10k_train_masks/IL_5206123_dermoscopic_mask.png,0.2145037037037037,valid,600x450,600x450
IL_5207680,IL_5207680,/marimo/milk10k/MILK10k_Training_Input/IL_5207680/ISIC_7808642.jpg,/marimo/milk10k_train_masks/IL_5207680_dermoscopic_mask.png,0.35384814814814813,valid,600x450,600x450
IL_5208753,IL_5208753,/marimo/milk10k/MILK10k_Training_Input/IL_5208753/ISIC_9566384.jpg,/marimo/milk10k_train_masks/IL_5208753_dermoscopic_mask.png,0.28733703703703706,valid,600x450,600x450
IL_5209978,IL_5209978,/marimo/milk10k/MILK10k_Training_Input/IL_5209978/ISIC_4996777.jpg,/marimo/milk10k_train_masks/IL_5209978_dermoscopic_mask.png,0.04600740740740741,valid,600x450,600x450
IL_5210495,IL_5210495,/marimo/milk10k/MILK10k_Training_Input/IL_5210495/ISIC_7580736.jpg,/marimo/milk10k_train_masks/IL_5210495_dermoscopic_mask.png,0.40782962962962965,valid,600x450,600x450
IL_5214298,IL_5214298,/marimo/milk10k/MILK10k_Training_Input/IL_5214298/ISIC_1485788.jpg,/marimo/milk10k_train_masks/IL_5214298_dermoscopic_mask.png,0.0021,too_small,600x450,600x450
IL_5215495,IL_5215495,/marimo/milk10k/MILK10k_Training_Input/IL_5215495/ISIC_4660700.jpg,/marimo/milk10k_train_masks/IL_5215495_dermoscopic_mask.png,0.21335185185185185,valid,600x450,600x450
IL_5217084,IL_5217084,/marimo/milk10k/MILK10k_Training_Input/IL_5217084/ISIC_0939687.jpg,/marimo/milk10k_train_masks/IL_5217084_dermoscopic_mask.png,0.16148518518518518,valid,600x450,600x450
IL_5220758,IL_5220758,/marimo/milk10k/MILK10k_Training_Input/IL_5220758/ISIC_8145727.jpg,/marimo/milk10k_train_masks/IL_5220758_dermoscopic_mask.png,0.28523333333333334,valid,600x450,600x450
IL_5222228,IL_5222228,/marimo/milk10k/MILK10k_Training_Input/IL_5222228/ISIC_7890093.jpg,/marimo/milk10k_train_masks/IL_5222228_dermoscopic_mask.png,0.15795555555555554,valid,600x450,600x450
IL_5225179,IL_5225179,/marimo/milk10k/MILK10k_Training_Input/IL_5225179/ISIC_4483583.jpg,/marimo/milk10k_train_masks/IL_5225179_dermoscopic_mask.png,0.5009444444444444,valid,600x450,600x450
IL_5226953,IL_5226953,/marimo/milk10k/MILK10k_Training_Input/IL_5226953/ISIC_5554081.jpg,/marimo/milk10k_train_masks/IL_5226953_dermoscopic_mask.png,0.6761296296296296,valid,600x450,600x450
IL_5235613,IL_5235613,/marimo/milk10k/MILK10k_Training_Input/IL_5235613/ISIC_2215299.jpg,/marimo/milk10k_train_masks/IL_5235613_dermoscopic_mask.png,0.16791111111111112,valid,600x450,600x450
IL_5236247,IL_5236247,/marimo/milk10k/MILK10k_Training_Input/IL_5236247/ISIC_1822355.jpg,/marimo/milk10k_train_masks/IL_5236247_dermoscopic_mask.png,0.49874074074074076,valid,600x450,600x450
IL_5236713,IL_5236713,/marimo/milk10k/MILK10k_Training_Input/IL_5236713/ISIC_8103067.jpg,/marimo/milk10k_train_masks/IL_5236713_dermoscopic_mask.png,0.2733037037037037,valid,600x450,600x450
IL_5236788,IL_5236788,/marimo/milk10k/MILK10k_Training_Input/IL_5236788/ISIC_9380419.jpg,/marimo/milk10k_train_masks/IL_5236788_dermoscopic_mask.png,0.4693481481481481,valid,600x450,600x450
IL_5240464,IL_5240464,/marimo/milk10k/MILK10k_Training_Input/IL_5240464/ISIC_5042685.jpg,/marimo/milk10k_train_masks/IL_5240464_dermoscopic_mask.png,0.3369111111111111,valid,600x450,600x450
IL_5241211,IL_5241211,/marimo/milk10k/MILK10k_Training_Input/IL_5241211/ISIC_9267602.jpg,/marimo/milk10k_train_masks/IL_5241211_dermoscopic_mask.png,0.24838518518518518,valid,600x450,600x450
IL_5245045,IL_5245045,/marimo/milk10k/MILK10k_Training_Input/IL_5245045/ISIC_2501467.jpg,/marimo/milk10k_train_masks/IL_5245045_dermoscopic_mask.png,0.21032222222222222,valid,600x450,600x450
IL_5245284,IL_5245284,/marimo/milk10k/MILK10k_Training_Input/IL_5245284/ISIC_3336886.jpg,/marimo/milk10k_train_masks/IL_5245284_dermoscopic_mask.png,0.20465555555555556,valid,600x450,600x450
IL_5246616,IL_5246616,/marimo/milk10k/MILK10k_Training_Input/IL_5246616/ISIC_5027796.jpg,/marimo/milk10k_train_masks/IL_5246616_dermoscopic_mask.png,0.5341037037037037,valid,600x450,600x450
IL_5247535,IL_5247535,/marimo/milk10k/MILK10k_Training_Input/IL_5247535/ISIC_0685008.jpg,/marimo/milk10k_train_masks/IL_5247535_dermoscopic_mask.png,0.628737037037037,valid,600x450,600x450
IL_5251059,IL_5251059,/marimo/milk10k/MILK10k_Training_Input/IL_5251059/ISIC_5807024.jpg,/marimo/milk10k_train_masks/IL_5251059_dermoscopic_mask.png,0.5402925925925925,valid,600x450,600x450
IL_5252859,IL_5252859,/marimo/milk10k/MILK10k_Training_Input/IL_5252859/ISIC_8341598.jpg,/marimo/milk10k_train_masks/IL_5252859_dermoscopic_mask.png,0.5237111111111111,valid,600x450,600x450
IL_5254540,IL_5254540,/marimo/milk10k/MILK10k_Training_Input/IL_5254540/ISIC_8622558.jpg,/marimo/milk10k_train_masks/IL_5254540_dermoscopic_mask.png,0.25172962962962964,valid,600x450,600x450
IL_5255150,IL_5255150,/marimo/milk10k/MILK10k_Training_Input/IL_5255150/ISIC_5078639.jpg,/marimo/milk10k_train_masks/IL_5255150_dermoscopic_mask.png,0.24138148148148147,valid,600x450,600x450
IL_5259261,IL_5259261,/marimo/milk10k/MILK10k_Training_Input/IL_5259261/ISIC_3362890.jpg,/marimo/milk10k_train_masks/IL_5259261_dermoscopic_mask.png,0.1983925925925926,valid,600x450,600x450
IL_5260419,IL_5260419,/marimo/milk10k/MILK10k_Training_Input/IL_5260419/ISIC_2049002.jpg,/marimo/milk10k_train_masks/IL_5260419_dermoscopic_mask.png,0.6688740740740741,valid,600x450,600x450
IL_5262456,IL_5262456,/marimo/milk10k/MILK10k_Training_Input/IL_5262456/ISIC_6092124.jpg,/marimo/milk10k_train_masks/IL_5262456_dermoscopic_mask.png,0.3848925925925926,valid,600x450,600x450
IL_5263017,IL_5263017,/marimo/milk10k/MILK10k_Training_Input/IL_5263017/ISIC_3730239.jpg,/marimo/milk10k_train_masks/IL_5263017_dermoscopic_mask.png,0.2515777777777778,valid,600x450,600x450
IL_5263349,IL_5263349,/marimo/milk10k/MILK10k_Training_Input/IL_5263349/ISIC_1612482.jpg,/marimo/milk10k_train_masks/IL_5263349_dermoscopic_mask.png,0.12463333333333333,valid,600x450,600x450
IL_5264196,IL_5264196,/marimo/milk10k/MILK10k_Training_Input/IL_5264196/ISIC_9685758.jpg,/marimo/milk10k_train_masks/IL_5264196_dermoscopic_mask.png,0.15574444444444444,valid,600x450,600x450
IL_5264589,IL_5264589,/marimo/milk10k/MILK10k_Training_Input/IL_5264589/ISIC_9071975.jpg,/marimo/milk10k_train_masks/IL_5264589_dermoscopic_mask.png,0.20817777777777777,valid,600x450,600x450
IL_5267029,IL_5267029,/marimo/milk10k/MILK10k_Training_Input/IL_5267029/ISIC_8898820.jpg,/marimo/milk10k_train_masks/IL_5267029_dermoscopic_mask.png,0.7850814814814815,valid,600x450,600x450
IL_5267553,IL_5267553,/marimo/milk10k/MILK10k_Training_Input/IL_5267553/ISIC_4189363.jpg,/marimo/milk10k_train_masks/IL_5267553_dermoscopic_mask.png,0.6052222222222222,valid,600x450,600x450
IL_5270623,IL_5270623,/marimo/milk10k/MILK10k_Training_Input/IL_5270623/ISIC_1843399.jpg,/marimo/milk10k_train_masks/IL_5270623_dermoscopic_mask.png,0.4399296296296296,valid,600x450,600x450
IL_5271098,IL_5271098,/marimo/milk10k/MILK10k_Training_Input/IL_5271098/ISIC_0077054.jpg,/marimo/milk10k_train_masks/IL_5271098_dermoscopic_mask.png,0.16214444444444445,valid,600x450,600x450
IL_5275481,IL_5275481,/marimo/milk10k/MILK10k_Training_Input/IL_5275481/ISIC_7325617.jpg,/marimo/milk10k_train_masks/IL_5275481_dermoscopic_mask.png,0.3210777777777778,valid,600x450,600x450
IL_5277134,IL_5277134,/marimo/milk10k/MILK10k_Training_Input/IL_5277134/ISIC_8697607.jpg,/marimo/milk10k_train_masks/IL_5277134_dermoscopic_mask.png,0.6197185185185186,valid,600x450,600x450
IL_5277754,IL_5277754,/marimo/milk10k/MILK10k_Training_Input/IL_5277754/ISIC_0655029.jpg,/marimo/milk10k_train_masks/IL_5277754_dermoscopic_mask.png,0.5992222222222222,valid,600x450,600x450
IL_5278264,IL_5278264,/marimo/milk10k/MILK10k_Training_Input/IL_5278264/ISIC_2702984.jpg,/marimo/milk10k_train_masks/IL_5278264_dermoscopic_mask.png,0.43397407407407407,valid,600x450,600x450
IL_5281501,IL_5281501,/marimo/milk10k/MILK10k_Training_Input/IL_5281501/ISIC_2993047.jpg,/marimo/milk10k_train_masks/IL_5281501_dermoscopic_mask.png,0.7253888888888889,valid,600x450,600x450
IL_5283078,IL_5283078,/marimo/milk10k/MILK10k_Training_Input/IL_5283078/ISIC_2590790.jpg,/marimo/milk10k_train_masks/IL_5283078_dermoscopic_mask.png,0.26715925925925926,valid,600x450,600x450
IL_5283684,IL_5283684,/marimo/milk10k/MILK10k_Training_Input/IL_5283684/ISIC_8052859.jpg,/marimo/milk10k_train_masks/IL_5283684_dermoscopic_mask.png,0.3630814814814815,valid,600x450,600x450
IL_5283956,IL_5283956,/marimo/milk10k/MILK10k_Training_Input/IL_5283956/ISIC_5783892.jpg,/marimo/milk10k_train_masks/IL_5283956_dermoscopic_mask.png,0.24484444444444445,valid,600x450,600x450
IL_5285305,IL_5285305,/marimo/milk10k/MILK10k_Training_Input/IL_5285305/ISIC_2613429.jpg,/marimo/milk10k_train_masks/IL_5285305_dermoscopic_mask.png,0.15303333333333333,valid,600x450,600x450
IL_5285603,IL_5285603,/marimo/milk10k/MILK10k_Training_Input/IL_5285603/ISIC_8791057.jpg,/marimo/milk10k_train_masks/IL_5285603_dermoscopic_mask.png,0.14125555555555555,valid,600x450,600x450
IL_5287694,IL_5287694,/marimo/milk10k/MILK10k_Training_Input/IL_5287694/ISIC_2751556.jpg,/marimo/milk10k_train_masks/IL_5287694_dermoscopic_mask.png,0.38324444444444444,valid,600x450,600x450
IL_5287926,IL_5287926,/marimo/milk10k/MILK10k_Training_Input/IL_5287926/ISIC_3668445.jpg,/marimo/milk10k_train_masks/IL_5287926_dermoscopic_mask.png,0.3265148148148148,valid,600x450,600x450
IL_5289239,IL_5289239,/marimo/milk10k/MILK10k_Training_Input/IL_5289239/ISIC_6989179.jpg,/marimo/milk10k_train_masks/IL_5289239_dermoscopic_mask.png,0.1280925925925926,valid,600x450,600x450
IL_5293525,IL_5293525,/marimo/milk10k/MILK10k_Training_Input/IL_5293525/ISIC_1789556.jpg,/marimo/milk10k_train_masks/IL_5293525_dermoscopic_mask.png,0.6311185185185185,valid,600x450,600x450
IL_5299543,IL_5299543,/marimo/milk10k/MILK10k_Training_Input/IL_5299543/ISIC_5539676.jpg,/marimo/milk10k_train_masks/IL_5299543_dermoscopic_mask.png,0.18764074074074075,valid,600x450,600x450
IL_5301199,IL_5301199,/marimo/milk10k/MILK10k_Training_Input/IL_5301199/ISIC_9014235.jpg,/marimo/milk10k_train_masks/IL_5301199_dermoscopic_mask.png,0.32206296296296294,valid,600x450,600x450
IL_5302007,IL_5302007,/marimo/milk10k/MILK10k_Training_Input/IL_5302007/ISIC_7681010.jpg,/marimo/milk10k_train_masks/IL_5302007_dermoscopic_mask.png,0.2821296296296296,valid,600x450,600x450
IL_5304581,IL_5304581,/marimo/milk10k/MILK10k_Training_Input/IL_5304581/ISIC_7285901.jpg,/marimo/milk10k_train_masks/IL_5304581_dermoscopic_mask.png,0.5606777777777778,valid,600x450,600x450
IL_5304698,IL_5304698,/marimo/milk10k/MILK10k_Training_Input/IL_5304698/ISIC_8712502.jpg,/marimo/milk10k_train_masks/IL_5304698_dermoscopic_mask.png,0.39144814814814816,valid,600x450,600x450
IL_5310086,IL_5310086,/marimo/milk10k/MILK10k_Training_Input/IL_5310086/ISIC_8528760.jpg,/marimo/milk10k_train_masks/IL_5310086_dermoscopic_mask.png,0.4441851851851852,valid,600x450,600x450
IL_5310098,IL_5310098,/marimo/milk10k/MILK10k_Training_Input/IL_5310098/ISIC_6712916.jpg,/marimo/milk10k_train_masks/IL_5310098_dermoscopic_mask.png,0.20427407407407408,valid,600x450,600x450
IL_5310300,IL_5310300,/marimo/milk10k/MILK10k_Training_Input/IL_5310300/ISIC_0080219.jpg,/marimo/milk10k_train_masks/IL_5310300_dermoscopic_mask.png,0.4098037037037037,valid,600x450,600x450
IL_5310317,IL_5310317,/marimo/milk10k/MILK10k_Training_Input/IL_5310317/ISIC_5503515.jpg,/marimo/milk10k_train_masks/IL_5310317_dermoscopic_mask.png,0.6248925925925926,valid,600x450,600x450
IL_5310552,IL_5310552,/marimo/milk10k/MILK10k_Training_Input/IL_5310552/ISIC_4757362.jpg,/marimo/milk10k_train_masks/IL_5310552_dermoscopic_mask.png,0.07615185185185185,valid,600x450,600x450
IL_5310899,IL_5310899,/marimo/milk10k/MILK10k_Training_Input/IL_5310899/ISIC_9231306.jpg,/marimo/milk10k_train_masks/IL_5310899_dermoscopic_mask.png,0.38093333333333335,valid,600x450,600x450
IL_5311399,IL_5311399,/marimo/milk10k/MILK10k_Training_Input/IL_5311399/ISIC_7860232.jpg,/marimo/milk10k_train_masks/IL_5311399_dermoscopic_mask.png,0.473362962962963,valid,600x450,600x450
IL_5311441,IL_5311441,/marimo/milk10k/MILK10k_Training_Input/IL_5311441/ISIC_3414486.jpg,/marimo/milk10k_train_masks/IL_5311441_dermoscopic_mask.png,0.433837037037037,valid,600x450,600x450
IL_5311950,IL_5311950,/marimo/milk10k/MILK10k_Training_Input/IL_5311950/ISIC_5322852.jpg,/marimo/milk10k_train_masks/IL_5311950_dermoscopic_mask.png,0.6424888888888889,valid,600x450,600x450
IL_5314103,IL_5314103,/marimo/milk10k/MILK10k_Training_Input/IL_5314103/ISIC_7709002.jpg,/marimo/milk10k_train_masks/IL_5314103_dermoscopic_mask.png,0.28423333333333334,valid,600x450,600x450
IL_5315129,IL_5315129,/marimo/milk10k/MILK10k_Training_Input/IL_5315129/ISIC_1937581.jpg,/marimo/milk10k_train_masks/IL_5315129_dermoscopic_mask.png,0.23913333333333334,valid,600x450,600x450
IL_5321366,IL_5321366,/marimo/milk10k/MILK10k_Training_Input/IL_5321366/ISIC_7189526.jpg,/marimo/milk10k_train_masks/IL_5321366_dermoscopic_mask.png,0.23828888888888888,valid,600x450,600x450
IL_5324666,IL_5324666,/marimo/milk10k/MILK10k_Training_Input/IL_5324666/ISIC_4910424.jpg,/marimo/milk10k_train_masks/IL_5324666_dermoscopic_mask.png,0.09216666666666666,valid,600x450,600x450
IL_5324698,IL_5324698,/marimo/milk10k/MILK10k_Training_Input/IL_5324698/ISIC_5306258.jpg,/marimo/milk10k_train_masks/IL_5324698_dermoscopic_mask.png,0.09121111111111112,valid,600x450,600x450
IL_5328329,IL_5328329,/marimo/milk10k/MILK10k_Training_Input/IL_5328329/ISIC_4187456.jpg,/marimo/milk10k_train_masks/IL_5328329_dermoscopic_mask.png,0.24725185185185186,valid,600x450,600x450
IL_5328388,IL_5328388,/marimo/milk10k/MILK10k_Training_Input/IL_5328388/ISIC_3445025.jpg,/marimo/milk10k_train_masks/IL_5328388_dermoscopic_mask.png,0.5532962962962963,valid,600x450,600x450
IL_5328451,IL_5328451,/marimo/milk10k/MILK10k_Training_Input/IL_5328451/ISIC_7893518.jpg,/marimo/milk10k_train_masks/IL_5328451_dermoscopic_mask.png,0.48033703703703706,valid,600x450,600x450
IL_5331190,IL_5331190,/marimo/milk10k/MILK10k_Training_Input/IL_5331190/ISIC_5570317.jpg,/marimo/milk10k_train_masks/IL_5331190_dermoscopic_mask.png,0.42717037037037037,valid,600x450,600x450
IL_5333822,IL_5333822,/marimo/milk10k/MILK10k_Training_Input/IL_5333822/ISIC_4793606.jpg,/marimo/milk10k_train_masks/IL_5333822_dermoscopic_mask.png,0.5995703703703704,valid,600x450,600x450
IL_5334978,IL_5334978,/marimo/milk10k/MILK10k_Training_Input/IL_5334978/ISIC_0084885.jpg,/marimo/milk10k_train_masks/IL_5334978_dermoscopic_mask.png,0.1940962962962963,valid,600x450,600x450
IL_5337254,IL_5337254,/marimo/milk10k/MILK10k_Training_Input/IL_5337254/ISIC_8450508.jpg,/marimo/milk10k_train_masks/IL_5337254_dermoscopic_mask.png,0.10848888888888888,valid,600x450,600x450
IL_5340506,IL_5340506,/marimo/milk10k/MILK10k_Training_Input/IL_5340506/ISIC_6748152.jpg,/marimo/milk10k_train_masks/IL_5340506_dermoscopic_mask.png,0.35105925925925924,valid,600x450,600x450
IL_5344471,IL_5344471,/marimo/milk10k/MILK10k_Training_Input/IL_5344471/ISIC_8577350.jpg,/marimo/milk10k_train_masks/IL_5344471_dermoscopic_mask.png,0.13449259259259258,valid,600x450,600x450
IL_5345860,IL_5345860,/marimo/milk10k/MILK10k_Training_Input/IL_5345860/ISIC_9051937.jpg,/marimo/milk10k_train_masks/IL_5345860_dermoscopic_mask.png,0.3461,valid,600x450,600x450
IL_5349744,IL_5349744,/marimo/milk10k/MILK10k_Training_Input/IL_5349744/ISIC_8534089.jpg,/marimo/milk10k_train_masks/IL_5349744_dermoscopic_mask.png,0.5364592592592593,valid,600x450,600x450
IL_5352548,IL_5352548,/marimo/milk10k/MILK10k_Training_Input/IL_5352548/ISIC_6935679.jpg,/marimo/milk10k_train_masks/IL_5352548_dermoscopic_mask.png,0.04496666666666667,valid,600x450,600x450
IL_5356677,IL_5356677,/marimo/milk10k/MILK10k_Training_Input/IL_5356677/ISIC_3986103.jpg,/marimo/milk10k_train_masks/IL_5356677_dermoscopic_mask.png,0.11939629629629629,valid,600x450,600x450
IL_5357233,IL_5357233,/marimo/milk10k/MILK10k_Training_Input/IL_5357233/ISIC_8572463.jpg,/marimo/milk10k_train_masks/IL_5357233_dermoscopic_mask.png,0.028125925925925926,valid,600x450,600x450
IL_5358178,IL_5358178,/marimo/milk10k/MILK10k_Training_Input/IL_5358178/ISIC_8381176.jpg,/marimo/milk10k_train_masks/IL_5358178_dermoscopic_mask.png,0.036366666666666665,valid,600x450,600x450
IL_5358454,IL_5358454,/marimo/milk10k/MILK10k_Training_Input/IL_5358454/ISIC_1813785.jpg,/marimo/milk10k_train_masks/IL_5358454_dermoscopic_mask.png,0.3676,valid,600x450,600x450
IL_5358765,IL_5358765,/marimo/milk10k/MILK10k_Training_Input/IL_5358765/ISIC_2023313.jpg,/marimo/milk10k_train_masks/IL_5358765_dermoscopic_mask.png,0.22674074074074074,valid,600x450,600x450
IL_5359337,IL_5359337,/marimo/milk10k/MILK10k_Training_Input/IL_5359337/ISIC_6356942.jpg,/marimo/milk10k_train_masks/IL_5359337_dermoscopic_mask.png,0.16175925925925927,valid,600x450,600x450
IL_5359653,IL_5359653,/marimo/milk10k/MILK10k_Training_Input/IL_5359653/ISIC_5439956.jpg,/marimo/milk10k_train_masks/IL_5359653_dermoscopic_mask.png,0.5452,valid,600x450,600x450
IL_5361790,IL_5361790,/marimo/milk10k/MILK10k_Training_Input/IL_5361790/ISIC_7917913.jpg,/marimo/milk10k_train_masks/IL_5361790_dermoscopic_mask.png,0.10386296296296296,valid,600x450,600x450
IL_5361912,IL_5361912,/marimo/milk10k/MILK10k_Training_Input/IL_5361912/ISIC_0525463.jpg,/marimo/milk10k_train_masks/IL_5361912_dermoscopic_mask.png,0.4061,valid,600x450,600x450
IL_5363044,IL_5363044,/marimo/milk10k/MILK10k_Training_Input/IL_5363044/ISIC_8020470.jpg,/marimo/milk10k_train_masks/IL_5363044_dermoscopic_mask.png,0.2656296296296296,valid,600x450,600x450
IL_5363058,IL_5363058,/marimo/milk10k/MILK10k_Training_Input/IL_5363058/ISIC_0502738.jpg,/marimo/milk10k_train_masks/IL_5363058_dermoscopic_mask.png,0.6276888888888889,valid,600x450,600x450
IL_5364127,IL_5364127,/marimo/milk10k/MILK10k_Training_Input/IL_5364127/ISIC_1975493.jpg,/marimo/milk10k_train_masks/IL_5364127_dermoscopic_mask.png,0.14654074074074075,valid,600x450,600x450
IL_5365301,IL_5365301,/marimo/milk10k/MILK10k_Training_Input/IL_5365301/ISIC_1281967.jpg,/marimo/milk10k_train_masks/IL_5365301_dermoscopic_mask.png,0.12330740740740741,valid,600x450,600x450
IL_5366190,IL_5366190,/marimo/milk10k/MILK10k_Training_Input/IL_5366190/ISIC_1675975.jpg,/marimo/milk10k_train_masks/IL_5366190_dermoscopic_mask.png,0.5336888888888889,valid,600x450,600x450
IL_5368559,IL_5368559,/marimo/milk10k/MILK10k_Training_Input/IL_5368559/ISIC_8541890.jpg,/marimo/milk10k_train_masks/IL_5368559_dermoscopic_mask.png,0.2574592592592593,valid,600x450,600x450
IL_5369308,IL_5369308,/marimo/milk10k/MILK10k_Training_Input/IL_5369308/ISIC_1890998.jpg,/marimo/milk10k_train_masks/IL_5369308_dermoscopic_mask.png,0.07341111111111111,valid,600x450,600x450
IL_5372294,IL_5372294,/marimo/milk10k/MILK10k_Training_Input/IL_5372294/ISIC_3846262.jpg,/marimo/milk10k_train_masks/IL_5372294_dermoscopic_mask.png,0.15118148148148147,valid,600x450,600x450
IL_5375403,IL_5375403,/marimo/milk10k/MILK10k_Training_Input/IL_5375403/ISIC_5947061.jpg,/marimo/milk10k_train_masks/IL_5375403_dermoscopic_mask.png,0.11695555555555555,valid,600x450,600x450
IL_5375420,IL_5375420,/marimo/milk10k/MILK10k_Training_Input/IL_5375420/ISIC_0777268.jpg,/marimo/milk10k_train_masks/IL_5375420_dermoscopic_mask.png,0.7211333333333333,valid,600x450,600x450
IL_5375846,IL_5375846,/marimo/milk10k/MILK10k_Training_Input/IL_5375846/ISIC_5342950.jpg,/marimo/milk10k_train_masks/IL_5375846_dermoscopic_mask.png,0.20727407407407408,valid,600x450,600x450
IL_5378051,IL_5378051,/marimo/milk10k/MILK10k_Training_Input/IL_5378051/ISIC_4964694.jpg,/marimo/milk10k_train_masks/IL_5378051_dermoscopic_mask.png,0.5109666666666667,valid,600x450,600x450
IL_5379548,IL_5379548,/marimo/milk10k/MILK10k_Training_Input/IL_5379548/ISIC_7916653.jpg,/marimo/milk10k_train_masks/IL_5379548_dermoscopic_mask.png,0.4983,valid,600x450,600x450
IL_5384329,IL_5384329,/marimo/milk10k/MILK10k_Training_Input/IL_5384329/ISIC_4156431.jpg,/marimo/milk10k_train_masks/IL_5384329_dermoscopic_mask.png,0.01455925925925926,valid,600x450,600x450
IL_5384456,IL_5384456,/marimo/milk10k/MILK10k_Training_Input/IL_5384456/ISIC_1668550.jpg,/marimo/milk10k_train_masks/IL_5384456_dermoscopic_mask.png,0.46075925925925926,valid,600x450,600x450
IL_5386138,IL_5386138,/marimo/milk10k/MILK10k_Training_Input/IL_5386138/ISIC_2324630.jpg,/marimo/milk10k_train_masks/IL_5386138_dermoscopic_mask.png,0.4298740740740741,valid,600x450,600x450
IL_5390577,IL_5390577,/marimo/milk10k/MILK10k_Training_Input/IL_5390577/ISIC_8305576.jpg,/marimo/milk10k_train_masks/IL_5390577_dermoscopic_mask.png,0.19533333333333333,valid,600x450,600x450
IL_5391929,IL_5391929,/marimo/milk10k/MILK10k_Training_Input/IL_5391929/ISIC_6747902.jpg,/marimo/milk10k_train_masks/IL_5391929_dermoscopic_mask.png,0.3249,valid,600x450,600x450
IL_5394368,IL_5394368,/marimo/milk10k/MILK10k_Training_Input/IL_5394368/ISIC_0924335.jpg,/marimo/milk10k_train_masks/IL_5394368_dermoscopic_mask.png,0.580737037037037,valid,600x450,600x450
IL_5396627,IL_5396627,/marimo/milk10k/MILK10k_Training_Input/IL_5396627/ISIC_8098771.jpg,/marimo/milk10k_train_masks/IL_5396627_dermoscopic_mask.png,0.7960888888888888,valid,600x450,600x450
IL_5397664,IL_5397664,/marimo/milk10k/MILK10k_Training_Input/IL_5397664/ISIC_1646416.jpg,/marimo/milk10k_train_masks/IL_5397664_dermoscopic_mask.png,0.17035555555555557,valid,600x450,600x450
IL_5399357,IL_5399357,/marimo/milk10k/MILK10k_Training_Input/IL_5399357/ISIC_1344833.jpg,/marimo/milk10k_train_masks/IL_5399357_dermoscopic_mask.png,0.20135925925925927,valid,600x450,600x450
IL_5400506,IL_5400506,/marimo/milk10k/MILK10k_Training_Input/IL_5400506/ISIC_6389005.jpg,/marimo/milk10k_train_masks/IL_5400506_dermoscopic_mask.png,0.40741481481481484,valid,600x450,600x450
IL_5407088,IL_5407088,/marimo/milk10k/MILK10k_Training_Input/IL_5407088/ISIC_5711940.jpg,/marimo/milk10k_train_masks/IL_5407088_dermoscopic_mask.png,0.19105555555555556,valid,600x450,600x450
IL_5411298,IL_5411298,/marimo/milk10k/MILK10k_Training_Input/IL_5411298/ISIC_7753585.jpg,/marimo/milk10k_train_masks/IL_5411298_dermoscopic_mask.png,0.2689,valid,600x450,600x450
IL_5415624,IL_5415624,/marimo/milk10k/MILK10k_Training_Input/IL_5415624/ISIC_3090517.jpg,/marimo/milk10k_train_masks/IL_5415624_dermoscopic_mask.png,0.8420962962962963,valid,600x450,600x450
IL_5416210,IL_5416210,/marimo/milk10k/MILK10k_Training_Input/IL_5416210/ISIC_6943209.jpg,/marimo/milk10k_train_masks/IL_5416210_dermoscopic_mask.png,0.459637037037037,valid,600x450,600x450
IL_5416595,IL_5416595,/marimo/milk10k/MILK10k_Training_Input/IL_5416595/ISIC_4400687.jpg,/marimo/milk10k_train_masks/IL_5416595_dermoscopic_mask.png,0.3207888888888889,valid,600x450,600x450
IL_5417384,IL_5417384,/marimo/milk10k/MILK10k_Training_Input/IL_5417384/ISIC_6356372.jpg,/marimo/milk10k_train_masks/IL_5417384_dermoscopic_mask.png,0.3083222222222222,valid,600x450,600x450
IL_5417601,IL_5417601,/marimo/milk10k/MILK10k_Training_Input/IL_5417601/ISIC_7008068.jpg,/marimo/milk10k_train_masks/IL_5417601_dermoscopic_mask.png,0.30093333333333333,valid,600x450,600x450
IL_5418242,IL_5418242,/marimo/milk10k/MILK10k_Training_Input/IL_5418242/ISIC_6044114.jpg,/marimo/milk10k_train_masks/IL_5418242_dermoscopic_mask.png,0.33892962962962964,valid,600x450,600x450
IL_5419004,IL_5419004,/marimo/milk10k/MILK10k_Training_Input/IL_5419004/ISIC_7243372.jpg,/marimo/milk10k_train_masks/IL_5419004_dermoscopic_mask.png,0.14355555555555555,valid,600x450,600x450
IL_5420018,IL_5420018,/marimo/milk10k/MILK10k_Training_Input/IL_5420018/ISIC_9587078.jpg,/marimo/milk10k_train_masks/IL_5420018_dermoscopic_mask.png,0.4148148148148148,valid,600x450,600x450
IL_5421067,IL_5421067,/marimo/milk10k/MILK10k_Training_Input/IL_5421067/ISIC_7345682.jpg,/marimo/milk10k_train_masks/IL_5421067_dermoscopic_mask.png,0.17153333333333334,valid,600x450,600x450
IL_5422211,IL_5422211,/marimo/milk10k/MILK10k_Training_Input/IL_5422211/ISIC_7584393.jpg,/marimo/milk10k_train_masks/IL_5422211_dermoscopic_mask.png,0.10451481481481481,valid,600x450,600x450
IL_5423351,IL_5423351,/marimo/milk10k/MILK10k_Training_Input/IL_5423351/ISIC_7009394.jpg,/marimo/milk10k_train_masks/IL_5423351_dermoscopic_mask.png,0.1879222222222222,valid,600x450,600x450
IL_5424289,IL_5424289,/marimo/milk10k/MILK10k_Training_Input/IL_5424289/ISIC_2370968.jpg,/marimo/milk10k_train_masks/IL_5424289_dermoscopic_mask.png,0.3025962962962963,valid,600x450,600x450
IL_5425005,IL_5425005,/marimo/milk10k/MILK10k_Training_Input/IL_5425005/ISIC_6537586.jpg,/marimo/milk10k_train_masks/IL_5425005_dermoscopic_mask.png,0.1166962962962963,valid,600x450,600x450
IL_5425299,IL_5425299,/marimo/milk10k/MILK10k_Training_Input/IL_5425299/ISIC_3974488.jpg,/marimo/milk10k_train_masks/IL_5425299_dermoscopic_mask.png,0.17452222222222222,valid,600x450,600x450
IL_5428676,IL_5428676,/marimo/milk10k/MILK10k_Training_Input/IL_5428676/ISIC_8714957.jpg,/marimo/milk10k_train_masks/IL_5428676_dermoscopic_mask.png,0.37473703703703704,valid,600x450,600x450
IL_5429877,IL_5429877,/marimo/milk10k/MILK10k_Training_Input/IL_5429877/ISIC_5605573.jpg,/marimo/milk10k_train_masks/IL_5429877_dermoscopic_mask.png,0.3111962962962963,valid,600x450,600x450
IL_5434909,IL_5434909,/marimo/milk10k/MILK10k_Training_Input/IL_5434909/ISIC_1833069.jpg,/marimo/milk10k_train_masks/IL_5434909_dermoscopic_mask.png,0.5051074074074074,valid,600x450,600x450
IL_5436207,IL_5436207,/marimo/milk10k/MILK10k_Training_Input/IL_5436207/ISIC_1574997.jpg,/marimo/milk10k_train_masks/IL_5436207_dermoscopic_mask.png,0.47273333333333334,valid,600x450,600x450
IL_5437959,IL_5437959,/marimo/milk10k/MILK10k_Training_Input/IL_5437959/ISIC_1803069.jpg,/marimo/milk10k_train_masks/IL_5437959_dermoscopic_mask.png,0.1660888888888889,valid,600x450,600x450
IL_5438158,IL_5438158,/marimo/milk10k/MILK10k_Training_Input/IL_5438158/ISIC_5022731.jpg,/marimo/milk10k_train_masks/IL_5438158_dermoscopic_mask.png,0.3617962962962963,valid,600x450,600x450
IL_5438897,IL_5438897,/marimo/milk10k/MILK10k_Training_Input/IL_5438897/ISIC_6429343.jpg,/marimo/milk10k_train_masks/IL_5438897_dermoscopic_mask.png,0.5923185185185185,valid,600x450,600x450
IL_5439022,IL_5439022,/marimo/milk10k/MILK10k_Training_Input/IL_5439022/ISIC_3831165.jpg,/marimo/milk10k_train_masks/IL_5439022_dermoscopic_mask.png,0.3421888888888889,valid,600x450,600x450
IL_5441408,IL_5441408,/marimo/milk10k/MILK10k_Training_Input/IL_5441408/ISIC_9560548.jpg,/marimo/milk10k_train_masks/IL_5441408_dermoscopic_mask.png,0.43452962962962965,valid,600x450,600x450
IL_5444067,IL_5444067,/marimo/milk10k/MILK10k_Training_Input/IL_5444067/ISIC_3192193.jpg,/marimo/milk10k_train_masks/IL_5444067_dermoscopic_mask.png,0.1288962962962963,valid,600x450,600x450
IL_5448170,IL_5448170,/marimo/milk10k/MILK10k_Training_Input/IL_5448170/ISIC_8659657.jpg,/marimo/milk10k_train_masks/IL_5448170_dermoscopic_mask.png,0.43577777777777776,valid,600x450,600x450
IL_5451589,IL_5451589,/marimo/milk10k/MILK10k_Training_Input/IL_5451589/ISIC_2128070.jpg,/marimo/milk10k_train_masks/IL_5451589_dermoscopic_mask.png,0.5241629629629629,valid,600x450,600x450
IL_5455457,IL_5455457,/marimo/milk10k/MILK10k_Training_Input/IL_5455457/ISIC_2098382.jpg,/marimo/milk10k_train_masks/IL_5455457_dermoscopic_mask.png,0.47434814814814813,valid,600x450,600x450
IL_5458528,IL_5458528,/marimo/milk10k/MILK10k_Training_Input/IL_5458528/ISIC_0662620.jpg,/marimo/milk10k_train_masks/IL_5458528_dermoscopic_mask.png,0.38857407407407407,valid,600x450,600x450
IL_5466158,IL_5466158,/marimo/milk10k/MILK10k_Training_Input/IL_5466158/ISIC_4213648.jpg,/marimo/milk10k_train_masks/IL_5466158_dermoscopic_mask.png,0.20501851851851852,valid,600x450,600x450
IL_5466304,IL_5466304,/marimo/milk10k/MILK10k_Training_Input/IL_5466304/ISIC_2181594.jpg,/marimo/milk10k_train_masks/IL_5466304_dermoscopic_mask.png,0.4354777777777778,valid,600x450,600x450
IL_5468213,IL_5468213,/marimo/milk10k/MILK10k_Training_Input/IL_5468213/ISIC_5509823.jpg,/marimo/milk10k_train_masks/IL_5468213_dermoscopic_mask.png,0.3918740740740741,valid,600x450,600x450
IL_5469172,IL_5469172,/marimo/milk10k/MILK10k_Training_Input/IL_5469172/ISIC_8042747.jpg,/marimo/milk10k_train_masks/IL_5469172_dermoscopic_mask.png,0.41516296296296296,valid,600x450,600x450
IL_5470919,IL_5470919,/marimo/milk10k/MILK10k_Training_Input/IL_5470919/ISIC_2867998.jpg,/marimo/milk10k_train_masks/IL_5470919_dermoscopic_mask.png,0.38271481481481484,valid,600x450,600x450
IL_5472522,IL_5472522,/marimo/milk10k/MILK10k_Training_Input/IL_5472522/ISIC_2822341.jpg,/marimo/milk10k_train_masks/IL_5472522_dermoscopic_mask.png,0.23952592592592592,valid,600x450,600x450
IL_5473127,IL_5473127,/marimo/milk10k/MILK10k_Training_Input/IL_5473127/ISIC_7447961.jpg,/marimo/milk10k_train_masks/IL_5473127_dermoscopic_mask.png,0.20372592592592592,valid,600x450,600x450
IL_5476058,IL_5476058,/marimo/milk10k/MILK10k_Training_Input/IL_5476058/ISIC_6038213.jpg,/marimo/milk10k_train_masks/IL_5476058_dermoscopic_mask.png,0.4438740740740741,valid,600x450,600x450
IL_5478972,IL_5478972,/marimo/milk10k/MILK10k_Training_Input/IL_5478972/ISIC_8385616.jpg,/marimo/milk10k_train_masks/IL_5478972_dermoscopic_mask.png,0.17678518518518518,valid,600x450,600x450
IL_5482289,IL_5482289,/marimo/milk10k/MILK10k_Training_Input/IL_5482289/ISIC_3945933.jpg,/marimo/milk10k_train_masks/IL_5482289_dermoscopic_mask.png,0.28655555555555556,valid,600x450,600x450
IL_5482346,IL_5482346,/marimo/milk10k/MILK10k_Training_Input/IL_5482346/ISIC_4411067.jpg,/marimo/milk10k_train_masks/IL_5482346_dermoscopic_mask.png,0.3398962962962963,valid,600x450,600x450
IL_5489225,IL_5489225,/marimo/milk10k/MILK10k_Training_Input/IL_5489225/ISIC_0292393.jpg,/marimo/milk10k_train_masks/IL_5489225_dermoscopic_mask.png,0.1782074074074074,valid,600x450,600x450
IL_5490327,IL_5490327,/marimo/milk10k/MILK10k_Training_Input/IL_5490327/ISIC_5634198.jpg,/marimo/milk10k_train_masks/IL_5490327_dermoscopic_mask.png,0.45654814814814815,valid,600x450,600x450
IL_5490605,IL_5490605,/marimo/milk10k/MILK10k_Training_Input/IL_5490605/ISIC_4425852.jpg,/marimo/milk10k_train_masks/IL_5490605_dermoscopic_mask.png,0.18447777777777777,valid,600x450,600x450
IL_5492781,IL_5492781,/marimo/milk10k/MILK10k_Training_Input/IL_5492781/ISIC_5938890.jpg,/marimo/milk10k_train_masks/IL_5492781_dermoscopic_mask.png,0.3307777777777778,valid,600x450,600x450
IL_5493547,IL_5493547,/marimo/milk10k/MILK10k_Training_Input/IL_5493547/ISIC_2902367.jpg,/marimo/milk10k_train_masks/IL_5493547_dermoscopic_mask.png,0.083,valid,600x450,600x450
IL_5496114,IL_5496114,/marimo/milk10k/MILK10k_Training_Input/IL_5496114/ISIC_5629148.jpg,/marimo/milk10k_train_masks/IL_5496114_dermoscopic_mask.png,0.6412148148148148,valid,600x450,600x450
IL_5499388,IL_5499388,/marimo/milk10k/MILK10k_Training_Input/IL_5499388/ISIC_1670166.jpg,/marimo/milk10k_train_masks/IL_5499388_dermoscopic_mask.png,0.24306666666666665,valid,600x450,600x450
IL_5504349,IL_5504349,/marimo/milk10k/MILK10k_Training_Input/IL_5504349/ISIC_4833123.jpg,/marimo/milk10k_train_masks/IL_5504349_dermoscopic_mask.png,0.13273333333333334,valid,600x450,600x450
IL_5504376,IL_5504376,/marimo/milk10k/MILK10k_Training_Input/IL_5504376/ISIC_9276715.jpg,/marimo/milk10k_train_masks/IL_5504376_dermoscopic_mask.png,0.6860777777777778,valid,600x450,600x450
IL_5507611,IL_5507611,/marimo/milk10k/MILK10k_Training_Input/IL_5507611/ISIC_4423752.jpg,/marimo/milk10k_train_masks/IL_5507611_dermoscopic_mask.png,0.359837037037037,valid,600x450,600x450
IL_5508020,IL_5508020,/marimo/milk10k/MILK10k_Training_Input/IL_5508020/ISIC_9549096.jpg,/marimo/milk10k_train_masks/IL_5508020_dermoscopic_mask.png,0.16427777777777777,valid,600x450,600x450
IL_5512123,IL_5512123,/marimo/milk10k/MILK10k_Training_Input/IL_5512123/ISIC_4939357.jpg,/marimo/milk10k_train_masks/IL_5512123_dermoscopic_mask.png,0.3563,valid,600x450,600x450
IL_5513291,IL_5513291,/marimo/milk10k/MILK10k_Training_Input/IL_5513291/ISIC_1818377.jpg,/marimo/milk10k_train_masks/IL_5513291_dermoscopic_mask.png,0.6470074074074074,valid,600x450,600x450
IL_5518223,IL_5518223,/marimo/milk10k/MILK10k_Training_Input/IL_5518223/ISIC_0835030.jpg,/marimo/milk10k_train_masks/IL_5518223_dermoscopic_mask.png,0.2989111111111111,valid,600x450,600x450
IL_5518573,IL_5518573,/marimo/milk10k/MILK10k_Training_Input/IL_5518573/ISIC_0273939.jpg,/marimo/milk10k_train_masks/IL_5518573_dermoscopic_mask.png,0.46357777777777776,valid,600x450,600x450
IL_5519397,IL_5519397,/marimo/milk10k/MILK10k_Training_Input/IL_5519397/ISIC_8746740.jpg,/marimo/milk10k_train_masks/IL_5519397_dermoscopic_mask.png,0.43067037037037037,valid,600x450,600x450
IL_5526388,IL_5526388,/marimo/milk10k/MILK10k_Training_Input/IL_5526388/ISIC_7957957.jpg,/marimo/milk10k_train_masks/IL_5526388_dermoscopic_mask.png,0.37545925925925927,valid,600x450,600x450
IL_5526869,IL_5526869,/marimo/milk10k/MILK10k_Training_Input/IL_5526869/ISIC_2309647.jpg,/marimo/milk10k_train_masks/IL_5526869_dermoscopic_mask.png,0.2756296296296296,valid,600x450,600x450
IL_5527928,IL_5527928,/marimo/milk10k/MILK10k_Training_Input/IL_5527928/ISIC_9434832.jpg,/marimo/milk10k_train_masks/IL_5527928_dermoscopic_mask.png,0.16914444444444443,valid,600x450,600x450
IL_5529051,IL_5529051,/marimo/milk10k/MILK10k_Training_Input/IL_5529051/ISIC_9661702.jpg,/marimo/milk10k_train_masks/IL_5529051_dermoscopic_mask.png,0.4343851851851852,valid,600x450,600x450
IL_5529544,IL_5529544,/marimo/milk10k/MILK10k_Training_Input/IL_5529544/ISIC_4691479.jpg,/marimo/milk10k_train_masks/IL_5529544_dermoscopic_mask.png,0.04027777777777778,valid,600x450,600x450
IL_5533204,IL_5533204,/marimo/milk10k/MILK10k_Training_Input/IL_5533204/ISIC_1741453.jpg,/marimo/milk10k_train_masks/IL_5533204_dermoscopic_mask.png,0.23072962962962962,valid,600x450,600x450
IL_5534064,IL_5534064,/marimo/milk10k/MILK10k_Training_Input/IL_5534064/ISIC_0907266.jpg,/marimo/milk10k_train_masks/IL_5534064_dermoscopic_mask.png,0.6479555555555555,valid,600x450,600x450
IL_5534472,IL_5534472,/marimo/milk10k/MILK10k_Training_Input/IL_5534472/ISIC_7500032.jpg,/marimo/milk10k_train_masks/IL_5534472_dermoscopic_mask.png,0.22714814814814815,valid,600x450,600x450
IL_5535772,IL_5535772,/marimo/milk10k/MILK10k_Training_Input/IL_5535772/ISIC_8945633.jpg,/marimo/milk10k_train_masks/IL_5535772_dermoscopic_mask.png,0.28445185185185184,valid,600x450,600x450
IL_5543989,IL_5543989,/marimo/milk10k/MILK10k_Training_Input/IL_5543989/ISIC_1714879.jpg,/marimo/milk10k_train_masks/IL_5543989_dermoscopic_mask.png,0.07773333333333333,valid,600x450,600x450
IL_5545955,IL_5545955,/marimo/milk10k/MILK10k_Training_Input/IL_5545955/ISIC_0090512.jpg,/marimo/milk10k_train_masks/IL_5545955_dermoscopic_mask.png,0.2591407407407407,valid,600x450,600x450
IL_5550587,IL_5550587,/marimo/milk10k/MILK10k_Training_Input/IL_5550587/ISIC_2525497.jpg,/marimo/milk10k_train_masks/IL_5550587_dermoscopic_mask.png,0.13741851851851852,valid,600x450,600x450
IL_5550773,IL_5550773,/marimo/milk10k/MILK10k_Training_Input/IL_5550773/ISIC_8620082.jpg,/marimo/milk10k_train_masks/IL_5550773_dermoscopic_mask.png,0.5257333333333334,valid,600x450,600x450
IL_5551611,IL_5551611,/marimo/milk10k/MILK10k_Training_Input/IL_5551611/ISIC_9476389.jpg,/marimo/milk10k_train_masks/IL_5551611_dermoscopic_mask.png,0.45306296296296295,valid,600x450,600x450
IL_5553029,IL_5553029,/marimo/milk10k/MILK10k_Training_Input/IL_5553029/ISIC_8413819.jpg,/marimo/milk10k_train_masks/IL_5553029_dermoscopic_mask.png,0.4986148148148148,valid,600x450,600x450
IL_5554236,IL_5554236,/marimo/milk10k/MILK10k_Training_Input/IL_5554236/ISIC_5567558.jpg,/marimo/milk10k_train_masks/IL_5554236_dermoscopic_mask.png,0.4676518518518519,valid,600x450,600x450
IL_5555237,IL_5555237,/marimo/milk10k/MILK10k_Training_Input/IL_5555237/ISIC_5638742.jpg,/marimo/milk10k_train_masks/IL_5555237_dermoscopic_mask.png,0.3910037037037037,valid,600x450,600x450
IL_5555860,IL_5555860,/marimo/milk10k/MILK10k_Training_Input/IL_5555860/ISIC_9064266.jpg,/marimo/milk10k_train_masks/IL_5555860_dermoscopic_mask.png,0.3153962962962963,valid,600x450,600x450
IL_5557985,IL_5557985,/marimo/milk10k/MILK10k_Training_Input/IL_5557985/ISIC_2031349.jpg,/marimo/milk10k_train_masks/IL_5557985_dermoscopic_mask.png,0.12224074074074075,valid,600x450,600x450
IL_5560445,IL_5560445,/marimo/milk10k/MILK10k_Training_Input/IL_5560445/ISIC_6845294.jpg,/marimo/milk10k_train_masks/IL_5560445_dermoscopic_mask.png,0.1743037037037037,valid,600x450,600x450
IL_5561688,IL_5561688,/marimo/milk10k/MILK10k_Training_Input/IL_5561688/ISIC_9822543.jpg,/marimo/milk10k_train_masks/IL_5561688_dermoscopic_mask.png,0.18280740740740742,valid,600x450,600x450
IL_5562402,IL_5562402,/marimo/milk10k/MILK10k_Training_Input/IL_5562402/ISIC_0755088.jpg,/marimo/milk10k_train_masks/IL_5562402_dermoscopic_mask.png,0.5509185185185185,valid,600x450,600x450
IL_5563241,IL_5563241,/marimo/milk10k/MILK10k_Training_Input/IL_5563241/ISIC_7610657.jpg,/marimo/milk10k_train_masks/IL_5563241_dermoscopic_mask.png,0.18844444444444444,valid,600x450,600x450
IL_5564093,IL_5564093,/marimo/milk10k/MILK10k_Training_Input/IL_5564093/ISIC_7315517.jpg,/marimo/milk10k_train_masks/IL_5564093_dermoscopic_mask.png,0.3749851851851852,valid,600x450,600x450
IL_5566169,IL_5566169,/marimo/milk10k/MILK10k_Training_Input/IL_5566169/ISIC_0360727.jpg,/marimo/milk10k_train_masks/IL_5566169_dermoscopic_mask.png,0.10305185185185185,valid,600x450,600x450
IL_5568661,IL_5568661,/marimo/milk10k/MILK10k_Training_Input/IL_5568661/ISIC_1844559.jpg,/marimo/milk10k_train_masks/IL_5568661_dermoscopic_mask.png,0.08919259259259259,valid,600x450,600x450
IL_5569419,IL_5569419,/marimo/milk10k/MILK10k_Training_Input/IL_5569419/ISIC_3865643.jpg,/marimo/milk10k_train_masks/IL_5569419_dermoscopic_mask.png,0.0,too_small,600x450,600x450
IL_5569670,IL_5569670,/marimo/milk10k/MILK10k_Training_Input/IL_5569670/ISIC_6276225.jpg,/marimo/milk10k_train_masks/IL_5569670_dermoscopic_mask.png,0.5178814814814815,valid,600x450,600x450
IL_5570821,IL_5570821,/marimo/milk10k/MILK10k_Training_Input/IL_5570821/ISIC_1837879.jpg,/marimo/milk10k_train_masks/IL_5570821_dermoscopic_mask.png,0.12957407407407406,valid,600x450,600x450
IL_5571355,IL_5571355,/marimo/milk10k/MILK10k_Training_Input/IL_5571355/ISIC_5442968.jpg,/marimo/milk10k_train_masks/IL_5571355_dermoscopic_mask.png,0.390762962962963,valid,600x450,600x450
IL_5572380,IL_5572380,/marimo/milk10k/MILK10k_Training_Input/IL_5572380/ISIC_8586056.jpg,/marimo/milk10k_train_masks/IL_5572380_dermoscopic_mask.png,0.538837037037037,valid,600x450,600x450
IL_5572496,IL_5572496,/marimo/milk10k/MILK10k_Training_Input/IL_5572496/ISIC_7261168.jpg,/marimo/milk10k_train_masks/IL_5572496_dermoscopic_mask.png,0.19305925925925926,valid,600x450,600x450
IL_5574857,IL_5574857,/marimo/milk10k/MILK10k_Training_Input/IL_5574857/ISIC_0167803.jpg,/marimo/milk10k_train_masks/IL_5574857_dermoscopic_mask.png,0.35484444444444446,valid,600x450,600x450
IL_5574879,IL_5574879,/marimo/milk10k/MILK10k_Training_Input/IL_5574879/ISIC_8947312.jpg,/marimo/milk10k_train_masks/IL_5574879_dermoscopic_mask.png,0.36664444444444444,valid,600x450,600x450
IL_5575063,IL_5575063,/marimo/milk10k/MILK10k_Training_Input/IL_5575063/ISIC_1603122.jpg,/marimo/milk10k_train_masks/IL_5575063_dermoscopic_mask.png,0.5423962962962963,valid,600x450,600x450
IL_5575734,IL_5575734,/marimo/milk10k/MILK10k_Training_Input/IL_5575734/ISIC_9737054.jpg,/marimo/milk10k_train_masks/IL_5575734_dermoscopic_mask.png,0.22663333333333333,valid,600x450,600x450
IL_5576259,IL_5576259,/marimo/milk10k/MILK10k_Training_Input/IL_5576259/ISIC_6831651.jpg,/marimo/milk10k_train_masks/IL_5576259_dermoscopic_mask.png,0.3052148148148148,valid,600x450,600x450
IL_5576993,IL_5576993,/marimo/milk10k/MILK10k_Training_Input/IL_5576993/ISIC_8698177.jpg,/marimo/milk10k_train_masks/IL_5576993_dermoscopic_mask.png,0.026774074074074075,valid,600x450,600x450
IL_5577465,IL_5577465,/marimo/milk10k/MILK10k_Training_Input/IL_5577465/ISIC_4043651.jpg,/marimo/milk10k_train_masks/IL_5577465_dermoscopic_mask.png,0.08773333333333333,valid,600x450,600x450
IL_5577667,IL_5577667,/marimo/milk10k/MILK10k_Training_Input/IL_5577667/ISIC_1990436.jpg,/marimo/milk10k_train_masks/IL_5577667_dermoscopic_mask.png,0.40623333333333334,valid,600x450,600x450
IL_5579945,IL_5579945,/marimo/milk10k/MILK10k_Training_Input/IL_5579945/ISIC_4957929.jpg,/marimo/milk10k_train_masks/IL_5579945_dermoscopic_mask.png,0.3112111111111111,valid,600x450,600x450
IL_5580548,IL_5580548,/marimo/milk10k/MILK10k_Training_Input/IL_5580548/ISIC_2845706.jpg,/marimo/milk10k_train_masks/IL_5580548_dermoscopic_mask.png,0.22998518518518518,valid,600x450,600x450
IL_5584867,IL_5584867,/marimo/milk10k/MILK10k_Training_Input/IL_5584867/ISIC_1335240.jpg,/marimo/milk10k_train_masks/IL_5584867_dermoscopic_mask.png,0.19664814814814816,valid,600x450,600x450
IL_5587633,IL_5587633,/marimo/milk10k/MILK10k_Training_Input/IL_5587633/ISIC_8420285.jpg,/marimo/milk10k_train_masks/IL_5587633_dermoscopic_mask.png,0.22484814814814816,valid,600x450,600x450
IL_5588135,IL_5588135,/marimo/milk10k/MILK10k_Training_Input/IL_5588135/ISIC_7818562.jpg,/marimo/milk10k_train_masks/IL_5588135_dermoscopic_mask.png,0.21384814814814815,valid,600x450,600x450
IL_5590437,IL_5590437,/marimo/milk10k/MILK10k_Training_Input/IL_5590437/ISIC_9250989.jpg,/marimo/milk10k_train_masks/IL_5590437_dermoscopic_mask.png,0.4741851851851852,valid,600x450,600x450
IL_5590663,IL_5590663,/marimo/milk10k/MILK10k_Training_Input/IL_5590663/ISIC_2232926.jpg,/marimo/milk10k_train_masks/IL_5590663_dermoscopic_mask.png,0.3095222222222222,valid,600x450,600x450
IL_5592337,IL_5592337,/marimo/milk10k/MILK10k_Training_Input/IL_5592337/ISIC_1083704.jpg,/marimo/milk10k_train_masks/IL_5592337_dermoscopic_mask.png,0.04865185185185185,valid,600x450,600x450
IL_5600470,IL_5600470,/marimo/milk10k/MILK10k_Training_Input/IL_5600470/ISIC_3446046.jpg,/marimo/milk10k_train_masks/IL_5600470_dermoscopic_mask.png,0.29282592592592593,valid,600x450,600x450
IL_5601227,IL_5601227,/marimo/milk10k/MILK10k_Training_Input/IL_5601227/ISIC_1845537.jpg,/marimo/milk10k_train_masks/IL_5601227_dermoscopic_mask.png,0.1485,valid,600x450,600x450
IL_5601775,IL_5601775,/marimo/milk10k/MILK10k_Training_Input/IL_5601775/ISIC_4713403.jpg,/marimo/milk10k_train_masks/IL_5601775_dermoscopic_mask.png,0.23243703703703703,valid,600x450,600x450
IL_5604150,IL_5604150,/marimo/milk10k/MILK10k_Training_Input/IL_5604150/ISIC_5566852.jpg,/marimo/milk10k_train_masks/IL_5604150_dermoscopic_mask.png,0.28814814814814815,valid,600x450,600x450
IL_5604764,IL_5604764,/marimo/milk10k/MILK10k_Training_Input/IL_5604764/ISIC_5179024.jpg,/marimo/milk10k_train_masks/IL_5604764_dermoscopic_mask.png,0.5568037037037037,valid,600x450,600x450
IL_5606298,IL_5606298,/marimo/milk10k/MILK10k_Training_Input/IL_5606298/ISIC_1393721.jpg,/marimo/milk10k_train_masks/IL_5606298_dermoscopic_mask.png,0.4080814814814815,valid,600x450,600x450
IL_5607525,IL_5607525,/marimo/milk10k/MILK10k_Training_Input/IL_5607525/ISIC_5671567.jpg,/marimo/milk10k_train_masks/IL_5607525_dermoscopic_mask.png,0.3136851851851852,valid,600x450,600x450
IL_5607786,IL_5607786,/marimo/milk10k/MILK10k_Training_Input/IL_5607786/ISIC_5699349.jpg,/marimo/milk10k_train_masks/IL_5607786_dermoscopic_mask.png,0.2561777777777778,valid,600x450,600x450
IL_5607912,IL_5607912,/marimo/milk10k/MILK10k_Training_Input/IL_5607912/ISIC_2605163.jpg,/marimo/milk10k_train_masks/IL_5607912_dermoscopic_mask.png,0.6255814814814815,valid,600x450,600x450
IL_5608215,IL_5608215,/marimo/milk10k/MILK10k_Training_Input/IL_5608215/ISIC_7902497.jpg,/marimo/milk10k_train_masks/IL_5608215_dermoscopic_mask.png,0.5304074074074074,valid,600x450,600x450
IL_5610769,IL_5610769,/marimo/milk10k/MILK10k_Training_Input/IL_5610769/ISIC_5833236.jpg,/marimo/milk10k_train_masks/IL_5610769_dermoscopic_mask.png,0.29952222222222225,valid,600x450,600x450
IL_5611087,IL_5611087,/marimo/milk10k/MILK10k_Training_Input/IL_5611087/ISIC_8923256.jpg,/marimo/milk10k_train_masks/IL_5611087_dermoscopic_mask.png,0.2772148148148148,valid,600x450,600x450
IL_5612108,IL_5612108,/marimo/milk10k/MILK10k_Training_Input/IL_5612108/ISIC_7251011.jpg,/marimo/milk10k_train_masks/IL_5612108_dermoscopic_mask.png,0.35685555555555554,valid,600x450,600x450
IL_5614486,IL_5614486,/marimo/milk10k/MILK10k_Training_Input/IL_5614486/ISIC_2740604.jpg,/marimo/milk10k_train_masks/IL_5614486_dermoscopic_mask.png,0.5238814814814815,valid,600x450,600x450
IL_5619918,IL_5619918,/marimo/milk10k/MILK10k_Training_Input/IL_5619918/ISIC_1133187.jpg,/marimo/milk10k_train_masks/IL_5619918_dermoscopic_mask.png,0.17137037037037037,valid,600x450,600x450
IL_5620268,IL_5620268,/marimo/milk10k/MILK10k_Training_Input/IL_5620268/ISIC_6907436.jpg,/marimo/milk10k_train_masks/IL_5620268_dermoscopic_mask.png,0.16994444444444445,valid,600x450,600x450
IL_5621754,IL_5621754,/marimo/milk10k/MILK10k_Training_Input/IL_5621754/ISIC_6076269.jpg,/marimo/milk10k_train_masks/IL_5621754_dermoscopic_mask.png,0.1327888888888889,valid,600x450,600x450
IL_5623343,IL_5623343,/marimo/milk10k/MILK10k_Training_Input/IL_5623343/ISIC_0339191.jpg,/marimo/milk10k_train_masks/IL_5623343_dermoscopic_mask.png,0.5211851851851852,valid,600x450,600x450
IL_5625000,IL_5625000,/marimo/milk10k/MILK10k_Training_Input/IL_5625000/ISIC_2255098.jpg,/marimo/milk10k_train_masks/IL_5625000_dermoscopic_mask.png,0.09696666666666667,valid,600x450,600x450
IL_5625816,IL_5625816,/marimo/milk10k/MILK10k_Training_Input/IL_5625816/ISIC_4877797.jpg,/marimo/milk10k_train_masks/IL_5625816_dermoscopic_mask.png,0.4919962962962963,valid,600x450,600x450
IL_5627565,IL_5627565,/marimo/milk10k/MILK10k_Training_Input/IL_5627565/ISIC_3197377.jpg,/marimo/milk10k_train_masks/IL_5627565_dermoscopic_mask.png,0.42444074074074073,valid,600x450,600x450
IL_5631172,IL_5631172,/marimo/milk10k/MILK10k_Training_Input/IL_5631172/ISIC_2877235.jpg,/marimo/milk10k_train_masks/IL_5631172_dermoscopic_mask.png,0.4238,valid,600x450,600x450
IL_5631575,IL_5631575,/marimo/milk10k/MILK10k_Training_Input/IL_5631575/ISIC_9188614.jpg,/marimo/milk10k_train_masks/IL_5631575_dermoscopic_mask.png,0.07427037037037038,valid,600x450,600x450
IL_5645205,IL_5645205,/marimo/milk10k/MILK10k_Training_Input/IL_5645205/ISIC_7836855.jpg,/marimo/milk10k_train_masks/IL_5645205_dermoscopic_mask.png,0.3428555555555556,valid,600x450,600x450
IL_5655244,IL_5655244,/marimo/milk10k/MILK10k_Training_Input/IL_5655244/ISIC_5157495.jpg,/marimo/milk10k_train_masks/IL_5655244_dermoscopic_mask.png,0.5458481481481482,valid,600x450,600x450
IL_5655863,IL_5655863,/marimo/milk10k/MILK10k_Training_Input/IL_5655863/ISIC_8274376.jpg,/marimo/milk10k_train_masks/IL_5655863_dermoscopic_mask.png,0.10162222222222222,valid,600x450,600x450
IL_5657022,IL_5657022,/marimo/milk10k/MILK10k_Training_Input/IL_5657022/ISIC_5657346.jpg,/marimo/milk10k_train_masks/IL_5657022_dermoscopic_mask.png,0.45866296296296294,valid,600x450,600x450
IL_5661640,IL_5661640,/marimo/milk10k/MILK10k_Training_Input/IL_5661640/ISIC_3250692.jpg,/marimo/milk10k_train_masks/IL_5661640_dermoscopic_mask.png,0.4900407407407407,valid,600x450,600x450
IL_5666618,IL_5666618,/marimo/milk10k/MILK10k_Training_Input/IL_5666618/ISIC_8653825.jpg,/marimo/milk10k_train_masks/IL_5666618_dermoscopic_mask.png,0.6584185185185185,valid,600x450,600x450
IL_5670003,IL_5670003,/marimo/milk10k/MILK10k_Training_Input/IL_5670003/ISIC_3154934.jpg,/marimo/milk10k_train_masks/IL_5670003_dermoscopic_mask.png,0.17967037037037037,valid,600x450,600x450
IL_5672522,IL_5672522,/marimo/milk10k/MILK10k_Training_Input/IL_5672522/ISIC_5142210.jpg,/marimo/milk10k_train_masks/IL_5672522_dermoscopic_mask.png,0.08075925925925925,valid,600x450,600x450
IL_5673593,IL_5673593,/marimo/milk10k/MILK10k_Training_Input/IL_5673593/ISIC_9384345.jpg,/marimo/milk10k_train_masks/IL_5673593_dermoscopic_mask.png,0.21904074074074073,valid,600x450,600x450
IL_5675707,IL_5675707,/marimo/milk10k/MILK10k_Training_Input/IL_5675707/ISIC_2546925.jpg,/marimo/milk10k_train_masks/IL_5675707_dermoscopic_mask.png,0.15308148148148149,valid,600x450,600x450
IL_5675796,IL_5675796,/marimo/milk10k/MILK10k_Training_Input/IL_5675796/ISIC_5402488.jpg,/marimo/milk10k_train_masks/IL_5675796_dermoscopic_mask.png,0.1540888888888889,valid,600x450,600x450
IL_5675821,IL_5675821,/marimo/milk10k/MILK10k_Training_Input/IL_5675821/ISIC_4116005.jpg,/marimo/milk10k_train_masks/IL_5675821_dermoscopic_mask.png,0.3090851851851852,valid,600x450,600x450
IL_5676990,IL_5676990,/marimo/milk10k/MILK10k_Training_Input/IL_5676990/ISIC_0646544.jpg,/marimo/milk10k_train_masks/IL_5676990_dermoscopic_mask.png,0.2561222222222222,valid,600x450,600x450
IL_5684831,IL_5684831,/marimo/milk10k/MILK10k_Training_Input/IL_5684831/ISIC_2311853.jpg,/marimo/milk10k_train_masks/IL_5684831_dermoscopic_mask.png,0.22176296296296297,valid,600x450,600x450
IL_5690254,IL_5690254,/marimo/milk10k/MILK10k_Training_Input/IL_5690254/ISIC_7526819.jpg,/marimo/milk10k_train_masks/IL_5690254_dermoscopic_mask.png,0.19797777777777778,valid,600x450,600x450
IL_5691160,IL_5691160,/marimo/milk10k/MILK10k_Training_Input/IL_5691160/ISIC_5436116.jpg,/marimo/milk10k_train_masks/IL_5691160_dermoscopic_mask.png,0.2500777777777778,valid,600x450,600x450
IL_5691794,IL_5691794,/marimo/milk10k/MILK10k_Training_Input/IL_5691794/ISIC_1176236.jpg,/marimo/milk10k_train_masks/IL_5691794_dermoscopic_mask.png,0.4615851851851852,valid,600x450,600x450
IL_5693413,IL_5693413,/marimo/milk10k/MILK10k_Training_Input/IL_5693413/ISIC_8899125.jpg,/marimo/milk10k_train_masks/IL_5693413_dermoscopic_mask.png,0.528062962962963,valid,600x450,600x450
IL_5696181,IL_5696181,/marimo/milk10k/MILK10k_Training_Input/IL_5696181/ISIC_9823894.jpg,/marimo/milk10k_train_masks/IL_5696181_dermoscopic_mask.png,0.3267814814814815,valid,600x450,600x450
IL_5697539,IL_5697539,/marimo/milk10k/MILK10k_Training_Input/IL_5697539/ISIC_7198657.jpg,/marimo/milk10k_train_masks/IL_5697539_dermoscopic_mask.png,0.7273888888888889,valid,600x450,600x450
IL_5698688,IL_5698688,/marimo/milk10k/MILK10k_Training_Input/IL_5698688/ISIC_9521548.jpg,/marimo/milk10k_train_masks/IL_5698688_dermoscopic_mask.png,0.2810888888888889,valid,600x450,600x450
IL_5699716,IL_5699716,/marimo/milk10k/MILK10k_Training_Input/IL_5699716/ISIC_4184819.jpg,/marimo/milk10k_train_masks/IL_5699716_dermoscopic_mask.png,0.3133037037037037,valid,600x450,600x450
IL_5700109,IL_5700109,/marimo/milk10k/MILK10k_Training_Input/IL_5700109/ISIC_4681024.jpg,/marimo/milk10k_train_masks/IL_5700109_dermoscopic_mask.png,0.4041777777777778,valid,600x450,600x450
IL_5703544,IL_5703544,/marimo/milk10k/MILK10k_Training_Input/IL_5703544/ISIC_2175735.jpg,/marimo/milk10k_train_masks/IL_5703544_dermoscopic_mask.png,0.1140111111111111,valid,600x450,600x450
IL_5704362,IL_5704362,/marimo/milk10k/MILK10k_Training_Input/IL_5704362/ISIC_7434343.jpg,/marimo/milk10k_train_masks/IL_5704362_dermoscopic_mask.png,0.6724629629629629,valid,600x450,600x450
IL_5708642,IL_5708642,/marimo/milk10k/MILK10k_Training_Input/IL_5708642/ISIC_9159202.jpg,/marimo/milk10k_train_masks/IL_5708642_dermoscopic_mask.png,0.3903888888888889,valid,600x450,600x450
IL_5708693,IL_5708693,/marimo/milk10k/MILK10k_Training_Input/IL_5708693/ISIC_7589454.jpg,/marimo/milk10k_train_masks/IL_5708693_dermoscopic_mask.png,0.1708,valid,600x450,600x450
IL_5709126,IL_5709126,/marimo/milk10k/MILK10k_Training_Input/IL_5709126/ISIC_9399711.jpg,/marimo/milk10k_train_masks/IL_5709126_dermoscopic_mask.png,0.37074444444444443,valid,600x450,600x450
IL_5709842,IL_5709842,/marimo/milk10k/MILK10k_Training_Input/IL_5709842/ISIC_8002362.jpg,/marimo/milk10k_train_masks/IL_5709842_dermoscopic_mask.png,0.4023481481481481,valid,600x450,600x450
IL_5720105,IL_5720105,/marimo/milk10k/MILK10k_Training_Input/IL_5720105/ISIC_6881589.jpg,/marimo/milk10k_train_masks/IL_5720105_dermoscopic_mask.png,0.39482222222222224,valid,600x450,600x450
IL_5722759,IL_5722759,/marimo/milk10k/MILK10k_Training_Input/IL_5722759/ISIC_3178939.jpg,/marimo/milk10k_train_masks/IL_5722759_dermoscopic_mask.png,0.10824444444444445,valid,600x450,600x450
IL_5725663,IL_5725663,/marimo/milk10k/MILK10k_Training_Input/IL_5725663/ISIC_1462182.jpg,/marimo/milk10k_train_masks/IL_5725663_dermoscopic_mask.png,0.19405925925925926,valid,600x450,600x450
IL_5725802,IL_5725802,/marimo/milk10k/MILK10k_Training_Input/IL_5725802/ISIC_2961262.jpg,/marimo/milk10k_train_masks/IL_5725802_dermoscopic_mask.png,0.1849,valid,600x450,600x450
IL_5727849,IL_5727849,/marimo/milk10k/MILK10k_Training_Input/IL_5727849/ISIC_9536932.jpg,/marimo/milk10k_train_masks/IL_5727849_dermoscopic_mask.png,0.45233703703703704,valid,600x450,600x450
IL_5730089,IL_5730089,/marimo/milk10k/MILK10k_Training_Input/IL_5730089/ISIC_2183361.jpg,/marimo/milk10k_train_masks/IL_5730089_dermoscopic_mask.png,0.0,too_small,600x450,600x450
IL_5732372,IL_5732372,/marimo/milk10k/MILK10k_Training_Input/IL_5732372/ISIC_2990629.jpg,/marimo/milk10k_train_masks/IL_5732372_dermoscopic_mask.png,0.18226666666666666,valid,600x450,600x450
IL_5733908,IL_5733908,/marimo/milk10k/MILK10k_Training_Input/IL_5733908/ISIC_2843665.jpg,/marimo/milk10k_train_masks/IL_5733908_dermoscopic_mask.png,0.15293333333333334,valid,600x450,600x450
IL_5738134,IL_5738134,/marimo/milk10k/MILK10k_Training_Input/IL_5738134/ISIC_6642031.jpg,/marimo/milk10k_train_masks/IL_5738134_dermoscopic_mask.png,0.11850370370370371,valid,600x450,600x450
IL_5744385,IL_5744385,/marimo/milk10k/MILK10k_Training_Input/IL_5744385/ISIC_3825679.jpg,/marimo/milk10k_train_masks/IL_5744385_dermoscopic_mask.png,0.44759629629629627,valid,600x450,600x450
IL_5747064,IL_5747064,/marimo/milk10k/MILK10k_Training_Input/IL_5747064/ISIC_5707695.jpg,/marimo/milk10k_train_masks/IL_5747064_dermoscopic_mask.png,0.42333333333333334,valid,600x450,600x450
IL_5747539,IL_5747539,/marimo/milk10k/MILK10k_Training_Input/IL_5747539/ISIC_8309358.jpg,/marimo/milk10k_train_masks/IL_5747539_dermoscopic_mask.png,0.4860888888888889,valid,600x450,600x450
IL_5749341,IL_5749341,/marimo/milk10k/MILK10k_Training_Input/IL_5749341/ISIC_1419820.jpg,/marimo/milk10k_train_masks/IL_5749341_dermoscopic_mask.png,0.3087,valid,600x450,600x450
IL_5750100,IL_5750100,/marimo/milk10k/MILK10k_Training_Input/IL_5750100/ISIC_9001368.jpg,/marimo/milk10k_train_masks/IL_5750100_dermoscopic_mask.png,0.3306703703703704,valid,600x450,600x450
IL_5750110,IL_5750110,/marimo/milk10k/MILK10k_Training_Input/IL_5750110/ISIC_9214947.jpg,/marimo/milk10k_train_masks/IL_5750110_dermoscopic_mask.png,0.3459851851851852,valid,600x450,600x450
IL_5752488,IL_5752488,/marimo/milk10k/MILK10k_Training_Input/IL_5752488/ISIC_5104415.jpg,/marimo/milk10k_train_masks/IL_5752488_dermoscopic_mask.png,0.4763222222222222,valid,600x450,600x450
IL_5753278,IL_5753278,/marimo/milk10k/MILK10k_Training_Input/IL_5753278/ISIC_2020398.jpg,/marimo/milk10k_train_masks/IL_5753278_dermoscopic_mask.png,0.1667962962962963,valid,600x450,600x450
IL_5755884,IL_5755884,/marimo/milk10k/MILK10k_Training_Input/IL_5755884/ISIC_4063953.jpg,/marimo/milk10k_train_masks/IL_5755884_dermoscopic_mask.png,0.29294444444444445,valid,600x450,600x450
IL_5759496,IL_5759496,/marimo/milk10k/MILK10k_Training_Input/IL_5759496/ISIC_5413870.jpg,/marimo/milk10k_train_masks/IL_5759496_dermoscopic_mask.png,0.15188148148148148,valid,600x450,600x450
IL_5762747,IL_5762747,/marimo/milk10k/MILK10k_Training_Input/IL_5762747/ISIC_8381606.jpg,/marimo/milk10k_train_masks/IL_5762747_dermoscopic_mask.png,0.35293703703703705,valid,600x450,600x450
IL_5764596,IL_5764596,/marimo/milk10k/MILK10k_Training_Input/IL_5764596/ISIC_7537434.jpg,/marimo/milk10k_train_masks/IL_5764596_dermoscopic_mask.png,0.3392703703703704,valid,600x450,600x450
IL_5764702,IL_5764702,/marimo/milk10k/MILK10k_Training_Input/IL_5764702/ISIC_1810342.jpg,/marimo/milk10k_train_masks/IL_5764702_dermoscopic_mask.png,0.3789296296296296,valid,600x450,600x450
IL_5765069,IL_5765069,/marimo/milk10k/MILK10k_Training_Input/IL_5765069/ISIC_5959727.jpg,/marimo/milk10k_train_masks/IL_5765069_dermoscopic_mask.png,0.37801851851851853,valid,600x450,600x450
IL_5766424,IL_5766424,/marimo/milk10k/MILK10k_Training_Input/IL_5766424/ISIC_0373826.jpg,/marimo/milk10k_train_masks/IL_5766424_dermoscopic_mask.png,0.306337037037037,valid,600x450,600x450
IL_5766426,IL_5766426,/marimo/milk10k/MILK10k_Training_Input/IL_5766426/ISIC_7450231.jpg,/marimo/milk10k_train_masks/IL_5766426_dermoscopic_mask.png,0.6170444444444444,valid,600x450,600x450
IL_5766493,IL_5766493,/marimo/milk10k/MILK10k_Training_Input/IL_5766493/ISIC_2122841.jpg,/marimo/milk10k_train_masks/IL_5766493_dermoscopic_mask.png,0.1612888888888889,valid,600x450,600x450
IL_5767308,IL_5767308,/marimo/milk10k/MILK10k_Training_Input/IL_5767308/ISIC_8858676.jpg,/marimo/milk10k_train_masks/IL_5767308_dermoscopic_mask.png,0.5488851851851851,valid,600x450,600x450
IL_5767772,IL_5767772,/marimo/milk10k/MILK10k_Training_Input/IL_5767772/ISIC_1774371.jpg,/marimo/milk10k_train_masks/IL_5767772_dermoscopic_mask.png,0.28507037037037036,valid,600x450,600x450
IL_5768412,IL_5768412,/marimo/milk10k/MILK10k_Training_Input/IL_5768412/ISIC_6026324.jpg,/marimo/milk10k_train_masks/IL_5768412_dermoscopic_mask.png,0.1735,valid,600x450,600x450
IL_5769609,IL_5769609,/marimo/milk10k/MILK10k_Training_Input/IL_5769609/ISIC_0610035.jpg,/marimo/milk10k_train_masks/IL_5769609_dermoscopic_mask.png,0.6112888888888889,valid,600x450,600x450
IL_5770532,IL_5770532,/marimo/milk10k/MILK10k_Training_Input/IL_5770532/ISIC_2205902.jpg,/marimo/milk10k_train_masks/IL_5770532_dermoscopic_mask.png,0.06570370370370371,valid,600x450,600x450
IL_5770748,IL_5770748,/marimo/milk10k/MILK10k_Training_Input/IL_5770748/ISIC_7775074.jpg,/marimo/milk10k_train_masks/IL_5770748_dermoscopic_mask.png,0.28854814814814816,valid,600x450,600x450
IL_5771256,IL_5771256,/marimo/milk10k/MILK10k_Training_Input/IL_5771256/ISIC_5675875.jpg,/marimo/milk10k_train_masks/IL_5771256_dermoscopic_mask.png,0.05857407407407408,valid,600x450,600x450
IL_5775257,IL_5775257,/marimo/milk10k/MILK10k_Training_Input/IL_5775257/ISIC_4440119.jpg,/marimo/milk10k_train_masks/IL_5775257_dermoscopic_mask.png,0.1079,valid,600x450,600x450
IL_5779680,IL_5779680,/marimo/milk10k/MILK10k_Training_Input/IL_5779680/ISIC_4351882.jpg,/marimo/milk10k_train_masks/IL_5779680_dermoscopic_mask.png,0.35856296296296297,valid,600x450,600x450
IL_5780868,IL_5780868,/marimo/milk10k/MILK10k_Training_Input/IL_5780868/ISIC_1111101.jpg,/marimo/milk10k_train_masks/IL_5780868_dermoscopic_mask.png,0.3523296296296296,valid,600x450,600x450
IL_5780931,IL_5780931,/marimo/milk10k/MILK10k_Training_Input/IL_5780931/ISIC_9519122.jpg,/marimo/milk10k_train_masks/IL_5780931_dermoscopic_mask.png,0.2772148148148148,valid,600x450,600x450
IL_5782288,IL_5782288,/marimo/milk10k/MILK10k_Training_Input/IL_5782288/ISIC_9566444.jpg,/marimo/milk10k_train_masks/IL_5782288_dermoscopic_mask.png,0.33414444444444447,valid,600x450,600x450
IL_5784432,IL_5784432,/marimo/milk10k/MILK10k_Training_Input/IL_5784432/ISIC_0802543.jpg,/marimo/milk10k_train_masks/IL_5784432_dermoscopic_mask.png,0.33218148148148147,valid,600x450,600x450
IL_5787945,IL_5787945,/marimo/milk10k/MILK10k_Training_Input/IL_5787945/ISIC_6896664.jpg,/marimo/milk10k_train_masks/IL_5787945_dermoscopic_mask.png,0.6367925925925926,valid,600x450,600x450
IL_5790103,IL_5790103,/marimo/milk10k/MILK10k_Training_Input/IL_5790103/ISIC_5832081.jpg,/marimo/milk10k_train_masks/IL_5790103_dermoscopic_mask.png,0.36461481481481484,valid,600x450,600x450
IL_5790573,IL_5790573,/marimo/milk10k/MILK10k_Training_Input/IL_5790573/ISIC_6648449.jpg,/marimo/milk10k_train_masks/IL_5790573_dermoscopic_mask.png,0.49827777777777776,valid,600x450,600x450
IL_5793339,IL_5793339,/marimo/milk10k/MILK10k_Training_Input/IL_5793339/ISIC_9093424.jpg,/marimo/milk10k_train_masks/IL_5793339_dermoscopic_mask.png,0.32624444444444445,valid,600x450,600x450
IL_5795574,IL_5795574,/marimo/milk10k/MILK10k_Training_Input/IL_5795574/ISIC_7128280.jpg,/marimo/milk10k_train_masks/IL_5795574_dermoscopic_mask.png,0.7208481481481481,valid,600x450,600x450
IL_5795869,IL_5795869,/marimo/milk10k/MILK10k_Training_Input/IL_5795869/ISIC_3327928.jpg,/marimo/milk10k_train_masks/IL_5795869_dermoscopic_mask.png,0.21226296296296296,valid,600x450,600x450
IL_5797500,IL_5797500,/marimo/milk10k/MILK10k_Training_Input/IL_5797500/ISIC_9187182.jpg,/marimo/milk10k_train_masks/IL_5797500_dermoscopic_mask.png,0.1743185185185185,valid,600x450,600x450
IL_5797843,IL_5797843,/marimo/milk10k/MILK10k_Training_Input/IL_5797843/ISIC_8006314.jpg,/marimo/milk10k_train_masks/IL_5797843_dermoscopic_mask.png,0.34845925925925925,valid,600x450,600x450
IL_5798814,IL_5798814,/marimo/milk10k/MILK10k_Training_Input/IL_5798814/ISIC_2855242.jpg,/marimo/milk10k_train_masks/IL_5798814_dermoscopic_mask.png,0.5335814814814814,valid,600x450,600x450
IL_5799605,IL_5799605,/marimo/milk10k/MILK10k_Training_Input/IL_5799605/ISIC_0731364.jpg,/marimo/milk10k_train_masks/IL_5799605_dermoscopic_mask.png,0.16195925925925925,valid,600x450,600x450
IL_5802153,IL_5802153,/marimo/milk10k/MILK10k_Training_Input/IL_5802153/ISIC_9929733.jpg,/marimo/milk10k_train_masks/IL_5802153_dermoscopic_mask.png,0.8114370370370371,valid,600x450,600x450
IL_5802470,IL_5802470,/marimo/milk10k/MILK10k_Training_Input/IL_5802470/ISIC_4842886.jpg,/marimo/milk10k_train_masks/IL_5802470_dermoscopic_mask.png,0.08697407407407408,valid,600x450,600x450
IL_5805980,IL_5805980,/marimo/milk10k/MILK10k_Training_Input/IL_5805980/ISIC_7882033.jpg,/marimo/milk10k_train_masks/IL_5805980_dermoscopic_mask.png,0.5238407407407407,valid,600x450,600x450
IL_5809538,IL_5809538,/marimo/milk10k/MILK10k_Training_Input/IL_5809538/ISIC_4093313.jpg,/marimo/milk10k_train_masks/IL_5809538_dermoscopic_mask.png,0.17662592592592594,valid,600x450,600x450
IL_5809749,IL_5809749,/marimo/milk10k/MILK10k_Training_Input/IL_5809749/ISIC_6093126.jpg,/marimo/milk10k_train_masks/IL_5809749_dermoscopic_mask.png,0.36511481481481484,valid,600x450,600x450
IL_5811280,IL_5811280,/marimo/milk10k/MILK10k_Training_Input/IL_5811280/ISIC_7215858.jpg,/marimo/milk10k_train_masks/IL_5811280_dermoscopic_mask.png,0.20873703703703703,valid,600x450,600x450
IL_5812139,IL_5812139,/marimo/milk10k/MILK10k_Training_Input/IL_5812139/ISIC_5511054.jpg,/marimo/milk10k_train_masks/IL_5812139_dermoscopic_mask.png,0.052455555555555554,valid,600x450,600x450
IL_5814206,IL_5814206,/marimo/milk10k/MILK10k_Training_Input/IL_5814206/ISIC_7619664.jpg,/marimo/milk10k_train_masks/IL_5814206_dermoscopic_mask.png,0.020451851851851853,valid,600x450,600x450
IL_5816331,IL_5816331,/marimo/milk10k/MILK10k_Training_Input/IL_5816331/ISIC_8253705.jpg,/marimo/milk10k_train_masks/IL_5816331_dermoscopic_mask.png,0.6166777777777778,valid,600x450,600x450
IL_5816419,IL_5816419,/marimo/milk10k/MILK10k_Training_Input/IL_5816419/ISIC_8257972.jpg,/marimo/milk10k_train_masks/IL_5816419_dermoscopic_mask.png,0.5421074074074074,valid,600x450,600x450
IL_5818163,IL_5818163,/marimo/milk10k/MILK10k_Training_Input/IL_5818163/ISIC_5376495.jpg,/marimo/milk10k_train_masks/IL_5818163_dermoscopic_mask.png,0.02741851851851852,valid,600x450,600x450
IL_5818168,IL_5818168,/marimo/milk10k/MILK10k_Training_Input/IL_5818168/ISIC_4301953.jpg,/marimo/milk10k_train_masks/IL_5818168_dermoscopic_mask.png,0.5341296296296296,valid,600x450,600x450
IL_5818628,IL_5818628,/marimo/milk10k/MILK10k_Training_Input/IL_5818628/ISIC_1129613.jpg,/marimo/milk10k_train_masks/IL_5818628_dermoscopic_mask.png,0.08361111111111111,valid,600x450,600x450
IL_5821357,IL_5821357,/marimo/milk10k/MILK10k_Training_Input/IL_5821357/ISIC_0848694.jpg,/marimo/milk10k_train_masks/IL_5821357_dermoscopic_mask.png,0.7429592592592592,valid,600x450,600x450
IL_5823414,IL_5823414,/marimo/milk10k/MILK10k_Training_Input/IL_5823414/ISIC_4613268.jpg,/marimo/milk10k_train_masks/IL_5823414_dermoscopic_mask.png,0.2707481481481481,valid,600x450,600x450
IL_5825636,IL_5825636,/marimo/milk10k/MILK10k_Training_Input/IL_5825636/ISIC_0649497.jpg,/marimo/milk10k_train_masks/IL_5825636_dermoscopic_mask.png,0.49675185185185183,valid,600x450,600x450
IL_5827394,IL_5827394,/marimo/milk10k/MILK10k_Training_Input/IL_5827394/ISIC_8960889.jpg,/marimo/milk10k_train_masks/IL_5827394_dermoscopic_mask.png,0.11635555555555556,valid,600x450,600x450
IL_5827688,IL_5827688,/marimo/milk10k/MILK10k_Training_Input/IL_5827688/ISIC_8643100.jpg,/marimo/milk10k_train_masks/IL_5827688_dermoscopic_mask.png,0.39463333333333334,valid,600x450,600x450
IL_5829281,IL_5829281,/marimo/milk10k/MILK10k_Training_Input/IL_5829281/ISIC_3537131.jpg,/marimo/milk10k_train_masks/IL_5829281_dermoscopic_mask.png,0.1413888888888889,valid,600x450,600x450
IL_5830387,IL_5830387,/marimo/milk10k/MILK10k_Training_Input/IL_5830387/ISIC_6465119.jpg,/marimo/milk10k_train_masks/IL_5830387_dermoscopic_mask.png,0.6717407407407407,valid,600x450,600x450
IL_5831054,IL_5831054,/marimo/milk10k/MILK10k_Training_Input/IL_5831054/ISIC_4958589.jpg,/marimo/milk10k_train_masks/IL_5831054_dermoscopic_mask.png,0.19457777777777777,valid,600x450,600x450
IL_5832073,IL_5832073,/marimo/milk10k/MILK10k_Training_Input/IL_5832073/ISIC_3822340.jpg,/marimo/milk10k_train_masks/IL_5832073_dermoscopic_mask.png,0.22394444444444445,valid,600x450,600x450
IL_5832874,IL_5832874,/marimo/milk10k/MILK10k_Training_Input/IL_5832874/ISIC_2906273.jpg,/marimo/milk10k_train_masks/IL_5832874_dermoscopic_mask.png,0.06584814814814814,valid,600x450,600x450
IL_5833308,IL_5833308,/marimo/milk10k/MILK10k_Training_Input/IL_5833308/ISIC_5660553.jpg,/marimo/milk10k_train_masks/IL_5833308_dermoscopic_mask.png,0.5906444444444444,valid,600x450,600x450
IL_5834228,IL_5834228,/marimo/milk10k/MILK10k_Training_Input/IL_5834228/ISIC_2524673.jpg,/marimo/milk10k_train_masks/IL_5834228_dermoscopic_mask.png,0.21606666666666666,valid,600x450,600x450
IL_5834999,IL_5834999,/marimo/milk10k/MILK10k_Training_Input/IL_5834999/ISIC_4668008.jpg,/marimo/milk10k_train_masks/IL_5834999_dermoscopic_mask.png,0.3975074074074074,valid,600x450,600x450
IL_5835237,IL_5835237,/marimo/milk10k/MILK10k_Training_Input/IL_5835237/ISIC_1643848.jpg,/marimo/milk10k_train_masks/IL_5835237_dermoscopic_mask.png,0.18872962962962964,valid,600x450,600x450
IL_5835931,IL_5835931,/marimo/milk10k/MILK10k_Training_Input/IL_5835931/ISIC_3277541.jpg,/marimo/milk10k_train_masks/IL_5835931_dermoscopic_mask.png,0.3282814814814815,valid,600x450,600x450
IL_5836381,IL_5836381,/marimo/milk10k/MILK10k_Training_Input/IL_5836381/ISIC_7204645.jpg,/marimo/milk10k_train_masks/IL_5836381_dermoscopic_mask.png,0.2403925925925926,valid,600x450,600x450
IL_5839734,IL_5839734,/marimo/milk10k/MILK10k_Training_Input/IL_5839734/ISIC_0709199.jpg,/marimo/milk10k_train_masks/IL_5839734_dermoscopic_mask.png,0.15232592592592592,valid,600x450,600x450
IL_5842148,IL_5842148,/marimo/milk10k/MILK10k_Training_Input/IL_5842148/ISIC_2348795.jpg,/marimo/milk10k_train_masks/IL_5842148_dermoscopic_mask.png,0.15572592592592593,valid,600x450,600x450
IL_5842745,IL_5842745,/marimo/milk10k/MILK10k_Training_Input/IL_5842745/ISIC_3627147.jpg,/marimo/milk10k_train_masks/IL_5842745_dermoscopic_mask.png,0.2853333333333333,valid,600x450,600x450
IL_5844694,IL_5844694,/marimo/milk10k/MILK10k_Training_Input/IL_5844694/ISIC_8650160.jpg,/marimo/milk10k_train_masks/IL_5844694_dermoscopic_mask.png,0.1756185185185185,valid,600x450,600x450
IL_5844745,IL_5844745,/marimo/milk10k/MILK10k_Training_Input/IL_5844745/ISIC_7682533.jpg,/marimo/milk10k_train_masks/IL_5844745_dermoscopic_mask.png,0.2576888888888889,valid,600x450,600x450
IL_5846759,IL_5846759,/marimo/milk10k/MILK10k_Training_Input/IL_5846759/ISIC_6337323.jpg,/marimo/milk10k_train_masks/IL_5846759_dermoscopic_mask.png,0.16202592592592593,valid,600x450,600x450
IL_5846889,IL_5846889,/marimo/milk10k/MILK10k_Training_Input/IL_5846889/ISIC_4716627.jpg,/marimo/milk10k_train_masks/IL_5846889_dermoscopic_mask.png,0.10867037037037038,valid,600x450,600x450
IL_5848004,IL_5848004,/marimo/milk10k/MILK10k_Training_Input/IL_5848004/ISIC_3372650.jpg,/marimo/milk10k_train_masks/IL_5848004_dermoscopic_mask.png,0.09374814814814815,valid,600x450,600x450
IL_5848162,IL_5848162,/marimo/milk10k/MILK10k_Training_Input/IL_5848162/ISIC_3975783.jpg,/marimo/milk10k_train_masks/IL_5848162_dermoscopic_mask.png,0.45268888888888886,valid,600x450,600x450
IL_5849837,IL_5849837,/marimo/milk10k/MILK10k_Training_Input/IL_5849837/ISIC_5001424.jpg,/marimo/milk10k_train_masks/IL_5849837_dermoscopic_mask.png,0.12826666666666667,valid,600x450,600x450
IL_5853973,IL_5853973,/marimo/milk10k/MILK10k_Training_Input/IL_5853973/ISIC_2740122.jpg,/marimo/milk10k_train_masks/IL_5853973_dermoscopic_mask.png,0.21923333333333334,valid,600x450,600x450
IL_5857209,IL_5857209,/marimo/milk10k/MILK10k_Training_Input/IL_5857209/ISIC_1552276.jpg,/marimo/milk10k_train_masks/IL_5857209_dermoscopic_mask.png,0.4084407407407407,valid,600x450,600x450
IL_5857700,IL_5857700,/marimo/milk10k/MILK10k_Training_Input/IL_5857700/ISIC_3023198.jpg,/marimo/milk10k_train_masks/IL_5857700_dermoscopic_mask.png,0.42187407407407407,valid,600x450,600x450
IL_5858083,IL_5858083,/marimo/milk10k/MILK10k_Training_Input/IL_5858083/ISIC_0379668.jpg,/marimo/milk10k_train_masks/IL_5858083_dermoscopic_mask.png,0.4260888888888889,valid,600x450,600x450
IL_5858516,IL_5858516,/marimo/milk10k/MILK10k_Training_Input/IL_5858516/ISIC_6295397.jpg,/marimo/milk10k_train_masks/IL_5858516_dermoscopic_mask.png,0.3392074074074074,valid,600x450,600x450
IL_5858663,IL_5858663,/marimo/milk10k/MILK10k_Training_Input/IL_5858663/ISIC_6022197.jpg,/marimo/milk10k_train_masks/IL_5858663_dermoscopic_mask.png,0.28858518518518517,valid,600x450,600x450
IL_5865217,IL_5865217,/marimo/milk10k/MILK10k_Training_Input/IL_5865217/ISIC_5989590.jpg,/marimo/milk10k_train_masks/IL_5865217_dermoscopic_mask.png,0.27445925925925924,valid,600x450,600x450
IL_5866168,IL_5866168,/marimo/milk10k/MILK10k_Training_Input/IL_5866168/ISIC_8362681.jpg,/marimo/milk10k_train_masks/IL_5866168_dermoscopic_mask.png,0.3614111111111111,valid,600x450,600x450
IL_5867572,IL_5867572,/marimo/milk10k/MILK10k_Training_Input/IL_5867572/ISIC_1119886.jpg,/marimo/milk10k_train_masks/IL_5867572_dermoscopic_mask.png,0.13662222222222223,valid,600x450,600x450
IL_5870575,IL_5870575,/marimo/milk10k/MILK10k_Training_Input/IL_5870575/ISIC_6698922.jpg,/marimo/milk10k_train_masks/IL_5870575_dermoscopic_mask.png,0.3431074074074074,valid,600x450,600x450
IL_5873826,IL_5873826,/marimo/milk10k/MILK10k_Training_Input/IL_5873826/ISIC_2056374.jpg,/marimo/milk10k_train_masks/IL_5873826_dermoscopic_mask.png,0.05485185185185185,valid,600x450,600x450
IL_5874088,IL_5874088,/marimo/milk10k/MILK10k_Training_Input/IL_5874088/ISIC_6078907.jpg,/marimo/milk10k_train_masks/IL_5874088_dermoscopic_mask.png,0.3979740740740741,valid,600x450,600x450
IL_5879862,IL_5879862,/marimo/milk10k/MILK10k_Training_Input/IL_5879862/ISIC_9141788.jpg,/marimo/milk10k_train_masks/IL_5879862_dermoscopic_mask.png,0.29545185185185185,valid,600x450,600x450
IL_5880006,IL_5880006,/marimo/milk10k/MILK10k_Training_Input/IL_5880006/ISIC_0547517.jpg,/marimo/milk10k_train_masks/IL_5880006_dermoscopic_mask.png,0.9067074074074074,valid,600x450,600x450
IL_5880830,IL_5880830,/marimo/milk10k/MILK10k_Training_Input/IL_5880830/ISIC_9777580.jpg,/marimo/milk10k_train_masks/IL_5880830_dermoscopic_mask.png,0.06868518518518518,valid,600x450,600x450
IL_5882272,IL_5882272,/marimo/milk10k/MILK10k_Training_Input/IL_5882272/ISIC_9286506.jpg,/marimo/milk10k_train_masks/IL_5882272_dermoscopic_mask.png,0.3572111111111111,valid,600x450,600x450
IL_5882687,IL_5882687,/marimo/milk10k/MILK10k_Training_Input/IL_5882687/ISIC_1044266.jpg,/marimo/milk10k_train_masks/IL_5882687_dermoscopic_mask.png,0.09173333333333333,valid,600x450,600x450
IL_5885697,IL_5885697,/marimo/milk10k/MILK10k_Training_Input/IL_5885697/ISIC_1244447.jpg,/marimo/milk10k_train_masks/IL_5885697_dermoscopic_mask.png,0.10442222222222222,valid,600x450,600x450
IL_5890338,IL_5890338,/marimo/milk10k/MILK10k_Training_Input/IL_5890338/ISIC_5814193.jpg,/marimo/milk10k_train_masks/IL_5890338_dermoscopic_mask.png,0.24901851851851853,valid,600x450,600x450
IL_5890474,IL_5890474,/marimo/milk10k/MILK10k_Training_Input/IL_5890474/ISIC_3372353.jpg,/marimo/milk10k_train_masks/IL_5890474_dermoscopic_mask.png,0.16845555555555555,valid,600x450,600x450
IL_5895681,IL_5895681,/marimo/milk10k/MILK10k_Training_Input/IL_5895681/ISIC_9342357.jpg,/marimo/milk10k_train_masks/IL_5895681_dermoscopic_mask.png,0.6668851851851851,valid,600x450,600x450
IL_5896465,IL_5896465,/marimo/milk10k/MILK10k_Training_Input/IL_5896465/ISIC_6863789.jpg,/marimo/milk10k_train_masks/IL_5896465_dermoscopic_mask.png,0.19718888888888889,valid,600x450,600x450
IL_5897108,IL_5897108,/marimo/milk10k/MILK10k_Training_Input/IL_5897108/ISIC_5659521.jpg,/marimo/milk10k_train_masks/IL_5897108_dermoscopic_mask.png,0.37855185185185186,valid,600x450,600x450
IL_5900922,IL_5900922,/marimo/milk10k/MILK10k_Training_Input/IL_5900922/ISIC_1970255.jpg,/marimo/milk10k_train_masks/IL_5900922_dermoscopic_mask.png,0.29735925925925927,valid,600x450,600x450
IL_5901848,IL_5901848,/marimo/milk10k/MILK10k_Training_Input/IL_5901848/ISIC_3005181.jpg,/marimo/milk10k_train_masks/IL_5901848_dermoscopic_mask.png,0.1588111111111111,valid,600x450,600x450
IL_5903951,IL_5903951,/marimo/milk10k/MILK10k_Training_Input/IL_5903951/ISIC_9296237.jpg,/marimo/milk10k_train_masks/IL_5903951_dermoscopic_mask.png,0.6866111111111111,valid,600x450,600x450
IL_5909950,IL_5909950,/marimo/milk10k/MILK10k_Training_Input/IL_5909950/ISIC_7516657.jpg,/marimo/milk10k_train_masks/IL_5909950_dermoscopic_mask.png,0.44472962962962964,valid,600x450,600x450
IL_5910352,IL_5910352,/marimo/milk10k/MILK10k_Training_Input/IL_5910352/ISIC_0368554.jpg,/marimo/milk10k_train_masks/IL_5910352_dermoscopic_mask.png,0.38785555555555556,valid,600x450,600x450
IL_5911154,IL_5911154,/marimo/milk10k/MILK10k_Training_Input/IL_5911154/ISIC_4523106.jpg,/marimo/milk10k_train_masks/IL_5911154_dermoscopic_mask.png,0.13827037037037038,valid,600x450,600x450
IL_5914745,IL_5914745,/marimo/milk10k/MILK10k_Training_Input/IL_5914745/ISIC_4275923.jpg,/marimo/milk10k_train_masks/IL_5914745_dermoscopic_mask.png,0.19112962962962962,valid,600x450,600x450
IL_5915659,IL_5915659,/marimo/milk10k/MILK10k_Training_Input/IL_5915659/ISIC_8929684.jpg,/marimo/milk10k_train_masks/IL_5915659_dermoscopic_mask.png,0.5073444444444445,valid,600x450,600x450
IL_5916541,IL_5916541,/marimo/milk10k/MILK10k_Training_Input/IL_5916541/ISIC_7472087.jpg,/marimo/milk10k_train_masks/IL_5916541_dermoscopic_mask.png,0.2697407407407407,valid,600x450,600x450
IL_5917369,IL_5917369,/marimo/milk10k/MILK10k_Training_Input/IL_5917369/ISIC_0684071.jpg,/marimo/milk10k_train_masks/IL_5917369_dermoscopic_mask.png,0.1340925925925926,valid,600x450,600x450
IL_5917999,IL_5917999,/marimo/milk10k/MILK10k_Training_Input/IL_5917999/ISIC_4432152.jpg,/marimo/milk10k_train_masks/IL_5917999_dermoscopic_mask.png,0.12884814814814816,valid,600x450,600x450
IL_5922300,IL_5922300,/marimo/milk10k/MILK10k_Training_Input/IL_5922300/ISIC_8556393.jpg,/marimo/milk10k_train_masks/IL_5922300_dermoscopic_mask.png,0.17547037037037036,valid,600x450,600x450
IL_5922871,IL_5922871,/marimo/milk10k/MILK10k_Training_Input/IL_5922871/ISIC_5180599.jpg,/marimo/milk10k_train_masks/IL_5922871_dermoscopic_mask.png,0.0845888888888889,valid,600x450,600x450
IL_5924727,IL_5924727,/marimo/milk10k/MILK10k_Training_Input/IL_5924727/ISIC_4505155.jpg,/marimo/milk10k_train_masks/IL_5924727_dermoscopic_mask.png,0.7126111111111111,valid,600x450,600x450
IL_5926277,IL_5926277,/marimo/milk10k/MILK10k_Training_Input/IL_5926277/ISIC_8839494.jpg,/marimo/milk10k_train_masks/IL_5926277_dermoscopic_mask.png,0.38774444444444445,valid,600x450,600x450
IL_5928623,IL_5928623,/marimo/milk10k/MILK10k_Training_Input/IL_5928623/ISIC_2633032.jpg,/marimo/milk10k_train_masks/IL_5928623_dermoscopic_mask.png,0.38173703703703704,valid,600x450,600x450
IL_5930295,IL_5930295,/marimo/milk10k/MILK10k_Training_Input/IL_5930295/ISIC_1695711.jpg,/marimo/milk10k_train_masks/IL_5930295_dermoscopic_mask.png,0.17151481481481481,valid,600x450,600x450
IL_5930437,IL_5930437,/marimo/milk10k/MILK10k_Training_Input/IL_5930437/ISIC_2106139.jpg,/marimo/milk10k_train_masks/IL_5930437_dermoscopic_mask.png,0.3150148148148148,valid,600x450,600x450
IL_5931575,IL_5931575,/marimo/milk10k/MILK10k_Training_Input/IL_5931575/ISIC_2669811.jpg,/marimo/milk10k_train_masks/IL_5931575_dermoscopic_mask.png,0.48893333333333333,valid,600x450,600x450
IL_5938594,IL_5938594,/marimo/milk10k/MILK10k_Training_Input/IL_5938594/ISIC_6003134.jpg,/marimo/milk10k_train_masks/IL_5938594_dermoscopic_mask.png,0.2569222222222222,valid,600x450,600x450
IL_5940346,IL_5940346,/marimo/milk10k/MILK10k_Training_Input/IL_5940346/ISIC_2376934.jpg,/marimo/milk10k_train_masks/IL_5940346_dermoscopic_mask.png,0.19195555555555555,valid,600x450,600x450
IL_5941345,IL_5941345,/marimo/milk10k/MILK10k_Training_Input/IL_5941345/ISIC_9140582.jpg,/marimo/milk10k_train_masks/IL_5941345_dermoscopic_mask.png,0.1604,valid,600x450,600x450
IL_5941947,IL_5941947,/marimo/milk10k/MILK10k_Training_Input/IL_5941947/ISIC_1801591.jpg,/marimo/milk10k_train_masks/IL_5941947_dermoscopic_mask.png,0.856125925925926,valid,600x450,600x450
IL_5945185,IL_5945185,/marimo/milk10k/MILK10k_Training_Input/IL_5945185/ISIC_4467312.jpg,/marimo/milk10k_train_masks/IL_5945185_dermoscopic_mask.png,0.2949777777777778,valid,600x450,600x450
IL_5945369,IL_5945369,/marimo/milk10k/MILK10k_Training_Input/IL_5945369/ISIC_9945188.jpg,/marimo/milk10k_train_masks/IL_5945369_dermoscopic_mask.png,0.21998148148148147,valid,600x450,600x450
IL_5945948,IL_5945948,/marimo/milk10k/MILK10k_Training_Input/IL_5945948/ISIC_5986238.jpg,/marimo/milk10k_train_masks/IL_5945948_dermoscopic_mask.png,0.03424074074074074,valid,600x450,600x450
IL_5946581,IL_5946581,/marimo/milk10k/MILK10k_Training_Input/IL_5946581/ISIC_8613265.jpg,/marimo/milk10k_train_masks/IL_5946581_dermoscopic_mask.png,0.29987407407407407,valid,600x450,600x450
IL_5947209,IL_5947209,/marimo/milk10k/MILK10k_Training_Input/IL_5947209/ISIC_1906835.jpg,/marimo/milk10k_train_masks/IL_5947209_dermoscopic_mask.png,0.26575925925925925,valid,600x450,600x450
IL_5950762,IL_5950762,/marimo/milk10k/MILK10k_Training_Input/IL_5950762/ISIC_2791059.jpg,/marimo/milk10k_train_masks/IL_5950762_dermoscopic_mask.png,0.446662962962963,valid,600x450,600x450
IL_5952880,IL_5952880,/marimo/milk10k/MILK10k_Training_Input/IL_5952880/ISIC_7989369.jpg,/marimo/milk10k_train_masks/IL_5952880_dermoscopic_mask.png,0.4330851851851852,valid,600x450,600x450
IL_5953610,IL_5953610,/marimo/milk10k/MILK10k_Training_Input/IL_5953610/ISIC_2302491.jpg,/marimo/milk10k_train_masks/IL_5953610_dermoscopic_mask.png,0.43667407407407405,valid,600x450,600x450
IL_5954640,IL_5954640,/marimo/milk10k/MILK10k_Training_Input/IL_5954640/ISIC_3430932.jpg,/marimo/milk10k_train_masks/IL_5954640_dermoscopic_mask.png,0.5184518518518518,valid,600x450,600x450
IL_5954989,IL_5954989,/marimo/milk10k/MILK10k_Training_Input/IL_5954989/ISIC_1376673.jpg,/marimo/milk10k_train_masks/IL_5954989_dermoscopic_mask.png,0.1570814814814815,valid,600x450,600x450
IL_5959411,IL_5959411,/marimo/milk10k/MILK10k_Training_Input/IL_5959411/ISIC_8439407.jpg,/marimo/milk10k_train_masks/IL_5959411_dermoscopic_mask.png,0.15182592592592592,valid,600x450,600x450
IL_5959833,IL_5959833,/marimo/milk10k/MILK10k_Training_Input/IL_5959833/ISIC_8452965.jpg,/marimo/milk10k_train_masks/IL_5959833_dermoscopic_mask.png,0.5337222222222222,valid,600x450,600x450
IL_5960278,IL_5960278,/marimo/milk10k/MILK10k_Training_Input/IL_5960278/ISIC_0234458.jpg,/marimo/milk10k_train_masks/IL_5960278_dermoscopic_mask.png,0.2992666666666667,valid,600x450,600x450
IL_5961668,IL_5961668,/marimo/milk10k/MILK10k_Training_Input/IL_5961668/ISIC_4198312.jpg,/marimo/milk10k_train_masks/IL_5961668_dermoscopic_mask.png,0.47736666666666666,valid,600x450,600x450
IL_5963960,IL_5963960,/marimo/milk10k/MILK10k_Training_Input/IL_5963960/ISIC_0962183.jpg,/marimo/milk10k_train_masks/IL_5963960_dermoscopic_mask.png,0.2451222222222222,valid,600x450,600x450
IL_5970079,IL_5970079,/marimo/milk10k/MILK10k_Training_Input/IL_5970079/ISIC_3420711.jpg,/marimo/milk10k_train_masks/IL_5970079_dermoscopic_mask.png,0.15280740740740742,valid,600x450,600x450
IL_5974480,IL_5974480,/marimo/milk10k/MILK10k_Training_Input/IL_5974480/ISIC_8431346.jpg,/marimo/milk10k_train_masks/IL_5974480_dermoscopic_mask.png,0.09501481481481482,valid,600x450,600x450
IL_5975500,IL_5975500,/marimo/milk10k/MILK10k_Training_Input/IL_5975500/ISIC_8338464.jpg,/marimo/milk10k_train_masks/IL_5975500_dermoscopic_mask.png,0.23558888888888888,valid,600x450,600x450
IL_5979205,IL_5979205,/marimo/milk10k/MILK10k_Training_Input/IL_5979205/ISIC_3006692.jpg,/marimo/milk10k_train_masks/IL_5979205_dermoscopic_mask.png,0.5265481481481481,valid,600x450,600x450
IL_5979940,IL_5979940,/marimo/milk10k/MILK10k_Training_Input/IL_5979940/ISIC_8543046.jpg,/marimo/milk10k_train_masks/IL_5979940_dermoscopic_mask.png,0.2692111111111111,valid,600x450,600x450
IL_5982008,IL_5982008,/marimo/milk10k/MILK10k_Training_Input/IL_5982008/ISIC_5484742.jpg,/marimo/milk10k_train_masks/IL_5982008_dermoscopic_mask.png,0.20034814814814814,valid,600x450,600x450
IL_5985854,IL_5985854,/marimo/milk10k/MILK10k_Training_Input/IL_5985854/ISIC_0093873.jpg,/marimo/milk10k_train_masks/IL_5985854_dermoscopic_mask.png,0.14853333333333332,valid,600x450,600x450
IL_5987346,IL_5987346,/marimo/milk10k/MILK10k_Training_Input/IL_5987346/ISIC_2603915.jpg,/marimo/milk10k_train_masks/IL_5987346_dermoscopic_mask.png,0.11466666666666667,valid,600x450,600x450
IL_5992819,IL_5992819,/marimo/milk10k/MILK10k_Training_Input/IL_5992819/ISIC_9613721.jpg,/marimo/milk10k_train_masks/IL_5992819_dermoscopic_mask.png,0.27119629629629627,valid,600x450,600x450
IL_5993994,IL_5993994,/marimo/milk10k/MILK10k_Training_Input/IL_5993994/ISIC_2921430.jpg,/marimo/milk10k_train_masks/IL_5993994_dermoscopic_mask.png,0.2068074074074074,valid,600x450,600x450
IL_5996475,IL_5996475,/marimo/milk10k/MILK10k_Training_Input/IL_5996475/ISIC_9186111.jpg,/marimo/milk10k_train_masks/IL_5996475_dermoscopic_mask.png,0.5940962962962963,valid,600x450,600x450
IL_5997841,IL_5997841,/marimo/milk10k/MILK10k_Training_Input/IL_5997841/ISIC_3187907.jpg,/marimo/milk10k_train_masks/IL_5997841_dermoscopic_mask.png,0.07271481481481482,valid,600x450,600x450
IL_6003342,IL_6003342,/marimo/milk10k/MILK10k_Training_Input/IL_6003342/ISIC_5312126.jpg,/marimo/milk10k_train_masks/IL_6003342_dermoscopic_mask.png,0.7959814814814815,valid,600x450,600x450
IL_6003876,IL_6003876,/marimo/milk10k/MILK10k_Training_Input/IL_6003876/ISIC_3548770.jpg,/marimo/milk10k_train_masks/IL_6003876_dermoscopic_mask.png,0.14982962962962962,valid,600x450,600x450
IL_6004102,IL_6004102,/marimo/milk10k/MILK10k_Training_Input/IL_6004102/ISIC_2631859.jpg,/marimo/milk10k_train_masks/IL_6004102_dermoscopic_mask.png,0.3757666666666667,valid,600x450,600x450
IL_6004651,IL_6004651,/marimo/milk10k/MILK10k_Training_Input/IL_6004651/ISIC_2283635.jpg,/marimo/milk10k_train_masks/IL_6004651_dermoscopic_mask.png,0.38177037037037037,valid,600x450,600x450
IL_6004998,IL_6004998,/marimo/milk10k/MILK10k_Training_Input/IL_6004998/ISIC_2888616.jpg,/marimo/milk10k_train_masks/IL_6004998_dermoscopic_mask.png,0.7744666666666666,valid,600x450,600x450
IL_6005068,IL_6005068,/marimo/milk10k/MILK10k_Training_Input/IL_6005068/ISIC_7441024.jpg,/marimo/milk10k_train_masks/IL_6005068_dermoscopic_mask.png,0.5287148148148149,valid,600x450,600x450
IL_6007354,IL_6007354,/marimo/milk10k/MILK10k_Training_Input/IL_6007354/ISIC_8554994.jpg,/marimo/milk10k_train_masks/IL_6007354_dermoscopic_mask.png,0.3930777777777778,valid,600x450,600x450
IL_6007498,IL_6007498,/marimo/milk10k/MILK10k_Training_Input/IL_6007498/ISIC_8606881.jpg,/marimo/milk10k_train_masks/IL_6007498_dermoscopic_mask.png,0.15777037037037037,valid,600x450,600x450
IL_6007909,IL_6007909,/marimo/milk10k/MILK10k_Training_Input/IL_6007909/ISIC_1090300.jpg,/marimo/milk10k_train_masks/IL_6007909_dermoscopic_mask.png,0.3993111111111111,valid,600x450,600x450
IL_6008739,IL_6008739,/marimo/milk10k/MILK10k_Training_Input/IL_6008739/ISIC_1061716.jpg,/marimo/milk10k_train_masks/IL_6008739_dermoscopic_mask.png,0.08283703703703704,valid,600x450,600x450
IL_6010748,IL_6010748,/marimo/milk10k/MILK10k_Training_Input/IL_6010748/ISIC_0853302.jpg,/marimo/milk10k_train_masks/IL_6010748_dermoscopic_mask.png,0.13197407407407408,valid,600x450,600x450
IL_6011265,IL_6011265,/marimo/milk10k/MILK10k_Training_Input/IL_6011265/ISIC_0477999.jpg,/marimo/milk10k_train_masks/IL_6011265_dermoscopic_mask.png,0.21082962962962962,valid,600x450,600x450
IL_6014318,IL_6014318,/marimo/milk10k/MILK10k_Training_Input/IL_6014318/ISIC_9053541.jpg,/marimo/milk10k_train_masks/IL_6014318_dermoscopic_mask.png,0.08925555555555556,valid,600x450,600x450
IL_6016722,IL_6016722,/marimo/milk10k/MILK10k_Training_Input/IL_6016722/ISIC_3765481.jpg,/marimo/milk10k_train_masks/IL_6016722_dermoscopic_mask.png,0.2674925925925926,valid,600x450,600x450
IL_6017753,IL_6017753,/marimo/milk10k/MILK10k_Training_Input/IL_6017753/ISIC_6838890.jpg,/marimo/milk10k_train_masks/IL_6017753_dermoscopic_mask.png,0.14629259259259259,valid,600x450,600x450
IL_6019192,IL_6019192,/marimo/milk10k/MILK10k_Training_Input/IL_6019192/ISIC_2267440.jpg,/marimo/milk10k_train_masks/IL_6019192_dermoscopic_mask.png,0.3275777777777778,valid,600x450,600x450
IL_6019983,IL_6019983,/marimo/milk10k/MILK10k_Training_Input/IL_6019983/ISIC_3849096.jpg,/marimo/milk10k_train_masks/IL_6019983_dermoscopic_mask.png,0.40526666666666666,valid,600x450,600x450
IL_6021116,IL_6021116,/marimo/milk10k/MILK10k_Training_Input/IL_6021116/ISIC_9892179.jpg,/marimo/milk10k_train_masks/IL_6021116_dermoscopic_mask.png,0.24105185185185185,valid,600x450,600x450
IL_6021149,IL_6021149,/marimo/milk10k/MILK10k_Training_Input/IL_6021149/ISIC_3946401.jpg,/marimo/milk10k_train_masks/IL_6021149_dermoscopic_mask.png,0.6080185185185185,valid,600x450,600x450
IL_6022474,IL_6022474,/marimo/milk10k/MILK10k_Training_Input/IL_6022474/ISIC_6494733.jpg,/marimo/milk10k_train_masks/IL_6022474_dermoscopic_mask.png,0.20774444444444445,valid,600x450,600x450
IL_6024093,IL_6024093,/marimo/milk10k/MILK10k_Training_Input/IL_6024093/ISIC_5426572.jpg,/marimo/milk10k_train_masks/IL_6024093_dermoscopic_mask.png,0.1826111111111111,valid,600x450,600x450
IL_6029935,IL_6029935,/marimo/milk10k/MILK10k_Training_Input/IL_6029935/ISIC_6539237.jpg,/marimo/milk10k_train_masks/IL_6029935_dermoscopic_mask.png,0.27995925925925924,valid,600x450,600x450
IL_6031338,IL_6031338,/marimo/milk10k/MILK10k_Training_Input/IL_6031338/ISIC_1528651.jpg,/marimo/milk10k_train_masks/IL_6031338_dermoscopic_mask.png,0.6914222222222223,valid,600x450,600x450
IL_6032106,IL_6032106,/marimo/milk10k/MILK10k_Training_Input/IL_6032106/ISIC_7319186.jpg,/marimo/milk10k_train_masks/IL_6032106_dermoscopic_mask.png,0.5329814814814815,valid,600x450,600x450
IL_6033161,IL_6033161,/marimo/milk10k/MILK10k_Training_Input/IL_6033161/ISIC_6469024.jpg,/marimo/milk10k_train_masks/IL_6033161_dermoscopic_mask.png,0.38062962962962965,valid,600x450,600x450
IL_6033617,IL_6033617,/marimo/milk10k/MILK10k_Training_Input/IL_6033617/ISIC_1076265.jpg,/marimo/milk10k_train_masks/IL_6033617_dermoscopic_mask.png,0.3783259259259259,valid,600x450,600x450
IL_6035276,IL_6035276,/marimo/milk10k/MILK10k_Training_Input/IL_6035276/ISIC_1992759.jpg,/marimo/milk10k_train_masks/IL_6035276_dermoscopic_mask.png,0.4744111111111111,valid,600x450,600x450
IL_6035719,IL_6035719,/marimo/milk10k/MILK10k_Training_Input/IL_6035719/ISIC_9570959.jpg,/marimo/milk10k_train_masks/IL_6035719_dermoscopic_mask.png,0.17873333333333333,valid,600x450,600x450
IL_6037073,IL_6037073,/marimo/milk10k/MILK10k_Training_Input/IL_6037073/ISIC_4406973.jpg,/marimo/milk10k_train_masks/IL_6037073_dermoscopic_mask.png,0.23514074074074073,valid,600x450,600x450
IL_6037224,IL_6037224,/marimo/milk10k/MILK10k_Training_Input/IL_6037224/ISIC_9455367.jpg,/marimo/milk10k_train_masks/IL_6037224_dermoscopic_mask.png,0.07773703703703704,valid,600x450,600x450
IL_6040163,IL_6040163,/marimo/milk10k/MILK10k_Training_Input/IL_6040163/ISIC_8840511.jpg,/marimo/milk10k_train_masks/IL_6040163_dermoscopic_mask.png,0.1044925925925926,valid,600x450,600x450
IL_6040962,IL_6040962,/marimo/milk10k/MILK10k_Training_Input/IL_6040962/ISIC_9750600.jpg,/marimo/milk10k_train_masks/IL_6040962_dermoscopic_mask.png,0.3984740740740741,valid,600x450,600x450
IL_6049551,IL_6049551,/marimo/milk10k/MILK10k_Training_Input/IL_6049551/ISIC_2733454.jpg,/marimo/milk10k_train_masks/IL_6049551_dermoscopic_mask.png,0.1336074074074074,valid,600x450,600x450
IL_6050524,IL_6050524,/marimo/milk10k/MILK10k_Training_Input/IL_6050524/ISIC_0350119.jpg,/marimo/milk10k_train_masks/IL_6050524_dermoscopic_mask.png,0.2386851851851852,valid,600x450,600x450
IL_6052093,IL_6052093,/marimo/milk10k/MILK10k_Training_Input/IL_6052093/ISIC_6119319.jpg,/marimo/milk10k_train_masks/IL_6052093_dermoscopic_mask.png,0.6142444444444445,valid,600x450,600x450
IL_6052166,IL_6052166,/marimo/milk10k/MILK10k_Training_Input/IL_6052166/ISIC_4622676.jpg,/marimo/milk10k_train_masks/IL_6052166_dermoscopic_mask.png,0.5832296296296297,valid,600x450,600x450
IL_6052286,IL_6052286,/marimo/milk10k/MILK10k_Training_Input/IL_6052286/ISIC_1480200.jpg,/marimo/milk10k_train_masks/IL_6052286_dermoscopic_mask.png,0.3375074074074074,valid,600x450,600x450
IL_6055895,IL_6055895,/marimo/milk10k/MILK10k_Training_Input/IL_6055895/ISIC_3063817.jpg,/marimo/milk10k_train_masks/IL_6055895_dermoscopic_mask.png,0.5661703703703703,valid,600x450,600x450
IL_6060589,IL_6060589,/marimo/milk10k/MILK10k_Training_Input/IL_6060589/ISIC_3593419.jpg,/marimo/milk10k_train_masks/IL_6060589_dermoscopic_mask.png,0.11072592592592592,valid,600x450,600x450
IL_6064590,IL_6064590,/marimo/milk10k/MILK10k_Training_Input/IL_6064590/ISIC_2434031.jpg,/marimo/milk10k_train_masks/IL_6064590_dermoscopic_mask.png,0.22648888888888888,valid,600x450,600x450
IL_6066269,IL_6066269,/marimo/milk10k/MILK10k_Training_Input/IL_6066269/ISIC_4235972.jpg,/marimo/milk10k_train_masks/IL_6066269_dermoscopic_mask.png,0.347237037037037,valid,600x450,600x450
IL_6066960,IL_6066960,/marimo/milk10k/MILK10k_Training_Input/IL_6066960/ISIC_0560810.jpg,/marimo/milk10k_train_masks/IL_6066960_dermoscopic_mask.png,0.8498814814814815,valid,600x450,600x450
IL_6069436,IL_6069436,/marimo/milk10k/MILK10k_Training_Input/IL_6069436/ISIC_0670265.jpg,/marimo/milk10k_train_masks/IL_6069436_dermoscopic_mask.png,0.3040962962962963,valid,600x450,600x450
IL_6071484,IL_6071484,/marimo/milk10k/MILK10k_Training_Input/IL_6071484/ISIC_2510819.jpg,/marimo/milk10k_train_masks/IL_6071484_dermoscopic_mask.png,0.19224444444444444,valid,600x450,600x450
IL_6077697,IL_6077697,/marimo/milk10k/MILK10k_Training_Input/IL_6077697/ISIC_3488397.jpg,/marimo/milk10k_train_masks/IL_6077697_dermoscopic_mask.png,0.4846888888888889,valid,600x450,600x450
IL_6079301,IL_6079301,/marimo/milk10k/MILK10k_Training_Input/IL_6079301/ISIC_9120690.jpg,/marimo/milk10k_train_masks/IL_6079301_dermoscopic_mask.png,0.5297185185185185,valid,600x450,600x450
IL_6083019,IL_6083019,/marimo/milk10k/MILK10k_Training_Input/IL_6083019/ISIC_9406973.jpg,/marimo/milk10k_train_masks/IL_6083019_dermoscopic_mask.png,0.17773333333333333,valid,600x450,600x450
IL_6084143,IL_6084143,/marimo/milk10k/MILK10k_Training_Input/IL_6084143/ISIC_7243195.jpg,/marimo/milk10k_train_masks/IL_6084143_dermoscopic_mask.png,0.2509888888888889,valid,600x450,600x450
IL_6084278,IL_6084278,/marimo/milk10k/MILK10k_Training_Input/IL_6084278/ISIC_3773277.jpg,/marimo/milk10k_train_masks/IL_6084278_dermoscopic_mask.png,0.31604074074074073,valid,600x450,600x450
IL_6093082,IL_6093082,/marimo/milk10k/MILK10k_Training_Input/IL_6093082/ISIC_7631504.jpg,/marimo/milk10k_train_masks/IL_6093082_dermoscopic_mask.png,0.21402222222222222,valid,600x450,600x450
IL_6097327,IL_6097327,/marimo/milk10k/MILK10k_Training_Input/IL_6097327/ISIC_3794267.jpg,/marimo/milk10k_train_masks/IL_6097327_dermoscopic_mask.png,0.38035185185185183,valid,600x450,600x450
IL_6106772,IL_6106772,/marimo/milk10k/MILK10k_Training_Input/IL_6106772/ISIC_4257866.jpg,/marimo/milk10k_train_masks/IL_6106772_dermoscopic_mask.png,0.4789814814814815,valid,600x450,600x450
IL_6106939,IL_6106939,/marimo/milk10k/MILK10k_Training_Input/IL_6106939/ISIC_6403341.jpg,/marimo/milk10k_train_masks/IL_6106939_dermoscopic_mask.png,0.06316296296296296,valid,600x450,600x450
IL_6107862,IL_6107862,/marimo/milk10k/MILK10k_Training_Input/IL_6107862/ISIC_6590195.jpg,/marimo/milk10k_train_masks/IL_6107862_dermoscopic_mask.png,0.1486222222222222,valid,600x450,600x450
IL_6110349,IL_6110349,/marimo/milk10k/MILK10k_Training_Input/IL_6110349/ISIC_7330557.jpg,/marimo/milk10k_train_masks/IL_6110349_dermoscopic_mask.png,0.15132592592592592,valid,600x450,600x450
IL_6111577,IL_6111577,/marimo/milk10k/MILK10k_Training_Input/IL_6111577/ISIC_2419039.jpg,/marimo/milk10k_train_masks/IL_6111577_dermoscopic_mask.png,0.48056296296296297,valid,600x450,600x450
IL_6113276,IL_6113276,/marimo/milk10k/MILK10k_Training_Input/IL_6113276/ISIC_8562787.jpg,/marimo/milk10k_train_masks/IL_6113276_dermoscopic_mask.png,0.08393703703703703,valid,600x450,600x450
IL_6113513,IL_6113513,/marimo/milk10k/MILK10k_Training_Input/IL_6113513/ISIC_6806266.jpg,/marimo/milk10k_train_masks/IL_6113513_dermoscopic_mask.png,0.21851481481481483,valid,600x450,600x450
IL_6114071,IL_6114071,/marimo/milk10k/MILK10k_Training_Input/IL_6114071/ISIC_3526708.jpg,/marimo/milk10k_train_masks/IL_6114071_dermoscopic_mask.png,0.20625185185185185,valid,600x450,600x450
IL_6116581,IL_6116581,/marimo/milk10k/MILK10k_Training_Input/IL_6116581/ISIC_5164646.jpg,/marimo/milk10k_train_masks/IL_6116581_dermoscopic_mask.png,0.47342962962962964,valid,600x450,600x450
IL_6117786,IL_6117786,/marimo/milk10k/MILK10k_Training_Input/IL_6117786/ISIC_8769047.jpg,/marimo/milk10k_train_masks/IL_6117786_dermoscopic_mask.png,0.3163296296296296,valid,600x450,600x450
IL_6118153,IL_6118153,/marimo/milk10k/MILK10k_Training_Input/IL_6118153/ISIC_3599799.jpg,/marimo/milk10k_train_masks/IL_6118153_dermoscopic_mask.png,0.16595555555555555,valid,600x450,600x450
IL_6119017,IL_6119017,/marimo/milk10k/MILK10k_Training_Input/IL_6119017/ISIC_3105211.jpg,/marimo/milk10k_train_masks/IL_6119017_dermoscopic_mask.png,0.3887,valid,600x450,600x450
IL_6119395,IL_6119395,/marimo/milk10k/MILK10k_Training_Input/IL_6119395/ISIC_6306620.jpg,/marimo/milk10k_train_masks/IL_6119395_dermoscopic_mask.png,0.4327259259259259,valid,600x450,600x450
IL_6122240,IL_6122240,/marimo/milk10k/MILK10k_Training_Input/IL_6122240/ISIC_1950997.jpg,/marimo/milk10k_train_masks/IL_6122240_dermoscopic_mask.png,0.4684962962962963,valid,600x450,600x450
IL_6122367,IL_6122367,/marimo/milk10k/MILK10k_Training_Input/IL_6122367/ISIC_3215995.jpg,/marimo/milk10k_train_masks/IL_6122367_dermoscopic_mask.png,0.4874222222222222,valid,600x450,600x450
IL_6122545,IL_6122545,/marimo/milk10k/MILK10k_Training_Input/IL_6122545/ISIC_9572075.jpg,/marimo/milk10k_train_masks/IL_6122545_dermoscopic_mask.png,0.03626666666666667,valid,600x450,600x450
IL_6124707,IL_6124707,/marimo/milk10k/MILK10k_Training_Input/IL_6124707/ISIC_8193005.jpg,/marimo/milk10k_train_masks/IL_6124707_dermoscopic_mask.png,0.4545814814814815,valid,600x450,600x450
IL_6128899,IL_6128899,/marimo/milk10k/MILK10k_Training_Input/IL_6128899/ISIC_1427974.jpg,/marimo/milk10k_train_masks/IL_6128899_dermoscopic_mask.png,0.16492592592592592,valid,600x450,600x450
IL_6130939,IL_6130939,/marimo/milk10k/MILK10k_Training_Input/IL_6130939/ISIC_1793316.jpg,/marimo/milk10k_train_masks/IL_6130939_dermoscopic_mask.png,0.34554814814814816,valid,600x450,600x450
IL_6135781,IL_6135781,/marimo/milk10k/MILK10k_Training_Input/IL_6135781/ISIC_2087207.jpg,/marimo/milk10k_train_masks/IL_6135781_dermoscopic_mask.png,0.24935555555555555,valid,600x450,600x450
IL_6138895,IL_6138895,/marimo/milk10k/MILK10k_Training_Input/IL_6138895/ISIC_2021070.jpg,/marimo/milk10k_train_masks/IL_6138895_dermoscopic_mask.png,0.3894296296296296,valid,600x450,600x450
IL_6140435,IL_6140435,/marimo/milk10k/MILK10k_Training_Input/IL_6140435/ISIC_8647858.jpg,/marimo/milk10k_train_masks/IL_6140435_dermoscopic_mask.png,0.3809888888888889,valid,600x450,600x450
IL_6140490,IL_6140490,/marimo/milk10k/MILK10k_Training_Input/IL_6140490/ISIC_7722970.jpg,/marimo/milk10k_train_masks/IL_6140490_dermoscopic_mask.png,0.5987814814814815,valid,600x450,600x450
IL_6140598,IL_6140598,/marimo/milk10k/MILK10k_Training_Input/IL_6140598/ISIC_9332272.jpg,/marimo/milk10k_train_masks/IL_6140598_dermoscopic_mask.png,0.5390074074074074,valid,600x450,600x450
IL_6144791,IL_6144791,/marimo/milk10k/MILK10k_Training_Input/IL_6144791/ISIC_0593908.jpg,/marimo/milk10k_train_masks/IL_6144791_dermoscopic_mask.png,0.1699037037037037,valid,600x450,600x450
IL_6145906,IL_6145906,/marimo/milk10k/MILK10k_Training_Input/IL_6145906/ISIC_3120412.jpg,/marimo/milk10k_train_masks/IL_6145906_dermoscopic_mask.png,0.35945185185185186,valid,600x450,600x450
IL_6152356,IL_6152356,/marimo/milk10k/MILK10k_Training_Input/IL_6152356/ISIC_1990622.jpg,/marimo/milk10k_train_masks/IL_6152356_dermoscopic_mask.png,0.14150370370370371,valid,600x450,600x450
IL_6155109,IL_6155109,/marimo/milk10k/MILK10k_Training_Input/IL_6155109/ISIC_8468152.jpg,/marimo/milk10k_train_masks/IL_6155109_dermoscopic_mask.png,0.20524444444444445,valid,600x450,600x450
IL_6156024,IL_6156024,/marimo/milk10k/MILK10k_Training_Input/IL_6156024/ISIC_2146757.jpg,/marimo/milk10k_train_masks/IL_6156024_dermoscopic_mask.png,0.11147777777777777,valid,600x450,600x450
IL_6156028,IL_6156028,/marimo/milk10k/MILK10k_Training_Input/IL_6156028/ISIC_9934612.jpg,/marimo/milk10k_train_masks/IL_6156028_dermoscopic_mask.png,0.1775962962962963,valid,600x450,600x450
IL_6156218,IL_6156218,/marimo/milk10k/MILK10k_Training_Input/IL_6156218/ISIC_3164108.jpg,/marimo/milk10k_train_masks/IL_6156218_dermoscopic_mask.png,0.7336111111111111,valid,600x450,600x450
IL_6157145,IL_6157145,/marimo/milk10k/MILK10k_Training_Input/IL_6157145/ISIC_4323016.jpg,/marimo/milk10k_train_masks/IL_6157145_dermoscopic_mask.png,0.4248,valid,600x450,600x450
IL_6157521,IL_6157521,/marimo/milk10k/MILK10k_Training_Input/IL_6157521/ISIC_9370126.jpg,/marimo/milk10k_train_masks/IL_6157521_dermoscopic_mask.png,0.7833185185185185,valid,600x450,600x450
IL_6157998,IL_6157998,/marimo/milk10k/MILK10k_Training_Input/IL_6157998/ISIC_4224540.jpg,/marimo/milk10k_train_masks/IL_6157998_dermoscopic_mask.png,0.21265185185185184,valid,600x450,600x450
IL_6161419,IL_6161419,/marimo/milk10k/MILK10k_Training_Input/IL_6161419/ISIC_0408084.jpg,/marimo/milk10k_train_masks/IL_6161419_dermoscopic_mask.png,0.44163703703703705,valid,600x450,600x450
IL_6163368,IL_6163368,/marimo/milk10k/MILK10k_Training_Input/IL_6163368/ISIC_9007301.jpg,/marimo/milk10k_train_masks/IL_6163368_dermoscopic_mask.png,0.30993333333333334,valid,600x450,600x450
IL_6166867,IL_6166867,/marimo/milk10k/MILK10k_Training_Input/IL_6166867/ISIC_8283280.jpg,/marimo/milk10k_train_masks/IL_6166867_dermoscopic_mask.png,0.3950148148148148,valid,600x450,600x450
IL_6169727,IL_6169727,/marimo/milk10k/MILK10k_Training_Input/IL_6169727/ISIC_2131769.jpg,/marimo/milk10k_train_masks/IL_6169727_dermoscopic_mask.png,0.14827037037037036,valid,600x450,600x450
IL_6169733,IL_6169733,/marimo/milk10k/MILK10k_Training_Input/IL_6169733/ISIC_5158158.jpg,/marimo/milk10k_train_masks/IL_6169733_dermoscopic_mask.png,0.1228037037037037,valid,600x450,600x450
IL_6169734,IL_6169734,/marimo/milk10k/MILK10k_Training_Input/IL_6169734/ISIC_9063581.jpg,/marimo/milk10k_train_masks/IL_6169734_dermoscopic_mask.png,0.20013333333333333,valid,600x450,600x450
IL_6170194,IL_6170194,/marimo/milk10k/MILK10k_Training_Input/IL_6170194/ISIC_1484722.jpg,/marimo/milk10k_train_masks/IL_6170194_dermoscopic_mask.png,0.1743074074074074,valid,600x450,600x450
IL_6172184,IL_6172184,/marimo/milk10k/MILK10k_Training_Input/IL_6172184/ISIC_3269995.jpg,/marimo/milk10k_train_masks/IL_6172184_dermoscopic_mask.png,0.3078592592592593,valid,600x450,600x450
IL_6176161,IL_6176161,/marimo/milk10k/MILK10k_Training_Input/IL_6176161/ISIC_5604357.jpg,/marimo/milk10k_train_masks/IL_6176161_dermoscopic_mask.png,0.1265814814814815,valid,600x450,600x450
IL_6178941,IL_6178941,/marimo/milk10k/MILK10k_Training_Input/IL_6178941/ISIC_9572021.jpg,/marimo/milk10k_train_masks/IL_6178941_dermoscopic_mask.png,0.20278888888888888,valid,600x450,600x450
IL_6179190,IL_6179190,/marimo/milk10k/MILK10k_Training_Input/IL_6179190/ISIC_5116256.jpg,/marimo/milk10k_train_masks/IL_6179190_dermoscopic_mask.png,0.10798518518518518,valid,600x450,600x450
IL_6181794,IL_6181794,/marimo/milk10k/MILK10k_Training_Input/IL_6181794/ISIC_7426470.jpg,/marimo/milk10k_train_masks/IL_6181794_dermoscopic_mask.png,0.08478888888888889,valid,600x450,600x450
IL_6182849,IL_6182849,/marimo/milk10k/MILK10k_Training_Input/IL_6182849/ISIC_3737700.jpg,/marimo/milk10k_train_masks/IL_6182849_dermoscopic_mask.png,0.1950962962962963,valid,600x450,600x450
IL_6185483,IL_6185483,/marimo/milk10k/MILK10k_Training_Input/IL_6185483/ISIC_8667734.jpg,/marimo/milk10k_train_masks/IL_6185483_dermoscopic_mask.png,0.19218518518518518,valid,600x450,600x450
IL_6186086,IL_6186086,/marimo/milk10k/MILK10k_Training_Input/IL_6186086/ISIC_9137740.jpg,/marimo/milk10k_train_masks/IL_6186086_dermoscopic_mask.png,0.5264518518518518,valid,600x450,600x450
IL_6188972,IL_6188972,/marimo/milk10k/MILK10k_Training_Input/IL_6188972/ISIC_4963201.jpg,/marimo/milk10k_train_masks/IL_6188972_dermoscopic_mask.png,0.04978888888888889,valid,600x450,600x450
IL_6190273,IL_6190273,/marimo/milk10k/MILK10k_Training_Input/IL_6190273/ISIC_0734414.jpg,/marimo/milk10k_train_masks/IL_6190273_dermoscopic_mask.png,0.4712925925925926,valid,600x450,600x450
IL_6192656,IL_6192656,/marimo/milk10k/MILK10k_Training_Input/IL_6192656/ISIC_2036909.jpg,/marimo/milk10k_train_masks/IL_6192656_dermoscopic_mask.png,0.5238518518518519,valid,600x450,600x450
IL_6192920,IL_6192920,/marimo/milk10k/MILK10k_Training_Input/IL_6192920/ISIC_3813726.jpg,/marimo/milk10k_train_masks/IL_6192920_dermoscopic_mask.png,0.4149703703703704,valid,600x450,600x450
IL_6193516,IL_6193516,/marimo/milk10k/MILK10k_Training_Input/IL_6193516/ISIC_5286872.jpg,/marimo/milk10k_train_masks/IL_6193516_dermoscopic_mask.png,0.2451111111111111,valid,600x450,600x450
IL_6193857,IL_6193857,/marimo/milk10k/MILK10k_Training_Input/IL_6193857/ISIC_3025966.jpg,/marimo/milk10k_train_masks/IL_6193857_dermoscopic_mask.png,0.24625185185185186,valid,600x450,600x450
IL_6194887,IL_6194887,/marimo/milk10k/MILK10k_Training_Input/IL_6194887/ISIC_7582667.jpg,/marimo/milk10k_train_masks/IL_6194887_dermoscopic_mask.png,0.5161518518518519,valid,600x450,600x450
IL_6195057,IL_6195057,/marimo/milk10k/MILK10k_Training_Input/IL_6195057/ISIC_7710765.jpg,/marimo/milk10k_train_masks/IL_6195057_dermoscopic_mask.png,0.3324666666666667,valid,600x450,600x450
IL_6197231,IL_6197231,/marimo/milk10k/MILK10k_Training_Input/IL_6197231/ISIC_5325372.jpg,/marimo/milk10k_train_masks/IL_6197231_dermoscopic_mask.png,0.5773,valid,600x450,600x450
IL_6201256,IL_6201256,/marimo/milk10k/MILK10k_Training_Input/IL_6201256/ISIC_9509446.jpg,/marimo/milk10k_train_masks/IL_6201256_dermoscopic_mask.png,0.11132222222222223,valid,600x450,600x450
IL_6204310,IL_6204310,/marimo/milk10k/MILK10k_Training_Input/IL_6204310/ISIC_5521729.jpg,/marimo/milk10k_train_masks/IL_6204310_dermoscopic_mask.png,0.30778518518518516,valid,600x450,600x450
IL_6213256,IL_6213256,/marimo/milk10k/MILK10k_Training_Input/IL_6213256/ISIC_1168286.jpg,/marimo/milk10k_train_masks/IL_6213256_dermoscopic_mask.png,0.35681111111111113,valid,600x450,600x450
IL_6215945,IL_6215945,/marimo/milk10k/MILK10k_Training_Input/IL_6215945/ISIC_5773512.jpg,/marimo/milk10k_train_masks/IL_6215945_dermoscopic_mask.png,0.44275555555555557,valid,600x450,600x450
IL_6216018,IL_6216018,/marimo/milk10k/MILK10k_Training_Input/IL_6216018/ISIC_6065573.jpg,/marimo/milk10k_train_masks/IL_6216018_dermoscopic_mask.png,0.09079629629629629,valid,600x450,600x450
IL_6217582,IL_6217582,/marimo/milk10k/MILK10k_Training_Input/IL_6217582/ISIC_1720538.jpg,/marimo/milk10k_train_masks/IL_6217582_dermoscopic_mask.png,0.16971481481481482,valid,600x450,600x450
IL_6219839,IL_6219839,/marimo/milk10k/MILK10k_Training_Input/IL_6219839/ISIC_3995853.jpg,/marimo/milk10k_train_masks/IL_6219839_dermoscopic_mask.png,0.2051074074074074,valid,600x450,600x450
IL_6220664,IL_6220664,/marimo/milk10k/MILK10k_Training_Input/IL_6220664/ISIC_6576436.jpg,/marimo/milk10k_train_masks/IL_6220664_dermoscopic_mask.png,0.5543370370370371,valid,600x450,600x450
IL_6222346,IL_6222346,/marimo/milk10k/MILK10k_Training_Input/IL_6222346/ISIC_1030228.jpg,/marimo/milk10k_train_masks/IL_6222346_dermoscopic_mask.png,0.2519111111111111,valid,600x450,600x450
IL_6226671,IL_6226671,/marimo/milk10k/MILK10k_Training_Input/IL_6226671/ISIC_1949643.jpg,/marimo/milk10k_train_masks/IL_6226671_dermoscopic_mask.png,0.28785555555555553,valid,600x450,600x450
IL_6226782,IL_6226782,/marimo/milk10k/MILK10k_Training_Input/IL_6226782/ISIC_5085980.jpg,/marimo/milk10k_train_masks/IL_6226782_dermoscopic_mask.png,0.2696962962962963,valid,600x450,600x450
IL_6228849,IL_6228849,/marimo/milk10k/MILK10k_Training_Input/IL_6228849/ISIC_3317235.jpg,/marimo/milk10k_train_masks/IL_6228849_dermoscopic_mask.png,0.15067407407407407,valid,600x450,600x450
IL_6230080,IL_6230080,/marimo/milk10k/MILK10k_Training_Input/IL_6230080/ISIC_8600102.jpg,/marimo/milk10k_train_masks/IL_6230080_dermoscopic_mask.png,0.24762222222222222,valid,600x450,600x450
IL_6234937,IL_6234937,/marimo/milk10k/MILK10k_Training_Input/IL_6234937/ISIC_0502413.jpg,/marimo/milk10k_train_masks/IL_6234937_dermoscopic_mask.png,0.043255555555555554,valid,600x450,600x450
IL_6236280,IL_6236280,/marimo/milk10k/MILK10k_Training_Input/IL_6236280/ISIC_1753599.jpg,/marimo/milk10k_train_masks/IL_6236280_dermoscopic_mask.png,0.2990259259259259,valid,600x450,600x450
IL_6238861,IL_6238861,/marimo/milk10k/MILK10k_Training_Input/IL_6238861/ISIC_3047578.jpg,/marimo/milk10k_train_masks/IL_6238861_dermoscopic_mask.png,0.3406814814814815,valid,600x450,600x450
IL_6242264,IL_6242264,/marimo/milk10k/MILK10k_Training_Input/IL_6242264/ISIC_2567274.jpg,/marimo/milk10k_train_masks/IL_6242264_dermoscopic_mask.png,0.5826851851851852,valid,600x450,600x450
IL_6242822,IL_6242822,/marimo/milk10k/MILK10k_Training_Input/IL_6242822/ISIC_0532349.jpg,/marimo/milk10k_train_masks/IL_6242822_dermoscopic_mask.png,0.40182222222222225,valid,600x450,600x450
IL_6244969,IL_6244969,/marimo/milk10k/MILK10k_Training_Input/IL_6244969/ISIC_0974797.jpg,/marimo/milk10k_train_masks/IL_6244969_dermoscopic_mask.png,0.0536,valid,600x450,600x450
IL_6246530,IL_6246530,/marimo/milk10k/MILK10k_Training_Input/IL_6246530/ISIC_3334573.jpg,/marimo/milk10k_train_masks/IL_6246530_dermoscopic_mask.png,0.26663703703703706,valid,600x450,600x450
IL_6246713,IL_6246713,/marimo/milk10k/MILK10k_Training_Input/IL_6246713/ISIC_8027200.jpg,/marimo/milk10k_train_masks/IL_6246713_dermoscopic_mask.png,0.2997888888888889,valid,600x450,600x450
IL_6247210,IL_6247210,/marimo/milk10k/MILK10k_Training_Input/IL_6247210/ISIC_7016834.jpg,/marimo/milk10k_train_masks/IL_6247210_dermoscopic_mask.png,0.30922222222222223,valid,600x450,600x450
IL_6248025,IL_6248025,/marimo/milk10k/MILK10k_Training_Input/IL_6248025/ISIC_1192068.jpg,/marimo/milk10k_train_masks/IL_6248025_dermoscopic_mask.png,0.6215259259259259,valid,600x450,600x450
IL_6248388,IL_6248388,/marimo/milk10k/MILK10k_Training_Input/IL_6248388/ISIC_5829840.jpg,/marimo/milk10k_train_masks/IL_6248388_dermoscopic_mask.png,0.15495925925925927,valid,600x450,600x450
IL_6249500,IL_6249500,/marimo/milk10k/MILK10k_Training_Input/IL_6249500/ISIC_3083384.jpg,/marimo/milk10k_train_masks/IL_6249500_dermoscopic_mask.png,0.33327407407407406,valid,600x450,600x450
IL_6256539,IL_6256539,/marimo/milk10k/MILK10k_Training_Input/IL_6256539/ISIC_0669396.jpg,/marimo/milk10k_train_masks/IL_6256539_dermoscopic_mask.png,0.709474074074074,valid,600x450,600x450
IL_6258270,IL_6258270,/marimo/milk10k/MILK10k_Training_Input/IL_6258270/ISIC_8553734.jpg,/marimo/milk10k_train_masks/IL_6258270_dermoscopic_mask.png,0.4116592592592593,valid,600x450,600x450
IL_6259017,IL_6259017,/marimo/milk10k/MILK10k_Training_Input/IL_6259017/ISIC_9668142.jpg,/marimo/milk10k_train_masks/IL_6259017_dermoscopic_mask.png,0.20672962962962962,valid,600x450,600x450
IL_6259285,IL_6259285,/marimo/milk10k/MILK10k_Training_Input/IL_6259285/ISIC_1320525.jpg,/marimo/milk10k_train_masks/IL_6259285_dermoscopic_mask.png,0.0736,valid,600x450,600x450
IL_6261131,IL_6261131,/marimo/milk10k/MILK10k_Training_Input/IL_6261131/ISIC_0801838.jpg,/marimo/milk10k_train_masks/IL_6261131_dermoscopic_mask.png,0.4626925925925926,valid,600x450,600x450
IL_6267051,IL_6267051,/marimo/milk10k/MILK10k_Training_Input/IL_6267051/ISIC_4668657.jpg,/marimo/milk10k_train_masks/IL_6267051_dermoscopic_mask.png,0.47001481481481483,valid,600x450,600x450
IL_6267520,IL_6267520,/marimo/milk10k/MILK10k_Training_Input/IL_6267520/ISIC_9404018.jpg,/marimo/milk10k_train_masks/IL_6267520_dermoscopic_mask.png,0.2182037037037037,valid,600x450,600x450
IL_6281110,IL_6281110,/marimo/milk10k/MILK10k_Training_Input/IL_6281110/ISIC_3974904.jpg,/marimo/milk10k_train_masks/IL_6281110_dermoscopic_mask.png,0.2851185185185185,valid,600x450,600x450
IL_6289320,IL_6289320,/marimo/milk10k/MILK10k_Training_Input/IL_6289320/ISIC_7243320.jpg,/marimo/milk10k_train_masks/IL_6289320_dermoscopic_mask.png,0.032437037037037035,valid,600x450,600x450
IL_6291533,IL_6291533,/marimo/milk10k/MILK10k_Training_Input/IL_6291533/ISIC_3486312.jpg,/marimo/milk10k_train_masks/IL_6291533_dermoscopic_mask.png,0.4288851851851852,valid,600x450,600x450
IL_6292784,IL_6292784,/marimo/milk10k/MILK10k_Training_Input/IL_6292784/ISIC_7702697.jpg,/marimo/milk10k_train_masks/IL_6292784_dermoscopic_mask.png,0.5058851851851852,valid,600x450,600x450
IL_6294894,IL_6294894,/marimo/milk10k/MILK10k_Training_Input/IL_6294894/ISIC_9756878.jpg,/marimo/milk10k_train_masks/IL_6294894_dermoscopic_mask.png,0.16924444444444445,valid,600x450,600x450
IL_6295133,IL_6295133,/marimo/milk10k/MILK10k_Training_Input/IL_6295133/ISIC_6333987.jpg,/marimo/milk10k_train_masks/IL_6295133_dermoscopic_mask.png,0.11845185185185185,valid,600x450,600x450
IL_6296094,IL_6296094,/marimo/milk10k/MILK10k_Training_Input/IL_6296094/ISIC_2818418.jpg,/marimo/milk10k_train_masks/IL_6296094_dermoscopic_mask.png,0.24383333333333335,valid,600x450,600x450
IL_6296169,IL_6296169,/marimo/milk10k/MILK10k_Training_Input/IL_6296169/ISIC_1174739.jpg,/marimo/milk10k_train_masks/IL_6296169_dermoscopic_mask.png,0.4674259259259259,valid,600x450,600x450
IL_6296418,IL_6296418,/marimo/milk10k/MILK10k_Training_Input/IL_6296418/ISIC_2334974.jpg,/marimo/milk10k_train_masks/IL_6296418_dermoscopic_mask.png,0.2020148148148148,valid,600x450,600x450
IL_6297949,IL_6297949,/marimo/milk10k/MILK10k_Training_Input/IL_6297949/ISIC_3837734.jpg,/marimo/milk10k_train_masks/IL_6297949_dermoscopic_mask.png,0.16761851851851853,valid,600x450,600x450
IL_6305050,IL_6305050,/marimo/milk10k/MILK10k_Training_Input/IL_6305050/ISIC_7436110.jpg,/marimo/milk10k_train_masks/IL_6305050_dermoscopic_mask.png,0.31482592592592595,valid,600x450,600x450
IL_6305058,IL_6305058,/marimo/milk10k/MILK10k_Training_Input/IL_6305058/ISIC_1002134.jpg,/marimo/milk10k_train_masks/IL_6305058_dermoscopic_mask.png,0.46267037037037034,valid,600x450,600x450
IL_6309287,IL_6309287,/marimo/milk10k/MILK10k_Training_Input/IL_6309287/ISIC_5966811.jpg,/marimo/milk10k_train_masks/IL_6309287_dermoscopic_mask.png,0.3111777777777778,valid,600x450,600x450
IL_6312723,IL_6312723,/marimo/milk10k/MILK10k_Training_Input/IL_6312723/ISIC_2106664.jpg,/marimo/milk10k_train_masks/IL_6312723_dermoscopic_mask.png,0.48652222222222224,valid,600x450,600x450
IL_6312892,IL_6312892,/marimo/milk10k/MILK10k_Training_Input/IL_6312892/ISIC_8239177.jpg,/marimo/milk10k_train_masks/IL_6312892_dermoscopic_mask.png,0.27283703703703704,valid,600x450,600x450
IL_6313730,IL_6313730,/marimo/milk10k/MILK10k_Training_Input/IL_6313730/ISIC_2627411.jpg,/marimo/milk10k_train_masks/IL_6313730_dermoscopic_mask.png,0.21423333333333333,valid,600x450,600x450
IL_6314670,IL_6314670,/marimo/milk10k/MILK10k_Training_Input/IL_6314670/ISIC_2747022.jpg,/marimo/milk10k_train_masks/IL_6314670_dermoscopic_mask.png,0.2856,valid,600x450,600x450
IL_6316014,IL_6316014,/marimo/milk10k/MILK10k_Training_Input/IL_6316014/ISIC_9755138.jpg,/marimo/milk10k_train_masks/IL_6316014_dermoscopic_mask.png,0.17204444444444444,valid,600x450,600x450
IL_6316913,IL_6316913,/marimo/milk10k/MILK10k_Training_Input/IL_6316913/ISIC_9356329.jpg,/marimo/milk10k_train_masks/IL_6316913_dermoscopic_mask.png,0.16634814814814816,valid,600x450,600x450
IL_6317075,IL_6317075,/marimo/milk10k/MILK10k_Training_Input/IL_6317075/ISIC_9608161.jpg,/marimo/milk10k_train_masks/IL_6317075_dermoscopic_mask.png,0.16435555555555556,valid,600x450,600x450
IL_6322114,IL_6322114,/marimo/milk10k/MILK10k_Training_Input/IL_6322114/ISIC_4851411.jpg,/marimo/milk10k_train_masks/IL_6322114_dermoscopic_mask.png,0.2662851851851852,valid,600x450,600x450
IL_6322271,IL_6322271,/marimo/milk10k/MILK10k_Training_Input/IL_6322271/ISIC_3666907.jpg,/marimo/milk10k_train_masks/IL_6322271_dermoscopic_mask.png,0.4588925925925926,valid,600x450,600x450
IL_6332213,IL_6332213,/marimo/milk10k/MILK10k_Training_Input/IL_6332213/ISIC_4648933.jpg,/marimo/milk10k_train_masks/IL_6332213_dermoscopic_mask.png,0.1296037037037037,valid,600x450,600x450
IL_6335975,IL_6335975,/marimo/milk10k/MILK10k_Training_Input/IL_6335975/ISIC_7799504.jpg,/marimo/milk10k_train_masks/IL_6335975_dermoscopic_mask.png,0.23086666666666666,valid,600x450,600x450
IL_6336481,IL_6336481,/marimo/milk10k/MILK10k_Training_Input/IL_6336481/ISIC_4103339.jpg,/marimo/milk10k_train_masks/IL_6336481_dermoscopic_mask.png,0.05251851851851852,valid,600x450,600x450
IL_6336605,IL_6336605,/marimo/milk10k/MILK10k_Training_Input/IL_6336605/ISIC_4210097.jpg,/marimo/milk10k_train_masks/IL_6336605_dermoscopic_mask.png,0.3646185185185185,valid,600x450,600x450
IL_6337790,IL_6337790,/marimo/milk10k/MILK10k_Training_Input/IL_6337790/ISIC_9226737.jpg,/marimo/milk10k_train_masks/IL_6337790_dermoscopic_mask.png,0.5987222222222223,valid,600x450,600x450
IL_6338408,IL_6338408,/marimo/milk10k/MILK10k_Training_Input/IL_6338408/ISIC_2084190.jpg,/marimo/milk10k_train_masks/IL_6338408_dermoscopic_mask.png,0.6128629629629629,valid,600x450,600x450
IL_6342379,IL_6342379,/marimo/milk10k/MILK10k_Training_Input/IL_6342379/ISIC_7794974.jpg,/marimo/milk10k_train_masks/IL_6342379_dermoscopic_mask.png,0.18547037037037037,valid,600x450,600x450
IL_6344914,IL_6344914,/marimo/milk10k/MILK10k_Training_Input/IL_6344914/ISIC_3772519.jpg,/marimo/milk10k_train_masks/IL_6344914_dermoscopic_mask.png,0.11211481481481482,valid,600x450,600x450
IL_6346184,IL_6346184,/marimo/milk10k/MILK10k_Training_Input/IL_6346184/ISIC_4588258.jpg,/marimo/milk10k_train_masks/IL_6346184_dermoscopic_mask.png,0.2570851851851852,valid,600x450,600x450
IL_6346442,IL_6346442,/marimo/milk10k/MILK10k_Training_Input/IL_6346442/ISIC_8932533.jpg,/marimo/milk10k_train_masks/IL_6346442_dermoscopic_mask.png,0.3740851851851852,valid,600x450,600x450
IL_6347465,IL_6347465,/marimo/milk10k/MILK10k_Training_Input/IL_6347465/ISIC_8319384.jpg,/marimo/milk10k_train_masks/IL_6347465_dermoscopic_mask.png,0.16815925925925926,valid,600x450,600x450
IL_6348689,IL_6348689,/marimo/milk10k/MILK10k_Training_Input/IL_6348689/ISIC_9055179.jpg,/marimo/milk10k_train_masks/IL_6348689_dermoscopic_mask.png,0.047203703703703706,valid,600x450,600x450
IL_6352600,IL_6352600,/marimo/milk10k/MILK10k_Training_Input/IL_6352600/ISIC_6938441.jpg,/marimo/milk10k_train_masks/IL_6352600_dermoscopic_mask.png,0.2647037037037037,valid,600x450,600x450
IL_6352685,IL_6352685,/marimo/milk10k/MILK10k_Training_Input/IL_6352685/ISIC_4914433.jpg,/marimo/milk10k_train_masks/IL_6352685_dermoscopic_mask.png,0.5170185185185185,valid,600x450,600x450
IL_6356620,IL_6356620,/marimo/milk10k/MILK10k_Training_Input/IL_6356620/ISIC_6835241.jpg,/marimo/milk10k_train_masks/IL_6356620_dermoscopic_mask.png,0.41614444444444443,valid,600x450,600x450
IL_6356650,IL_6356650,/marimo/milk10k/MILK10k_Training_Input/IL_6356650/ISIC_4548759.jpg,/marimo/milk10k_train_masks/IL_6356650_dermoscopic_mask.png,0.12904074074074073,valid,600x450,600x450
IL_6359555,IL_6359555,/marimo/milk10k/MILK10k_Training_Input/IL_6359555/ISIC_9334393.jpg,/marimo/milk10k_train_masks/IL_6359555_dermoscopic_mask.png,0.8119333333333333,valid,600x450,600x450
IL_6361071,IL_6361071,/marimo/milk10k/MILK10k_Training_Input/IL_6361071/ISIC_1561841.jpg,/marimo/milk10k_train_masks/IL_6361071_dermoscopic_mask.png,0.4161925925925926,valid,600x450,600x450
IL_6361201,IL_6361201,/marimo/milk10k/MILK10k_Training_Input/IL_6361201/ISIC_4386149.jpg,/marimo/milk10k_train_masks/IL_6361201_dermoscopic_mask.png,0.18373703703703703,valid,600x450,600x450
IL_6362018,IL_6362018,/marimo/milk10k/MILK10k_Training_Input/IL_6362018/ISIC_3357576.jpg,/marimo/milk10k_train_masks/IL_6362018_dermoscopic_mask.png,0.21080370370370372,valid,600x450,600x450
IL_6362579,IL_6362579,/marimo/milk10k/MILK10k_Training_Input/IL_6362579/ISIC_7424118.jpg,/marimo/milk10k_train_masks/IL_6362579_dermoscopic_mask.png,0.23896296296296296,valid,600x450,600x450
IL_6365127,IL_6365127,/marimo/milk10k/MILK10k_Training_Input/IL_6365127/ISIC_4594686.jpg,/marimo/milk10k_train_masks/IL_6365127_dermoscopic_mask.png,0.20525925925925925,valid,600x450,600x450
IL_6365837,IL_6365837,/marimo/milk10k/MILK10k_Training_Input/IL_6365837/ISIC_2252215.jpg,/marimo/milk10k_train_masks/IL_6365837_dermoscopic_mask.png,0.26635555555555557,valid,600x450,600x450
IL_6367899,IL_6367899,/marimo/milk10k/MILK10k_Training_Input/IL_6367899/ISIC_5714835.jpg,/marimo/milk10k_train_masks/IL_6367899_dermoscopic_mask.png,0.3103962962962963,valid,600x450,600x450
IL_6368595,IL_6368595,/marimo/milk10k/MILK10k_Training_Input/IL_6368595/ISIC_8071918.jpg,/marimo/milk10k_train_masks/IL_6368595_dermoscopic_mask.png,0.17463333333333333,valid,600x450,600x450
IL_6369359,IL_6369359,/marimo/milk10k/MILK10k_Training_Input/IL_6369359/ISIC_6303187.jpg,/marimo/milk10k_train_masks/IL_6369359_dermoscopic_mask.png,0.42687037037037034,valid,600x450,600x450
IL_6369658,IL_6369658,/marimo/milk10k/MILK10k_Training_Input/IL_6369658/ISIC_3770337.jpg,/marimo/milk10k_train_masks/IL_6369658_dermoscopic_mask.png,0.7547407407407407,valid,600x450,600x450
IL_6370707,IL_6370707,/marimo/milk10k/MILK10k_Training_Input/IL_6370707/ISIC_2615324.jpg,/marimo/milk10k_train_masks/IL_6370707_dermoscopic_mask.png,0.2800925925925926,valid,600x450,600x450
IL_6370742,IL_6370742,/marimo/milk10k/MILK10k_Training_Input/IL_6370742/ISIC_6945898.jpg,/marimo/milk10k_train_masks/IL_6370742_dermoscopic_mask.png,0.25427037037037037,valid,600x450,600x450
IL_6372731,IL_6372731,/marimo/milk10k/MILK10k_Training_Input/IL_6372731/ISIC_2891101.jpg,/marimo/milk10k_train_masks/IL_6372731_dermoscopic_mask.png,0.3355518518518519,valid,600x450,600x450
IL_6372832,IL_6372832,/marimo/milk10k/MILK10k_Training_Input/IL_6372832/ISIC_4916643.jpg,/marimo/milk10k_train_masks/IL_6372832_dermoscopic_mask.png,0.14593333333333333,valid,600x450,600x450
IL_6374062,IL_6374062,/marimo/milk10k/MILK10k_Training_Input/IL_6374062/ISIC_8685453.jpg,/marimo/milk10k_train_masks/IL_6374062_dermoscopic_mask.png,0.07138518518518519,valid,600x450,600x450
IL_6380251,IL_6380251,/marimo/milk10k/MILK10k_Training_Input/IL_6380251/ISIC_6730312.jpg,/marimo/milk10k_train_masks/IL_6380251_dermoscopic_mask.png,0.48744814814814813,valid,600x450,600x450
IL_6381274,IL_6381274,/marimo/milk10k/MILK10k_Training_Input/IL_6381274/ISIC_2329035.jpg,/marimo/milk10k_train_masks/IL_6381274_dermoscopic_mask.png,0.20927407407407408,valid,600x450,600x450
IL_6383449,IL_6383449,/marimo/milk10k/MILK10k_Training_Input/IL_6383449/ISIC_3298166.jpg,/marimo/milk10k_train_masks/IL_6383449_dermoscopic_mask.png,0.5093185185185185,valid,600x450,600x450
IL_6384102,IL_6384102,/marimo/milk10k/MILK10k_Training_Input/IL_6384102/ISIC_9277601.jpg,/marimo/milk10k_train_masks/IL_6384102_dermoscopic_mask.png,0.22456296296296296,valid,600x450,600x450
IL_6384302,IL_6384302,/marimo/milk10k/MILK10k_Training_Input/IL_6384302/ISIC_8528570.jpg,/marimo/milk10k_train_masks/IL_6384302_dermoscopic_mask.png,0.15612962962962962,valid,600x450,600x450
IL_6386977,IL_6386977,/marimo/milk10k/MILK10k_Training_Input/IL_6386977/ISIC_6747251.jpg,/marimo/milk10k_train_masks/IL_6386977_dermoscopic_mask.png,0.5215148148148148,valid,600x450,600x450
IL_6389219,IL_6389219,/marimo/milk10k/MILK10k_Training_Input/IL_6389219/ISIC_7029533.jpg,/marimo/milk10k_train_masks/IL_6389219_dermoscopic_mask.png,0.2871296296296296,valid,600x450,600x450
IL_6390381,IL_6390381,/marimo/milk10k/MILK10k_Training_Input/IL_6390381/ISIC_8001737.jpg,/marimo/milk10k_train_masks/IL_6390381_dermoscopic_mask.png,0.24717407407407407,valid,600x450,600x450
IL_6393566,IL_6393566,/marimo/milk10k/MILK10k_Training_Input/IL_6393566/ISIC_5866736.jpg,/marimo/milk10k_train_masks/IL_6393566_dermoscopic_mask.png,0.2285925925925926,valid,600x450,600x450
IL_6393751,IL_6393751,/marimo/milk10k/MILK10k_Training_Input/IL_6393751/ISIC_1816373.jpg,/marimo/milk10k_train_masks/IL_6393751_dermoscopic_mask.png,0.03975925925925926,valid,600x450,600x450
IL_6393969,IL_6393969,/marimo/milk10k/MILK10k_Training_Input/IL_6393969/ISIC_8612251.jpg,/marimo/milk10k_train_masks/IL_6393969_dermoscopic_mask.png,0.16148148148148148,valid,600x450,600x450
IL_6398771,IL_6398771,/marimo/milk10k/MILK10k_Training_Input/IL_6398771/ISIC_0307669.jpg,/marimo/milk10k_train_masks/IL_6398771_dermoscopic_mask.png,0.1391074074074074,valid,600x450,600x450
IL_6408457,IL_6408457,/marimo/milk10k/MILK10k_Training_Input/IL_6408457/ISIC_0583409.jpg,/marimo/milk10k_train_masks/IL_6408457_dermoscopic_mask.png,0.34343703703703704,valid,600x450,600x450
IL_6410644,IL_6410644,/marimo/milk10k/MILK10k_Training_Input/IL_6410644/ISIC_7632373.jpg,/marimo/milk10k_train_masks/IL_6410644_dermoscopic_mask.png,0.7233962962962963,valid,600x450,600x450
IL_6412076,IL_6412076,/marimo/milk10k/MILK10k_Training_Input/IL_6412076/ISIC_9995871.jpg,/marimo/milk10k_train_masks/IL_6412076_dermoscopic_mask.png,0.36898148148148147,valid,600x450,600x450
IL_6413155,IL_6413155,/marimo/milk10k/MILK10k_Training_Input/IL_6413155/ISIC_4773028.jpg,/marimo/milk10k_train_masks/IL_6413155_dermoscopic_mask.png,0.4229925925925926,valid,600x450,600x450
IL_6413460,IL_6413460,/marimo/milk10k/MILK10k_Training_Input/IL_6413460/ISIC_6532286.jpg,/marimo/milk10k_train_masks/IL_6413460_dermoscopic_mask.png,0.3377074074074074,valid,600x450,600x450
IL_6418149,IL_6418149,/marimo/milk10k/MILK10k_Training_Input/IL_6418149/ISIC_2377324.jpg,/marimo/milk10k_train_masks/IL_6418149_dermoscopic_mask.png,0.2807,valid,600x450,600x450
IL_6419934,IL_6419934,/marimo/milk10k/MILK10k_Training_Input/IL_6419934/ISIC_9866460.jpg,/marimo/milk10k_train_masks/IL_6419934_dermoscopic_mask.png,0.1727962962962963,valid,600x450,600x450
IL_6420001,IL_6420001,/marimo/milk10k/MILK10k_Training_Input/IL_6420001/ISIC_5686692.jpg,/marimo/milk10k_train_masks/IL_6420001_dermoscopic_mask.png,0.3056111111111111,valid,600x450,600x450
IL_6421981,IL_6421981,/marimo/milk10k/MILK10k_Training_Input/IL_6421981/ISIC_3663283.jpg,/marimo/milk10k_train_masks/IL_6421981_dermoscopic_mask.png,0.36811481481481484,valid,600x450,600x450
IL_6425993,IL_6425993,/marimo/milk10k/MILK10k_Training_Input/IL_6425993/ISIC_3168018.jpg,/marimo/milk10k_train_masks/IL_6425993_dermoscopic_mask.png,0.20716296296296297,valid,600x450,600x450
IL_6427122,IL_6427122,/marimo/milk10k/MILK10k_Training_Input/IL_6427122/ISIC_2162606.jpg,/marimo/milk10k_train_masks/IL_6427122_dermoscopic_mask.png,0.7193259259259259,valid,600x450,600x450
IL_6427457,IL_6427457,/marimo/milk10k/MILK10k_Training_Input/IL_6427457/ISIC_0940771.jpg,/marimo/milk10k_train_masks/IL_6427457_dermoscopic_mask.png,0.2673962962962963,valid,600x450,600x450
IL_6427581,IL_6427581,/marimo/milk10k/MILK10k_Training_Input/IL_6427581/ISIC_5678147.jpg,/marimo/milk10k_train_masks/IL_6427581_dermoscopic_mask.png,0.5331703703703704,valid,600x450,600x450
IL_6430052,IL_6430052,/marimo/milk10k/MILK10k_Training_Input/IL_6430052/ISIC_5186218.jpg,/marimo/milk10k_train_masks/IL_6430052_dermoscopic_mask.png,0.28933703703703706,valid,600x450,600x450
IL_6430136,IL_6430136,/marimo/milk10k/MILK10k_Training_Input/IL_6430136/ISIC_1548274.jpg,/marimo/milk10k_train_masks/IL_6430136_dermoscopic_mask.png,0.37556666666666666,valid,600x450,600x450
IL_6431723,IL_6431723,/marimo/milk10k/MILK10k_Training_Input/IL_6431723/ISIC_9506376.jpg,/marimo/milk10k_train_masks/IL_6431723_dermoscopic_mask.png,0.523537037037037,valid,600x450,600x450
IL_6434551,IL_6434551,/marimo/milk10k/MILK10k_Training_Input/IL_6434551/ISIC_3442836.jpg,/marimo/milk10k_train_masks/IL_6434551_dermoscopic_mask.png,0.3759851851851852,valid,600x450,600x450
IL_6439153,IL_6439153,/marimo/milk10k/MILK10k_Training_Input/IL_6439153/ISIC_2014865.jpg,/marimo/milk10k_train_masks/IL_6439153_dermoscopic_mask.png,0.3171925925925926,valid,600x450,600x450
IL_6440740,IL_6440740,/marimo/milk10k/MILK10k_Training_Input/IL_6440740/ISIC_4684676.jpg,/marimo/milk10k_train_masks/IL_6440740_dermoscopic_mask.png,0.18826296296296297,valid,600x450,600x450
IL_6441506,IL_6441506,/marimo/milk10k/MILK10k_Training_Input/IL_6441506/ISIC_2598537.jpg,/marimo/milk10k_train_masks/IL_6441506_dermoscopic_mask.png,0.5477962962962963,valid,600x450,600x450
IL_6442141,IL_6442141,/marimo/milk10k/MILK10k_Training_Input/IL_6442141/ISIC_9379057.jpg,/marimo/milk10k_train_masks/IL_6442141_dermoscopic_mask.png,0.2456148148148148,valid,600x450,600x450
IL_6442521,IL_6442521,/marimo/milk10k/MILK10k_Training_Input/IL_6442521/ISIC_6653326.jpg,/marimo/milk10k_train_masks/IL_6442521_dermoscopic_mask.png,0.4106888888888889,valid,600x450,600x450
IL_6446380,IL_6446380,/marimo/milk10k/MILK10k_Training_Input/IL_6446380/ISIC_1582241.jpg,/marimo/milk10k_train_masks/IL_6446380_dermoscopic_mask.png,0.33528148148148146,valid,600x450,600x450
IL_6448360,IL_6448360,/marimo/milk10k/MILK10k_Training_Input/IL_6448360/ISIC_0850383.jpg,/marimo/milk10k_train_masks/IL_6448360_dermoscopic_mask.png,0.5664888888888889,valid,600x450,600x450
IL_6449615,IL_6449615,/marimo/milk10k/MILK10k_Training_Input/IL_6449615/ISIC_6657446.jpg,/marimo/milk10k_train_masks/IL_6449615_dermoscopic_mask.png,0.4293925925925926,valid,600x450,600x450
IL_6450698,IL_6450698,/marimo/milk10k/MILK10k_Training_Input/IL_6450698/ISIC_6277878.jpg,/marimo/milk10k_train_masks/IL_6450698_dermoscopic_mask.png,0.4319962962962963,valid,600x450,600x450
IL_6451411,IL_6451411,/marimo/milk10k/MILK10k_Training_Input/IL_6451411/ISIC_4376280.jpg,/marimo/milk10k_train_masks/IL_6451411_dermoscopic_mask.png,0.23013333333333333,valid,600x450,600x450
IL_6452981,IL_6452981,/marimo/milk10k/MILK10k_Training_Input/IL_6452981/ISIC_5834421.jpg,/marimo/milk10k_train_masks/IL_6452981_dermoscopic_mask.png,0.07328148148148148,valid,600x450,600x450
IL_6455280,IL_6455280,/marimo/milk10k/MILK10k_Training_Input/IL_6455280/ISIC_7272721.jpg,/marimo/milk10k_train_masks/IL_6455280_dermoscopic_mask.png,0.24404074074074075,valid,600x450,600x450
IL_6455878,IL_6455878,/marimo/milk10k/MILK10k_Training_Input/IL_6455878/ISIC_3062370.jpg,/marimo/milk10k_train_masks/IL_6455878_dermoscopic_mask.png,0.4404296296296296,valid,600x450,600x450
IL_6458200,IL_6458200,/marimo/milk10k/MILK10k_Training_Input/IL_6458200/ISIC_0244875.jpg,/marimo/milk10k_train_masks/IL_6458200_dermoscopic_mask.png,0.2465,valid,600x450,600x450
IL_6462004,IL_6462004,/marimo/milk10k/MILK10k_Training_Input/IL_6462004/ISIC_7645755.jpg,/marimo/milk10k_train_masks/IL_6462004_dermoscopic_mask.png,0.25402592592592593,valid,600x450,600x450
IL_6464483,IL_6464483,/marimo/milk10k/MILK10k_Training_Input/IL_6464483/ISIC_6358504.jpg,/marimo/milk10k_train_masks/IL_6464483_dermoscopic_mask.png,0.07717407407407408,valid,600x450,600x450
IL_6466353,IL_6466353,/marimo/milk10k/MILK10k_Training_Input/IL_6466353/ISIC_0392480.jpg,/marimo/milk10k_train_masks/IL_6466353_dermoscopic_mask.png,0.41592962962962965,valid,600x450,600x450
IL_6475801,IL_6475801,/marimo/milk10k/MILK10k_Training_Input/IL_6475801/ISIC_4132905.jpg,/marimo/milk10k_train_masks/IL_6475801_dermoscopic_mask.png,0.44893333333333335,valid,600x450,600x450
IL_6477197,IL_6477197,/marimo/milk10k/MILK10k_Training_Input/IL_6477197/ISIC_5553849.jpg,/marimo/milk10k_train_masks/IL_6477197_dermoscopic_mask.png,0.5626333333333333,valid,600x450,600x450
IL_6478777,IL_6478777,/marimo/milk10k/MILK10k_Training_Input/IL_6478777/ISIC_9668533.jpg,/marimo/milk10k_train_masks/IL_6478777_dermoscopic_mask.png,0.16031481481481483,valid,600x450,600x450
IL_6480274,IL_6480274,/marimo/milk10k/MILK10k_Training_Input/IL_6480274/ISIC_3578842.jpg,/marimo/milk10k_train_masks/IL_6480274_dermoscopic_mask.png,0.11793333333333333,valid,600x450,600x450
IL_6480673,IL_6480673,/marimo/milk10k/MILK10k_Training_Input/IL_6480673/ISIC_0487104.jpg,/marimo/milk10k_train_masks/IL_6480673_dermoscopic_mask.png,0.20395185185185186,valid,600x450,600x450
IL_6481065,IL_6481065,/marimo/milk10k/MILK10k_Training_Input/IL_6481065/ISIC_1085792.jpg,/marimo/milk10k_train_masks/IL_6481065_dermoscopic_mask.png,0.5424148148148148,valid,600x450,600x450
IL_6481233,IL_6481233,/marimo/milk10k/MILK10k_Training_Input/IL_6481233/ISIC_2110451.jpg,/marimo/milk10k_train_masks/IL_6481233_dermoscopic_mask.png,0.21516666666666667,valid,600x450,600x450
IL_6481274,IL_6481274,/marimo/milk10k/MILK10k_Training_Input/IL_6481274/ISIC_0562738.jpg,/marimo/milk10k_train_masks/IL_6481274_dermoscopic_mask.png,0.1033074074074074,valid,600x450,600x450
IL_6481536,IL_6481536,/marimo/milk10k/MILK10k_Training_Input/IL_6481536/ISIC_2795308.jpg,/marimo/milk10k_train_masks/IL_6481536_dermoscopic_mask.png,0.6154666666666667,valid,600x450,600x450
IL_6484840,IL_6484840,/marimo/milk10k/MILK10k_Training_Input/IL_6484840/ISIC_5271791.jpg,/marimo/milk10k_train_masks/IL_6484840_dermoscopic_mask.png,0.6393592592592593,valid,600x450,600x450
IL_6491562,IL_6491562,/marimo/milk10k/MILK10k_Training_Input/IL_6491562/ISIC_1191996.jpg,/marimo/milk10k_train_masks/IL_6491562_dermoscopic_mask.png,0.1673074074074074,valid,600x450,600x450
IL_6491893,IL_6491893,/marimo/milk10k/MILK10k_Training_Input/IL_6491893/ISIC_6239365.jpg,/marimo/milk10k_train_masks/IL_6491893_dermoscopic_mask.png,0.1608111111111111,valid,600x450,600x450
IL_6493670,IL_6493670,/marimo/milk10k/MILK10k_Training_Input/IL_6493670/ISIC_6455558.jpg,/marimo/milk10k_train_masks/IL_6493670_dermoscopic_mask.png,0.28474814814814814,valid,600x450,600x450
IL_6497290,IL_6497290,/marimo/milk10k/MILK10k_Training_Input/IL_6497290/ISIC_8810868.jpg,/marimo/milk10k_train_masks/IL_6497290_dermoscopic_mask.png,0.26814444444444446,valid,600x450,600x450
IL_6498121,IL_6498121,/marimo/milk10k/MILK10k_Training_Input/IL_6498121/ISIC_3553315.jpg,/marimo/milk10k_train_masks/IL_6498121_dermoscopic_mask.png,0.09147037037037037,valid,600x450,600x450
IL_6498340,IL_6498340,/marimo/milk10k/MILK10k_Training_Input/IL_6498340/ISIC_5696465.jpg,/marimo/milk10k_train_masks/IL_6498340_dermoscopic_mask.png,0.13620740740740742,valid,600x450,600x450
IL_6498417,IL_6498417,/marimo/milk10k/MILK10k_Training_Input/IL_6498417/ISIC_5836740.jpg,/marimo/milk10k_train_masks/IL_6498417_dermoscopic_mask.png,0.14403703703703705,valid,600x450,600x450
IL_6499920,IL_6499920,/marimo/milk10k/MILK10k_Training_Input/IL_6499920/ISIC_3526427.jpg,/marimo/milk10k_train_masks/IL_6499920_dermoscopic_mask.png,0.4156185185185185,valid,600x450,600x450
IL_6502253,IL_6502253,/marimo/milk10k/MILK10k_Training_Input/IL_6502253/ISIC_5062776.jpg,/marimo/milk10k_train_masks/IL_6502253_dermoscopic_mask.png,0.17479629629629628,valid,600x450,600x450
IL_6502535,IL_6502535,/marimo/milk10k/MILK10k_Training_Input/IL_6502535/ISIC_3317643.jpg,/marimo/milk10k_train_masks/IL_6502535_dermoscopic_mask.png,0.08607037037037037,valid,600x450,600x450
IL_6503105,IL_6503105,/marimo/milk10k/MILK10k_Training_Input/IL_6503105/ISIC_7308959.jpg,/marimo/milk10k_train_masks/IL_6503105_dermoscopic_mask.png,0.4632148148148148,valid,600x450,600x450
IL_6505724,IL_6505724,/marimo/milk10k/MILK10k_Training_Input/IL_6505724/ISIC_4113429.jpg,/marimo/milk10k_train_masks/IL_6505724_dermoscopic_mask.png,0.24371851851851853,valid,600x450,600x450
IL_6506756,IL_6506756,/marimo/milk10k/MILK10k_Training_Input/IL_6506756/ISIC_1991989.jpg,/marimo/milk10k_train_masks/IL_6506756_dermoscopic_mask.png,0.7627222222222222,valid,600x450,600x450
IL_6507305,IL_6507305,/marimo/milk10k/MILK10k_Training_Input/IL_6507305/ISIC_2164571.jpg,/marimo/milk10k_train_masks/IL_6507305_dermoscopic_mask.png,0.49374074074074076,valid,600x450,600x450
IL_6509109,IL_6509109,/marimo/milk10k/MILK10k_Training_Input/IL_6509109/ISIC_0208357.jpg,/marimo/milk10k_train_masks/IL_6509109_dermoscopic_mask.png,0.581962962962963,valid,600x450,600x450
IL_6511492,IL_6511492,/marimo/milk10k/MILK10k_Training_Input/IL_6511492/ISIC_0866872.jpg,/marimo/milk10k_train_masks/IL_6511492_dermoscopic_mask.png,0.5338962962962963,valid,600x450,600x450
IL_6512054,IL_6512054,/marimo/milk10k/MILK10k_Training_Input/IL_6512054/ISIC_5310763.jpg,/marimo/milk10k_train_masks/IL_6512054_dermoscopic_mask.png,0.5467407407407407,valid,600x450,600x450
IL_6514387,IL_6514387,/marimo/milk10k/MILK10k_Training_Input/IL_6514387/ISIC_4045574.jpg,/marimo/milk10k_train_masks/IL_6514387_dermoscopic_mask.png,0.36998888888888887,valid,600x450,600x450
IL_6518522,IL_6518522,/marimo/milk10k/MILK10k_Training_Input/IL_6518522/ISIC_3997102.jpg,/marimo/milk10k_train_masks/IL_6518522_dermoscopic_mask.png,0.3325592592592593,valid,600x450,600x450
IL_6520783,IL_6520783,/marimo/milk10k/MILK10k_Training_Input/IL_6520783/ISIC_2508643.jpg,/marimo/milk10k_train_masks/IL_6520783_dermoscopic_mask.png,0.4715814814814815,valid,600x450,600x450
IL_6525739,IL_6525739,/marimo/milk10k/MILK10k_Training_Input/IL_6525739/ISIC_2025971.jpg,/marimo/milk10k_train_masks/IL_6525739_dermoscopic_mask.png,0.5742148148148148,valid,600x450,600x450
IL_6527343,IL_6527343,/marimo/milk10k/MILK10k_Training_Input/IL_6527343/ISIC_3779625.jpg,/marimo/milk10k_train_masks/IL_6527343_dermoscopic_mask.png,0.47424074074074074,valid,600x450,600x450
IL_6527542,IL_6527542,/marimo/milk10k/MILK10k_Training_Input/IL_6527542/ISIC_4343848.jpg,/marimo/milk10k_train_masks/IL_6527542_dermoscopic_mask.png,0.1599888888888889,valid,600x450,600x450
IL_6528074,IL_6528074,/marimo/milk10k/MILK10k_Training_Input/IL_6528074/ISIC_4577203.jpg,/marimo/milk10k_train_masks/IL_6528074_dermoscopic_mask.png,0.19815555555555556,valid,600x450,600x450
IL_6528772,IL_6528772,/marimo/milk10k/MILK10k_Training_Input/IL_6528772/ISIC_1828562.jpg,/marimo/milk10k_train_masks/IL_6528772_dermoscopic_mask.png,0.0052481481481481485,too_small,600x450,600x450
IL_6532631,IL_6532631,/marimo/milk10k/MILK10k_Training_Input/IL_6532631/ISIC_6297733.jpg,/marimo/milk10k_train_masks/IL_6532631_dermoscopic_mask.png,0.25324444444444444,valid,600x450,600x450
IL_6536248,IL_6536248,/marimo/milk10k/MILK10k_Training_Input/IL_6536248/ISIC_2973605.jpg,/marimo/milk10k_train_masks/IL_6536248_dermoscopic_mask.png,0.13813703703703703,valid,600x450,600x450
IL_6546506,IL_6546506,/marimo/milk10k/MILK10k_Training_Input/IL_6546506/ISIC_4629088.jpg,/marimo/milk10k_train_masks/IL_6546506_dermoscopic_mask.png,0.3120851851851852,valid,600x450,600x450
IL_6550099,IL_6550099,/marimo/milk10k/MILK10k_Training_Input/IL_6550099/ISIC_9994191.jpg,/marimo/milk10k_train_masks/IL_6550099_dermoscopic_mask.png,0.07831481481481481,valid,600x450,600x450
IL_6550593,IL_6550593,/marimo/milk10k/MILK10k_Training_Input/IL_6550593/ISIC_3873824.jpg,/marimo/milk10k_train_masks/IL_6550593_dermoscopic_mask.png,0.6058111111111111,valid,600x450,600x450
IL_6552664,IL_6552664,/marimo/milk10k/MILK10k_Training_Input/IL_6552664/ISIC_5253746.jpg,/marimo/milk10k_train_masks/IL_6552664_dermoscopic_mask.png,0.36946296296296294,valid,600x450,600x450
IL_6552855,IL_6552855,/marimo/milk10k/MILK10k_Training_Input/IL_6552855/ISIC_8621381.jpg,/marimo/milk10k_train_masks/IL_6552855_dermoscopic_mask.png,0.44804814814814814,valid,600x450,600x450
IL_6555203,IL_6555203,/marimo/milk10k/MILK10k_Training_Input/IL_6555203/ISIC_4347690.jpg,/marimo/milk10k_train_masks/IL_6555203_dermoscopic_mask.png,0.3270814814814815,valid,600x450,600x450
IL_6555655,IL_6555655,/marimo/milk10k/MILK10k_Training_Input/IL_6555655/ISIC_5213643.jpg,/marimo/milk10k_train_masks/IL_6555655_dermoscopic_mask.png,0.2605074074074074,valid,600x450,600x450
IL_6556593,IL_6556593,/marimo/milk10k/MILK10k_Training_Input/IL_6556593/ISIC_4820255.jpg,/marimo/milk10k_train_masks/IL_6556593_dermoscopic_mask.png,0.04137777777777778,valid,600x450,600x450
IL_6558411,IL_6558411,/marimo/milk10k/MILK10k_Training_Input/IL_6558411/ISIC_8939939.jpg,/marimo/milk10k_train_masks/IL_6558411_dermoscopic_mask.png,0.1174037037037037,valid,600x450,600x450
IL_6559871,IL_6559871,/marimo/milk10k/MILK10k_Training_Input/IL_6559871/ISIC_4736865.jpg,/marimo/milk10k_train_masks/IL_6559871_dermoscopic_mask.png,0.35504074074074077,valid,600x450,600x450
IL_6560903,IL_6560903,/marimo/milk10k/MILK10k_Training_Input/IL_6560903/ISIC_1179992.jpg,/marimo/milk10k_train_masks/IL_6560903_dermoscopic_mask.png,0.16857777777777777,valid,600x450,600x450
IL_6575450,IL_6575450,/marimo/milk10k/MILK10k_Training_Input/IL_6575450/ISIC_4297812.jpg,/marimo/milk10k_train_masks/IL_6575450_dermoscopic_mask.png,0.5462555555555556,valid,600x450,600x450
IL_6578198,IL_6578198,/marimo/milk10k/MILK10k_Training_Input/IL_6578198/ISIC_6063074.jpg,/marimo/milk10k_train_masks/IL_6578198_dermoscopic_mask.png,0.5144333333333333,valid,600x450,600x450
IL_6580318,IL_6580318,/marimo/milk10k/MILK10k_Training_Input/IL_6580318/ISIC_1625882.jpg,/marimo/milk10k_train_masks/IL_6580318_dermoscopic_mask.png,0.1710037037037037,valid,600x450,600x450
IL_6581276,IL_6581276,/marimo/milk10k/MILK10k_Training_Input/IL_6581276/ISIC_6242110.jpg,/marimo/milk10k_train_masks/IL_6581276_dermoscopic_mask.png,0.28802962962962964,valid,600x450,600x450
IL_6582258,IL_6582258,/marimo/milk10k/MILK10k_Training_Input/IL_6582258/ISIC_3659324.jpg,/marimo/milk10k_train_masks/IL_6582258_dermoscopic_mask.png,0.19045185185185184,valid,600x450,600x450
IL_6583801,IL_6583801,/marimo/milk10k/MILK10k_Training_Input/IL_6583801/ISIC_3892538.jpg,/marimo/milk10k_train_masks/IL_6583801_dermoscopic_mask.png,0.3047592592592593,valid,600x450,600x450
IL_6585247,IL_6585247,/marimo/milk10k/MILK10k_Training_Input/IL_6585247/ISIC_3302093.jpg,/marimo/milk10k_train_masks/IL_6585247_dermoscopic_mask.png,0.37404444444444446,valid,600x450,600x450
IL_6586182,IL_6586182,/marimo/milk10k/MILK10k_Training_Input/IL_6586182/ISIC_8127734.jpg,/marimo/milk10k_train_masks/IL_6586182_dermoscopic_mask.png,0.2852,valid,600x450,600x450
IL_6587096,IL_6587096,/marimo/milk10k/MILK10k_Training_Input/IL_6587096/ISIC_0603818.jpg,/marimo/milk10k_train_masks/IL_6587096_dermoscopic_mask.png,0.4248777777777778,valid,600x450,600x450
IL_6588313,IL_6588313,/marimo/milk10k/MILK10k_Training_Input/IL_6588313/ISIC_6062128.jpg,/marimo/milk10k_train_masks/IL_6588313_dermoscopic_mask.png,0.11865185185185186,valid,600x450,600x450
IL_6591521,IL_6591521,/marimo/milk10k/MILK10k_Training_Input/IL_6591521/ISIC_6138103.jpg,/marimo/milk10k_train_masks/IL_6591521_dermoscopic_mask.png,0.2901518518518518,valid,600x450,600x450
IL_6591567,IL_6591567,/marimo/milk10k/MILK10k_Training_Input/IL_6591567/ISIC_0489274.jpg,/marimo/milk10k_train_masks/IL_6591567_dermoscopic_mask.png,0.6041407407407408,valid,600x450,600x450
IL_6592756,IL_6592756,/marimo/milk10k/MILK10k_Training_Input/IL_6592756/ISIC_5284704.jpg,/marimo/milk10k_train_masks/IL_6592756_dermoscopic_mask.png,0.4595222222222222,valid,600x450,600x450
IL_6592976,IL_6592976,/marimo/milk10k/MILK10k_Training_Input/IL_6592976/ISIC_5793548.jpg,/marimo/milk10k_train_masks/IL_6592976_dermoscopic_mask.png,0.16921111111111112,valid,600x450,600x450
IL_6594915,IL_6594915,/marimo/milk10k/MILK10k_Training_Input/IL_6594915/ISIC_4237744.jpg,/marimo/milk10k_train_masks/IL_6594915_dermoscopic_mask.png,0.41024444444444447,valid,600x450,600x450
IL_6595342,IL_6595342,/marimo/milk10k/MILK10k_Training_Input/IL_6595342/ISIC_4458763.jpg,/marimo/milk10k_train_masks/IL_6595342_dermoscopic_mask.png,0.2011,valid,600x450,600x450
IL_6598167,IL_6598167,/marimo/milk10k/MILK10k_Training_Input/IL_6598167/ISIC_1665727.jpg,/marimo/milk10k_train_masks/IL_6598167_dermoscopic_mask.png,0.3145777777777778,valid,600x450,600x450
IL_6599749,IL_6599749,/marimo/milk10k/MILK10k_Training_Input/IL_6599749/ISIC_3360186.jpg,/marimo/milk10k_train_masks/IL_6599749_dermoscopic_mask.png,0.522962962962963,valid,600x450,600x450
IL_6600785,IL_6600785,/marimo/milk10k/MILK10k_Training_Input/IL_6600785/ISIC_3418246.jpg,/marimo/milk10k_train_masks/IL_6600785_dermoscopic_mask.png,0.7036740740740741,valid,600x450,600x450
IL_6605794,IL_6605794,/marimo/milk10k/MILK10k_Training_Input/IL_6605794/ISIC_8684482.jpg,/marimo/milk10k_train_masks/IL_6605794_dermoscopic_mask.png,0.19792592592592592,valid,600x450,600x450
IL_6606069,IL_6606069,/marimo/milk10k/MILK10k_Training_Input/IL_6606069/ISIC_8668985.jpg,/marimo/milk10k_train_masks/IL_6606069_dermoscopic_mask.png,0.3028,valid,600x450,600x450
IL_6607350,IL_6607350,/marimo/milk10k/MILK10k_Training_Input/IL_6607350/ISIC_1712861.jpg,/marimo/milk10k_train_masks/IL_6607350_dermoscopic_mask.png,0.4413259259259259,valid,600x450,600x450
IL_6607832,IL_6607832,/marimo/milk10k/MILK10k_Training_Input/IL_6607832/ISIC_9171793.jpg,/marimo/milk10k_train_masks/IL_6607832_dermoscopic_mask.png,0.30975555555555556,valid,600x450,600x450
IL_6609864,IL_6609864,/marimo/milk10k/MILK10k_Training_Input/IL_6609864/ISIC_2848487.jpg,/marimo/milk10k_train_masks/IL_6609864_dermoscopic_mask.png,0.3208814814814815,valid,600x450,600x450
IL_6613281,IL_6613281,/marimo/milk10k/MILK10k_Training_Input/IL_6613281/ISIC_7854881.jpg,/marimo/milk10k_train_masks/IL_6613281_dermoscopic_mask.png,0.3630962962962963,valid,600x450,600x450
IL_6613514,IL_6613514,/marimo/milk10k/MILK10k_Training_Input/IL_6613514/ISIC_0179367.jpg,/marimo/milk10k_train_masks/IL_6613514_dermoscopic_mask.png,0.19468888888888888,valid,600x450,600x450
IL_6615985,IL_6615985,/marimo/milk10k/MILK10k_Training_Input/IL_6615985/ISIC_6603451.jpg,/marimo/milk10k_train_masks/IL_6615985_dermoscopic_mask.png,0.3504407407407407,valid,600x450,600x450
IL_6616097,IL_6616097,/marimo/milk10k/MILK10k_Training_Input/IL_6616097/ISIC_8620236.jpg,/marimo/milk10k_train_masks/IL_6616097_dermoscopic_mask.png,0.3078,valid,600x450,600x450
IL_6616661,IL_6616661,/marimo/milk10k/MILK10k_Training_Input/IL_6616661/ISIC_4943359.jpg,/marimo/milk10k_train_masks/IL_6616661_dermoscopic_mask.png,0.2686,valid,600x450,600x450
IL_6617592,IL_6617592,/marimo/milk10k/MILK10k_Training_Input/IL_6617592/ISIC_4030354.jpg,/marimo/milk10k_train_masks/IL_6617592_dermoscopic_mask.png,0.6497333333333334,valid,600x450,600x450
IL_6618073,IL_6618073,/marimo/milk10k/MILK10k_Training_Input/IL_6618073/ISIC_4503581.jpg,/marimo/milk10k_train_masks/IL_6618073_dermoscopic_mask.png,0.47283703703703706,valid,600x450,600x450
IL_6622231,IL_6622231,/marimo/milk10k/MILK10k_Training_Input/IL_6622231/ISIC_6442452.jpg,/marimo/milk10k_train_masks/IL_6622231_dermoscopic_mask.png,0.5818740740740741,valid,600x450,600x450
IL_6622693,IL_6622693,/marimo/milk10k/MILK10k_Training_Input/IL_6622693/ISIC_6293492.jpg,/marimo/milk10k_train_masks/IL_6622693_dermoscopic_mask.png,0.46375185185185186,valid,600x450,600x450
IL_6627876,IL_6627876,/marimo/milk10k/MILK10k_Training_Input/IL_6627876/ISIC_4919280.jpg,/marimo/milk10k_train_masks/IL_6627876_dermoscopic_mask.png,0.15737037037037038,valid,600x450,600x450
IL_6629928,IL_6629928,/marimo/milk10k/MILK10k_Training_Input/IL_6629928/ISIC_1283766.jpg,/marimo/milk10k_train_masks/IL_6629928_dermoscopic_mask.png,0.4431074074074074,valid,600x450,600x450
IL_6632725,IL_6632725,/marimo/milk10k/MILK10k_Training_Input/IL_6632725/ISIC_7170025.jpg,/marimo/milk10k_train_masks/IL_6632725_dermoscopic_mask.png,0.48485925925925927,valid,600x450,600x450
IL_6634369,IL_6634369,/marimo/milk10k/MILK10k_Training_Input/IL_6634369/ISIC_6738813.jpg,/marimo/milk10k_train_masks/IL_6634369_dermoscopic_mask.png,0.36217037037037036,valid,600x450,600x450
IL_6635942,IL_6635942,/marimo/milk10k/MILK10k_Training_Input/IL_6635942/ISIC_9018696.jpg,/marimo/milk10k_train_masks/IL_6635942_dermoscopic_mask.png,0.2898777777777778,valid,600x450,600x450
IL_6636674,IL_6636674,/marimo/milk10k/MILK10k_Training_Input/IL_6636674/ISIC_4314742.jpg,/marimo/milk10k_train_masks/IL_6636674_dermoscopic_mask.png,0.2862074074074074,valid,600x450,600x450
IL_6638180,IL_6638180,/marimo/milk10k/MILK10k_Training_Input/IL_6638180/ISIC_6508531.jpg,/marimo/milk10k_train_masks/IL_6638180_dermoscopic_mask.png,0.02498888888888889,valid,600x450,600x450
IL_6638218,IL_6638218,/marimo/milk10k/MILK10k_Training_Input/IL_6638218/ISIC_5822186.jpg,/marimo/milk10k_train_masks/IL_6638218_dermoscopic_mask.png,0.4664962962962963,valid,600x450,600x450
IL_6639439,IL_6639439,/marimo/milk10k/MILK10k_Training_Input/IL_6639439/ISIC_9423469.jpg,/marimo/milk10k_train_masks/IL_6639439_dermoscopic_mask.png,0.2972962962962963,valid,600x450,600x450
IL_6639519,IL_6639519,/marimo/milk10k/MILK10k_Training_Input/IL_6639519/ISIC_7115768.jpg,/marimo/milk10k_train_masks/IL_6639519_dermoscopic_mask.png,0.07168888888888889,valid,600x450,600x450
IL_6646437,IL_6646437,/marimo/milk10k/MILK10k_Training_Input/IL_6646437/ISIC_4877646.jpg,/marimo/milk10k_train_masks/IL_6646437_dermoscopic_mask.png,0.4643185185185185,valid,600x450,600x450
IL_6647524,IL_6647524,/marimo/milk10k/MILK10k_Training_Input/IL_6647524/ISIC_9103397.jpg,/marimo/milk10k_train_masks/IL_6647524_dermoscopic_mask.png,0.2431925925925926,valid,600x450,600x450
IL_6647837,IL_6647837,/marimo/milk10k/MILK10k_Training_Input/IL_6647837/ISIC_8649350.jpg,/marimo/milk10k_train_masks/IL_6647837_dermoscopic_mask.png,0.17905555555555555,valid,600x450,600x450
IL_6649542,IL_6649542,/marimo/milk10k/MILK10k_Training_Input/IL_6649542/ISIC_9971064.jpg,/marimo/milk10k_train_masks/IL_6649542_dermoscopic_mask.png,0.23572962962962962,valid,600x450,600x450
IL_6650596,IL_6650596,/marimo/milk10k/MILK10k_Training_Input/IL_6650596/ISIC_4905525.jpg,/marimo/milk10k_train_masks/IL_6650596_dermoscopic_mask.png,0.3557666666666667,valid,600x450,600x450
IL_6653244,IL_6653244,/marimo/milk10k/MILK10k_Training_Input/IL_6653244/ISIC_0887284.jpg,/marimo/milk10k_train_masks/IL_6653244_dermoscopic_mask.png,0.5483148148148148,valid,600x450,600x450
IL_6654419,IL_6654419,/marimo/milk10k/MILK10k_Training_Input/IL_6654419/ISIC_1999632.jpg,/marimo/milk10k_train_masks/IL_6654419_dermoscopic_mask.png,0.0898925925925926,valid,600x450,600x450
IL_6654739,IL_6654739,/marimo/milk10k/MILK10k_Training_Input/IL_6654739/ISIC_8436376.jpg,/marimo/milk10k_train_masks/IL_6654739_dermoscopic_mask.png,0.3834074074074074,valid,600x450,600x450
IL_6655417,IL_6655417,/marimo/milk10k/MILK10k_Training_Input/IL_6655417/ISIC_1831934.jpg,/marimo/milk10k_train_masks/IL_6655417_dermoscopic_mask.png,0.38033703703703703,valid,600x450,600x450
IL_6657702,IL_6657702,/marimo/milk10k/MILK10k_Training_Input/IL_6657702/ISIC_5068413.jpg,/marimo/milk10k_train_masks/IL_6657702_dermoscopic_mask.png,0.42925185185185183,valid,600x450,600x450
IL_6658554,IL_6658554,/marimo/milk10k/MILK10k_Training_Input/IL_6658554/ISIC_2289203.jpg,/marimo/milk10k_train_masks/IL_6658554_dermoscopic_mask.png,0.04354444444444444,valid,600x450,600x450
IL_6659828,IL_6659828,/marimo/milk10k/MILK10k_Training_Input/IL_6659828/ISIC_7801345.jpg,/marimo/milk10k_train_masks/IL_6659828_dermoscopic_mask.png,0.5012777777777778,valid,600x450,600x450
IL_6660320,IL_6660320,/marimo/milk10k/MILK10k_Training_Input/IL_6660320/ISIC_3584809.jpg,/marimo/milk10k_train_masks/IL_6660320_dermoscopic_mask.png,0.557862962962963,valid,600x450,600x450
IL_6660376,IL_6660376,/marimo/milk10k/MILK10k_Training_Input/IL_6660376/ISIC_8026822.jpg,/marimo/milk10k_train_masks/IL_6660376_dermoscopic_mask.png,0.1401,valid,600x450,600x450
IL_6662747,IL_6662747,/marimo/milk10k/MILK10k_Training_Input/IL_6662747/ISIC_6657890.jpg,/marimo/milk10k_train_masks/IL_6662747_dermoscopic_mask.png,0.1098,valid,600x450,600x450
IL_6665105,IL_6665105,/marimo/milk10k/MILK10k_Training_Input/IL_6665105/ISIC_4302597.jpg,/marimo/milk10k_train_masks/IL_6665105_dermoscopic_mask.png,0.610462962962963,valid,600x450,600x450
IL_6665809,IL_6665809,/marimo/milk10k/MILK10k_Training_Input/IL_6665809/ISIC_0970615.jpg,/marimo/milk10k_train_masks/IL_6665809_dermoscopic_mask.png,0.24222962962962963,valid,600x450,600x450
IL_6673700,IL_6673700,/marimo/milk10k/MILK10k_Training_Input/IL_6673700/ISIC_5171808.jpg,/marimo/milk10k_train_masks/IL_6673700_dermoscopic_mask.png,0.011440740740740741,valid,600x450,600x450
IL_6676284,IL_6676284,/marimo/milk10k/MILK10k_Training_Input/IL_6676284/ISIC_8860235.jpg,/marimo/milk10k_train_masks/IL_6676284_dermoscopic_mask.png,0.20966296296296297,valid,600x450,600x450
IL_6677545,IL_6677545,/marimo/milk10k/MILK10k_Training_Input/IL_6677545/ISIC_0907555.jpg,/marimo/milk10k_train_masks/IL_6677545_dermoscopic_mask.png,0.06597407407407407,valid,600x450,600x450
IL_6677993,IL_6677993,/marimo/milk10k/MILK10k_Training_Input/IL_6677993/ISIC_2961437.jpg,/marimo/milk10k_train_masks/IL_6677993_dermoscopic_mask.png,0.2114185185185185,valid,600x450,600x450
IL_6679773,IL_6679773,/marimo/milk10k/MILK10k_Training_Input/IL_6679773/ISIC_7196937.jpg,/marimo/milk10k_train_masks/IL_6679773_dermoscopic_mask.png,0.4805259259259259,valid,600x450,600x450
IL_6680109,IL_6680109,/marimo/milk10k/MILK10k_Training_Input/IL_6680109/ISIC_5079694.jpg,/marimo/milk10k_train_masks/IL_6680109_dermoscopic_mask.png,0.2518888888888889,valid,600x450,600x450
IL_6681910,IL_6681910,/marimo/milk10k/MILK10k_Training_Input/IL_6681910/ISIC_4938829.jpg,/marimo/milk10k_train_masks/IL_6681910_dermoscopic_mask.png,0.14685185185185184,valid,600x450,600x450
IL_6684084,IL_6684084,/marimo/milk10k/MILK10k_Training_Input/IL_6684084/ISIC_9640662.jpg,/marimo/milk10k_train_masks/IL_6684084_dermoscopic_mask.png,0.22476666666666667,valid,600x450,600x450
IL_6684225,IL_6684225,/marimo/milk10k/MILK10k_Training_Input/IL_6684225/ISIC_7478833.jpg,/marimo/milk10k_train_masks/IL_6684225_dermoscopic_mask.png,0.5763296296296296,valid,600x450,600x450
IL_6686200,IL_6686200,/marimo/milk10k/MILK10k_Training_Input/IL_6686200/ISIC_6569850.jpg,/marimo/milk10k_train_masks/IL_6686200_dermoscopic_mask.png,0.15544074074074074,valid,600x450,600x450
IL_6687584,IL_6687584,/marimo/milk10k/MILK10k_Training_Input/IL_6687584/ISIC_7896976.jpg,/marimo/milk10k_train_masks/IL_6687584_dermoscopic_mask.png,0.08431851851851851,valid,600x450,600x450
IL_6687595,IL_6687595,/marimo/milk10k/MILK10k_Training_Input/IL_6687595/ISIC_2580974.jpg,/marimo/milk10k_train_masks/IL_6687595_dermoscopic_mask.png,0.2429888888888889,valid,600x450,600x450
IL_6690716,IL_6690716,/marimo/milk10k/MILK10k_Training_Input/IL_6690716/ISIC_6825359.jpg,/marimo/milk10k_train_masks/IL_6690716_dermoscopic_mask.png,0.21015555555555557,valid,600x450,600x450
IL_6691534,IL_6691534,/marimo/milk10k/MILK10k_Training_Input/IL_6691534/ISIC_0190959.jpg,/marimo/milk10k_train_masks/IL_6691534_dermoscopic_mask.png,0.26575185185185185,valid,600x450,600x450
IL_6691831,IL_6691831,/marimo/milk10k/MILK10k_Training_Input/IL_6691831/ISIC_4133448.jpg,/marimo/milk10k_train_masks/IL_6691831_dermoscopic_mask.png,0.22034444444444445,valid,600x450,600x450
IL_6692380,IL_6692380,/marimo/milk10k/MILK10k_Training_Input/IL_6692380/ISIC_9740592.jpg,/marimo/milk10k_train_masks/IL_6692380_dermoscopic_mask.png,0.07250370370370371,valid,600x450,600x450
IL_6693472,IL_6693472,/marimo/milk10k/MILK10k_Training_Input/IL_6693472/ISIC_2783831.jpg,/marimo/milk10k_train_masks/IL_6693472_dermoscopic_mask.png,0.42615185185185184,valid,600x450,600x450
IL_6695406,IL_6695406,/marimo/milk10k/MILK10k_Training_Input/IL_6695406/ISIC_6259246.jpg,/marimo/milk10k_train_masks/IL_6695406_dermoscopic_mask.png,0.3053,valid,600x450,600x450
IL_6695946,IL_6695946,/marimo/milk10k/MILK10k_Training_Input/IL_6695946/ISIC_6026183.jpg,/marimo/milk10k_train_masks/IL_6695946_dermoscopic_mask.png,0.3816,valid,600x450,600x450
IL_6705491,IL_6705491,/marimo/milk10k/MILK10k_Training_Input/IL_6705491/ISIC_9266057.jpg,/marimo/milk10k_train_masks/IL_6705491_dermoscopic_mask.png,0.5053666666666666,valid,600x450,600x450
IL_6706303,IL_6706303,/marimo/milk10k/MILK10k_Training_Input/IL_6706303/ISIC_7006091.jpg,/marimo/milk10k_train_masks/IL_6706303_dermoscopic_mask.png,0.38155925925925926,valid,600x450,600x450
IL_6710445,IL_6710445,/marimo/milk10k/MILK10k_Training_Input/IL_6710445/ISIC_3783849.jpg,/marimo/milk10k_train_masks/IL_6710445_dermoscopic_mask.png,0.33343703703703703,valid,600x450,600x450
IL_6711797,IL_6711797,/marimo/milk10k/MILK10k_Training_Input/IL_6711797/ISIC_9153141.jpg,/marimo/milk10k_train_masks/IL_6711797_dermoscopic_mask.png,0.07344074074074074,valid,600x450,600x450
IL_6717785,IL_6717785,/marimo/milk10k/MILK10k_Training_Input/IL_6717785/ISIC_5239106.jpg,/marimo/milk10k_train_masks/IL_6717785_dermoscopic_mask.png,0.25628518518518517,valid,600x450,600x450
IL_6718051,IL_6718051,/marimo/milk10k/MILK10k_Training_Input/IL_6718051/ISIC_4185934.jpg,/marimo/milk10k_train_masks/IL_6718051_dermoscopic_mask.png,0.29843703703703706,valid,600x450,600x450
IL_6719325,IL_6719325,/marimo/milk10k/MILK10k_Training_Input/IL_6719325/ISIC_5709448.jpg,/marimo/milk10k_train_masks/IL_6719325_dermoscopic_mask.png,0.6756296296296296,valid,600x450,600x450
IL_6727928,IL_6727928,/marimo/milk10k/MILK10k_Training_Input/IL_6727928/ISIC_1817508.jpg,/marimo/milk10k_train_masks/IL_6727928_dermoscopic_mask.png,0.2041925925925926,valid,600x450,600x450
IL_6728054,IL_6728054,/marimo/milk10k/MILK10k_Training_Input/IL_6728054/ISIC_7227677.jpg,/marimo/milk10k_train_masks/IL_6728054_dermoscopic_mask.png,0.38304444444444447,valid,600x450,600x450
IL_6731689,IL_6731689,/marimo/milk10k/MILK10k_Training_Input/IL_6731689/ISIC_8373214.jpg,/marimo/milk10k_train_masks/IL_6731689_dermoscopic_mask.png,0.1506037037037037,valid,600x450,600x450
IL_6731781,IL_6731781,/marimo/milk10k/MILK10k_Training_Input/IL_6731781/ISIC_0914647.jpg,/marimo/milk10k_train_masks/IL_6731781_dermoscopic_mask.png,0.20504074074074075,valid,600x450,600x450
IL_6732051,IL_6732051,/marimo/milk10k/MILK10k_Training_Input/IL_6732051/ISIC_2974995.jpg,/marimo/milk10k_train_masks/IL_6732051_dermoscopic_mask.png,0.4695740740740741,valid,600x450,600x450
IL_6733818,IL_6733818,/marimo/milk10k/MILK10k_Training_Input/IL_6733818/ISIC_9472474.jpg,/marimo/milk10k_train_masks/IL_6733818_dermoscopic_mask.png,0.5254555555555556,valid,600x450,600x450
IL_6738007,IL_6738007,/marimo/milk10k/MILK10k_Training_Input/IL_6738007/ISIC_8498076.jpg,/marimo/milk10k_train_masks/IL_6738007_dermoscopic_mask.png,0.43945925925925927,valid,600x450,600x450
IL_6741185,IL_6741185,/marimo/milk10k/MILK10k_Training_Input/IL_6741185/ISIC_3807230.jpg,/marimo/milk10k_train_masks/IL_6741185_dermoscopic_mask.png,0.5015962962962963,valid,600x450,600x450
IL_6743301,IL_6743301,/marimo/milk10k/MILK10k_Training_Input/IL_6743301/ISIC_0499568.jpg,/marimo/milk10k_train_masks/IL_6743301_dermoscopic_mask.png,0.33569629629629627,valid,600x450,600x450
IL_6751385,IL_6751385,/marimo/milk10k/MILK10k_Training_Input/IL_6751385/ISIC_7774559.jpg,/marimo/milk10k_train_masks/IL_6751385_dermoscopic_mask.png,0.24558148148148148,valid,600x450,600x450
IL_6752385,IL_6752385,/marimo/milk10k/MILK10k_Training_Input/IL_6752385/ISIC_3224359.jpg,/marimo/milk10k_train_masks/IL_6752385_dermoscopic_mask.png,0.4325185185185185,valid,600x450,600x450
IL_6753634,IL_6753634,/marimo/milk10k/MILK10k_Training_Input/IL_6753634/ISIC_9290748.jpg,/marimo/milk10k_train_masks/IL_6753634_dermoscopic_mask.png,0.17246296296296296,valid,600x450,600x450
IL_6755192,IL_6755192,/marimo/milk10k/MILK10k_Training_Input/IL_6755192/ISIC_5997076.jpg,/marimo/milk10k_train_masks/IL_6755192_dermoscopic_mask.png,0.5776592592592592,valid,600x450,600x450
IL_6762452,IL_6762452,/marimo/milk10k/MILK10k_Training_Input/IL_6762452/ISIC_5022439.jpg,/marimo/milk10k_train_masks/IL_6762452_dermoscopic_mask.png,0.6248925925925926,valid,600x450,600x450
IL_6764559,IL_6764559,/marimo/milk10k/MILK10k_Training_Input/IL_6764559/ISIC_8292493.jpg,/marimo/milk10k_train_masks/IL_6764559_dermoscopic_mask.png,0.24567407407407407,valid,600x450,600x450
IL_6765370,IL_6765370,/marimo/milk10k/MILK10k_Training_Input/IL_6765370/ISIC_7193606.jpg,/marimo/milk10k_train_masks/IL_6765370_dermoscopic_mask.png,0.32839259259259257,valid,600x450,600x450
IL_6767086,IL_6767086,/marimo/milk10k/MILK10k_Training_Input/IL_6767086/ISIC_7991319.jpg,/marimo/milk10k_train_masks/IL_6767086_dermoscopic_mask.png,0.6886629629629629,valid,600x450,600x450
IL_6767312,IL_6767312,/marimo/milk10k/MILK10k_Training_Input/IL_6767312/ISIC_2288348.jpg,/marimo/milk10k_train_masks/IL_6767312_dermoscopic_mask.png,0.17292222222222223,valid,600x450,600x450
IL_6768350,IL_6768350,/marimo/milk10k/MILK10k_Training_Input/IL_6768350/ISIC_6005450.jpg,/marimo/milk10k_train_masks/IL_6768350_dermoscopic_mask.png,0.5489444444444445,valid,600x450,600x450
IL_6770376,IL_6770376,/marimo/milk10k/MILK10k_Training_Input/IL_6770376/ISIC_4929247.jpg,/marimo/milk10k_train_masks/IL_6770376_dermoscopic_mask.png,0.37564444444444445,valid,600x450,600x450
IL_6777208,IL_6777208,/marimo/milk10k/MILK10k_Training_Input/IL_6777208/ISIC_2268118.jpg,/marimo/milk10k_train_masks/IL_6777208_dermoscopic_mask.png,0.17866296296296297,valid,600x450,600x450
IL_6780614,IL_6780614,/marimo/milk10k/MILK10k_Training_Input/IL_6780614/ISIC_8407534.jpg,/marimo/milk10k_train_masks/IL_6780614_dermoscopic_mask.png,0.4470703703703704,valid,600x450,600x450
IL_6780891,IL_6780891,/marimo/milk10k/MILK10k_Training_Input/IL_6780891/ISIC_0481541.jpg,/marimo/milk10k_train_masks/IL_6780891_dermoscopic_mask.png,0.15252592592592593,valid,600x450,600x450
IL_6781250,IL_6781250,/marimo/milk10k/MILK10k_Training_Input/IL_6781250/ISIC_9568577.jpg,/marimo/milk10k_train_masks/IL_6781250_dermoscopic_mask.png,0.3335925925925926,valid,600x450,600x450
IL_6783043,IL_6783043,/marimo/milk10k/MILK10k_Training_Input/IL_6783043/ISIC_1012530.jpg,/marimo/milk10k_train_masks/IL_6783043_dermoscopic_mask.png,0.3707962962962963,valid,600x450,600x450
IL_6783933,IL_6783933,/marimo/milk10k/MILK10k_Training_Input/IL_6783933/ISIC_7288734.jpg,/marimo/milk10k_train_masks/IL_6783933_dermoscopic_mask.png,0.17625925925925925,valid,600x450,600x450
IL_6784777,IL_6784777,/marimo/milk10k/MILK10k_Training_Input/IL_6784777/ISIC_7706527.jpg,/marimo/milk10k_train_masks/IL_6784777_dermoscopic_mask.png,0.1303962962962963,valid,600x450,600x450
IL_6787106,IL_6787106,/marimo/milk10k/MILK10k_Training_Input/IL_6787106/ISIC_5275192.jpg,/marimo/milk10k_train_masks/IL_6787106_dermoscopic_mask.png,0.25596296296296295,valid,600x450,600x450
IL_6788244,IL_6788244,/marimo/milk10k/MILK10k_Training_Input/IL_6788244/ISIC_8112188.jpg,/marimo/milk10k_train_masks/IL_6788244_dermoscopic_mask.png,0.441337037037037,valid,600x450,600x450
IL_6790433,IL_6790433,/marimo/milk10k/MILK10k_Training_Input/IL_6790433/ISIC_8612060.jpg,/marimo/milk10k_train_masks/IL_6790433_dermoscopic_mask.png,0.1721148148148148,valid,600x450,600x450
IL_6793597,IL_6793597,/marimo/milk10k/MILK10k_Training_Input/IL_6793597/ISIC_5983030.jpg,/marimo/milk10k_train_masks/IL_6793597_dermoscopic_mask.png,0.29217777777777776,valid,600x450,600x450
IL_6800675,IL_6800675,/marimo/milk10k/MILK10k_Training_Input/IL_6800675/ISIC_4687962.jpg,/marimo/milk10k_train_masks/IL_6800675_dermoscopic_mask.png,0.3673444444444444,valid,600x450,600x450
IL_6802570,IL_6802570,/marimo/milk10k/MILK10k_Training_Input/IL_6802570/ISIC_8900097.jpg,/marimo/milk10k_train_masks/IL_6802570_dermoscopic_mask.png,0.3745037037037037,valid,600x450,600x450
IL_6802806,IL_6802806,/marimo/milk10k/MILK10k_Training_Input/IL_6802806/ISIC_4236187.jpg,/marimo/milk10k_train_masks/IL_6802806_dermoscopic_mask.png,0.3222851851851852,valid,600x450,600x450
IL_6803383,IL_6803383,/marimo/milk10k/MILK10k_Training_Input/IL_6803383/ISIC_0907354.jpg,/marimo/milk10k_train_masks/IL_6803383_dermoscopic_mask.png,0.18172592592592593,valid,600x450,600x450
IL_6806231,IL_6806231,/marimo/milk10k/MILK10k_Training_Input/IL_6806231/ISIC_2205187.jpg,/marimo/milk10k_train_masks/IL_6806231_dermoscopic_mask.png,0.31091851851851854,valid,600x450,600x450
IL_6806894,IL_6806894,/marimo/milk10k/MILK10k_Training_Input/IL_6806894/ISIC_1589936.jpg,/marimo/milk10k_train_masks/IL_6806894_dermoscopic_mask.png,0.45497777777777776,valid,600x450,600x450
IL_6812104,IL_6812104,/marimo/milk10k/MILK10k_Training_Input/IL_6812104/ISIC_2826779.jpg,/marimo/milk10k_train_masks/IL_6812104_dermoscopic_mask.png,0.20526296296296295,valid,600x450,600x450
IL_6812828,IL_6812828,/marimo/milk10k/MILK10k_Training_Input/IL_6812828/ISIC_6590580.jpg,/marimo/milk10k_train_masks/IL_6812828_dermoscopic_mask.png,0.4672,valid,600x450,600x450
IL_6816104,IL_6816104,/marimo/milk10k/MILK10k_Training_Input/IL_6816104/ISIC_6402943.jpg,/marimo/milk10k_train_masks/IL_6816104_dermoscopic_mask.png,0.2561407407407407,valid,600x450,600x450
IL_6816811,IL_6816811,/marimo/milk10k/MILK10k_Training_Input/IL_6816811/ISIC_3675396.jpg,/marimo/milk10k_train_masks/IL_6816811_dermoscopic_mask.png,0.27424444444444446,valid,600x450,600x450
IL_6816964,IL_6816964,/marimo/milk10k/MILK10k_Training_Input/IL_6816964/ISIC_9497415.jpg,/marimo/milk10k_train_masks/IL_6816964_dermoscopic_mask.png,0.32526666666666665,valid,600x450,600x450
IL_6820116,IL_6820116,/marimo/milk10k/MILK10k_Training_Input/IL_6820116/ISIC_1177251.jpg,/marimo/milk10k_train_masks/IL_6820116_dermoscopic_mask.png,0.29236666666666666,valid,600x450,600x450
IL_6820172,IL_6820172,/marimo/milk10k/MILK10k_Training_Input/IL_6820172/ISIC_7987042.jpg,/marimo/milk10k_train_masks/IL_6820172_dermoscopic_mask.png,0.14106296296296297,valid,600x450,600x450
IL_6825163,IL_6825163,/marimo/milk10k/MILK10k_Training_Input/IL_6825163/ISIC_8782095.jpg,/marimo/milk10k_train_masks/IL_6825163_dermoscopic_mask.png,0.5452185185185185,valid,600x450,600x450
IL_6826946,IL_6826946,/marimo/milk10k/MILK10k_Training_Input/IL_6826946/ISIC_4485874.jpg,/marimo/milk10k_train_masks/IL_6826946_dermoscopic_mask.png,0.14364814814814814,valid,600x450,600x450
IL_6827791,IL_6827791,/marimo/milk10k/MILK10k_Training_Input/IL_6827791/ISIC_3050416.jpg,/marimo/milk10k_train_masks/IL_6827791_dermoscopic_mask.png,0.15044444444444444,valid,600x450,600x450
IL_6829628,IL_6829628,/marimo/milk10k/MILK10k_Training_Input/IL_6829628/ISIC_5962854.jpg,/marimo/milk10k_train_masks/IL_6829628_dermoscopic_mask.png,0.15854444444444443,valid,600x450,600x450
IL_6831423,IL_6831423,/marimo/milk10k/MILK10k_Training_Input/IL_6831423/ISIC_5602759.jpg,/marimo/milk10k_train_masks/IL_6831423_dermoscopic_mask.png,0.2632925925925926,valid,600x450,600x450
IL_6832488,IL_6832488,/marimo/milk10k/MILK10k_Training_Input/IL_6832488/ISIC_7886084.jpg,/marimo/milk10k_train_masks/IL_6832488_dermoscopic_mask.png,0.4749925925925926,valid,600x450,600x450
IL_6833958,IL_6833958,/marimo/milk10k/MILK10k_Training_Input/IL_6833958/ISIC_0605910.jpg,/marimo/milk10k_train_masks/IL_6833958_dermoscopic_mask.png,0.19724814814814814,valid,600x450,600x450
IL_6834280,IL_6834280,/marimo/milk10k/MILK10k_Training_Input/IL_6834280/ISIC_6072797.jpg,/marimo/milk10k_train_masks/IL_6834280_dermoscopic_mask.png,0.33566666666666667,valid,600x450,600x450
IL_6834343,IL_6834343,/marimo/milk10k/MILK10k_Training_Input/IL_6834343/ISIC_1587160.jpg,/marimo/milk10k_train_masks/IL_6834343_dermoscopic_mask.png,0.4226111111111111,valid,600x450,600x450
IL_6836295,IL_6836295,/marimo/milk10k/MILK10k_Training_Input/IL_6836295/ISIC_7042361.jpg,/marimo/milk10k_train_masks/IL_6836295_dermoscopic_mask.png,0.6376814814814815,valid,600x450,600x450
IL_6836759,IL_6836759,/marimo/milk10k/MILK10k_Training_Input/IL_6836759/ISIC_6580622.jpg,/marimo/milk10k_train_masks/IL_6836759_dermoscopic_mask.png,0.49069259259259257,valid,600x450,600x450
IL_6836938,IL_6836938,/marimo/milk10k/MILK10k_Training_Input/IL_6836938/ISIC_7139592.jpg,/marimo/milk10k_train_masks/IL_6836938_dermoscopic_mask.png,0.3706037037037037,valid,600x450,600x450
IL_6839518,IL_6839518,/marimo/milk10k/MILK10k_Training_Input/IL_6839518/ISIC_1146594.jpg,/marimo/milk10k_train_masks/IL_6839518_dermoscopic_mask.png,0.25923703703703704,valid,600x450,600x450
IL_6841105,IL_6841105,/marimo/milk10k/MILK10k_Training_Input/IL_6841105/ISIC_9390664.jpg,/marimo/milk10k_train_masks/IL_6841105_dermoscopic_mask.png,0.07193703703703704,valid,600x450,600x450
IL_6845657,IL_6845657,/marimo/milk10k/MILK10k_Training_Input/IL_6845657/ISIC_0472359.jpg,/marimo/milk10k_train_masks/IL_6845657_dermoscopic_mask.png,0.3708518518518519,valid,600x450,600x450
IL_6847142,IL_6847142,/marimo/milk10k/MILK10k_Training_Input/IL_6847142/ISIC_7030907.jpg,/marimo/milk10k_train_masks/IL_6847142_dermoscopic_mask.png,0.3586111111111111,valid,600x450,600x450
IL_6847557,IL_6847557,/marimo/milk10k/MILK10k_Training_Input/IL_6847557/ISIC_4548708.jpg,/marimo/milk10k_train_masks/IL_6847557_dermoscopic_mask.png,0.39716296296296294,valid,600x450,600x450
IL_6847653,IL_6847653,/marimo/milk10k/MILK10k_Training_Input/IL_6847653/ISIC_3938095.jpg,/marimo/milk10k_train_masks/IL_6847653_dermoscopic_mask.png,0.42067037037037036,valid,600x450,600x450
IL_6849118,IL_6849118,/marimo/milk10k/MILK10k_Training_Input/IL_6849118/ISIC_8257388.jpg,/marimo/milk10k_train_masks/IL_6849118_dermoscopic_mask.png,0.19345555555555555,valid,600x450,600x450
IL_6850540,IL_6850540,/marimo/milk10k/MILK10k_Training_Input/IL_6850540/ISIC_1992710.jpg,/marimo/milk10k_train_masks/IL_6850540_dermoscopic_mask.png,0.6750777777777778,valid,600x450,600x450
IL_6852784,IL_6852784,/marimo/milk10k/MILK10k_Training_Input/IL_6852784/ISIC_8984180.jpg,/marimo/milk10k_train_masks/IL_6852784_dermoscopic_mask.png,0.27176666666666666,valid,600x450,600x450
IL_6853458,IL_6853458,/marimo/milk10k/MILK10k_Training_Input/IL_6853458/ISIC_4490552.jpg,/marimo/milk10k_train_masks/IL_6853458_dermoscopic_mask.png,0.4858925925925926,valid,600x450,600x450
IL_6853764,IL_6853764,/marimo/milk10k/MILK10k_Training_Input/IL_6853764/ISIC_5242239.jpg,/marimo/milk10k_train_masks/IL_6853764_dermoscopic_mask.png,0.4327,valid,600x450,600x450
IL_6860509,IL_6860509,/marimo/milk10k/MILK10k_Training_Input/IL_6860509/ISIC_3587898.jpg,/marimo/milk10k_train_masks/IL_6860509_dermoscopic_mask.png,0.27368148148148147,valid,600x450,600x450
IL_6862607,IL_6862607,/marimo/milk10k/MILK10k_Training_Input/IL_6862607/ISIC_7143359.jpg,/marimo/milk10k_train_masks/IL_6862607_dermoscopic_mask.png,0.6073074074074074,valid,600x450,600x450
IL_6863139,IL_6863139,/marimo/milk10k/MILK10k_Training_Input/IL_6863139/ISIC_0770132.jpg,/marimo/milk10k_train_masks/IL_6863139_dermoscopic_mask.png,0.5209592592592592,valid,600x450,600x450
IL_6865850,IL_6865850,/marimo/milk10k/MILK10k_Training_Input/IL_6865850/ISIC_6389514.jpg,/marimo/milk10k_train_masks/IL_6865850_dermoscopic_mask.png,0.7168481481481481,valid,600x450,600x450
IL_6867211,IL_6867211,/marimo/milk10k/MILK10k_Training_Input/IL_6867211/ISIC_6444211.jpg,/marimo/milk10k_train_masks/IL_6867211_dermoscopic_mask.png,0.29934814814814814,valid,600x450,600x450
IL_6868637,IL_6868637,/marimo/milk10k/MILK10k_Training_Input/IL_6868637/ISIC_8274052.jpg,/marimo/milk10k_train_masks/IL_6868637_dermoscopic_mask.png,0.26127407407407405,valid,600x450,600x450
IL_6869608,IL_6869608,/marimo/milk10k/MILK10k_Training_Input/IL_6869608/ISIC_0628522.jpg,/marimo/milk10k_train_masks/IL_6869608_dermoscopic_mask.png,0.4366925925925926,valid,600x450,600x450
IL_6873122,IL_6873122,/marimo/milk10k/MILK10k_Training_Input/IL_6873122/ISIC_7451740.jpg,/marimo/milk10k_train_masks/IL_6873122_dermoscopic_mask.png,0.6532777777777777,valid,600x450,600x450
IL_6877500,IL_6877500,/marimo/milk10k/MILK10k_Training_Input/IL_6877500/ISIC_8072870.jpg,/marimo/milk10k_train_masks/IL_6877500_dermoscopic_mask.png,0.08947777777777778,valid,600x450,600x450
IL_6877594,IL_6877594,/marimo/milk10k/MILK10k_Training_Input/IL_6877594/ISIC_9179884.jpg,/marimo/milk10k_train_masks/IL_6877594_dermoscopic_mask.png,0.38421481481481484,valid,600x450,600x450
IL_6879944,IL_6879944,/marimo/milk10k/MILK10k_Training_Input/IL_6879944/ISIC_6645684.jpg,/marimo/milk10k_train_masks/IL_6879944_dermoscopic_mask.png,0.4738703703703704,valid,600x450,600x450
IL_6881549,IL_6881549,/marimo/milk10k/MILK10k_Training_Input/IL_6881549/ISIC_4444976.jpg,/marimo/milk10k_train_masks/IL_6881549_dermoscopic_mask.png,0.47905185185185184,valid,600x450,600x450
IL_6887782,IL_6887782,/marimo/milk10k/MILK10k_Training_Input/IL_6887782/ISIC_6801081.jpg,/marimo/milk10k_train_masks/IL_6887782_dermoscopic_mask.png,0.44533333333333336,valid,600x450,600x450
IL_6888709,IL_6888709,/marimo/milk10k/MILK10k_Training_Input/IL_6888709/ISIC_2627340.jpg,/marimo/milk10k_train_masks/IL_6888709_dermoscopic_mask.png,0.699,valid,600x450,600x450
IL_6889294,IL_6889294,/marimo/milk10k/MILK10k_Training_Input/IL_6889294/ISIC_6773668.jpg,/marimo/milk10k_train_masks/IL_6889294_dermoscopic_mask.png,0.036414814814814817,valid,600x450,600x450
IL_6890613,IL_6890613,/marimo/milk10k/MILK10k_Training_Input/IL_6890613/ISIC_1217127.jpg,/marimo/milk10k_train_masks/IL_6890613_dermoscopic_mask.png,0.23225185185185185,valid,600x450,600x450
IL_6891715,IL_6891715,/marimo/milk10k/MILK10k_Training_Input/IL_6891715/ISIC_4316947.jpg,/marimo/milk10k_train_masks/IL_6891715_dermoscopic_mask.png,0.685037037037037,valid,600x450,600x450
IL_6893390,IL_6893390,/marimo/milk10k/MILK10k_Training_Input/IL_6893390/ISIC_9845346.jpg,/marimo/milk10k_train_masks/IL_6893390_dermoscopic_mask.png,0.5151148148148148,valid,600x450,600x450
IL_6893895,IL_6893895,/marimo/milk10k/MILK10k_Training_Input/IL_6893895/ISIC_4042132.jpg,/marimo/milk10k_train_masks/IL_6893895_dermoscopic_mask.png,0.1953888888888889,valid,600x450,600x450
IL_6897591,IL_6897591,/marimo/milk10k/MILK10k_Training_Input/IL_6897591/ISIC_0783408.jpg,/marimo/milk10k_train_masks/IL_6897591_dermoscopic_mask.png,0.6304333333333333,valid,600x450,600x450
IL_6900005,IL_6900005,/marimo/milk10k/MILK10k_Training_Input/IL_6900005/ISIC_1424240.jpg,/marimo/milk10k_train_masks/IL_6900005_dermoscopic_mask.png,0.3184,valid,600x450,600x450
IL_6901137,IL_6901137,/marimo/milk10k/MILK10k_Training_Input/IL_6901137/ISIC_7105831.jpg,/marimo/milk10k_train_masks/IL_6901137_dermoscopic_mask.png,0.47902222222222224,valid,600x450,600x450
IL_6904251,IL_6904251,/marimo/milk10k/MILK10k_Training_Input/IL_6904251/ISIC_3667052.jpg,/marimo/milk10k_train_masks/IL_6904251_dermoscopic_mask.png,0.37356666666666666,valid,600x450,600x450
IL_6907035,IL_6907035,/marimo/milk10k/MILK10k_Training_Input/IL_6907035/ISIC_2039556.jpg,/marimo/milk10k_train_masks/IL_6907035_dermoscopic_mask.png,0.1434851851851852,valid,600x450,600x450
IL_6907846,IL_6907846,/marimo/milk10k/MILK10k_Training_Input/IL_6907846/ISIC_4876540.jpg,/marimo/milk10k_train_masks/IL_6907846_dermoscopic_mask.png,0.12787777777777778,valid,600x450,600x450
IL_6910887,IL_6910887,/marimo/milk10k/MILK10k_Training_Input/IL_6910887/ISIC_8657483.jpg,/marimo/milk10k_train_masks/IL_6910887_dermoscopic_mask.png,0.13185925925925926,valid,600x450,600x450
IL_6914353,IL_6914353,/marimo/milk10k/MILK10k_Training_Input/IL_6914353/ISIC_5013822.jpg,/marimo/milk10k_train_masks/IL_6914353_dermoscopic_mask.png,0.4669259259259259,valid,600x450,600x450
IL_6916787,IL_6916787,/marimo/milk10k/MILK10k_Training_Input/IL_6916787/ISIC_2710427.jpg,/marimo/milk10k_train_masks/IL_6916787_dermoscopic_mask.png,0.21435925925925925,valid,600x450,600x450
IL_6918825,IL_6918825,/marimo/milk10k/MILK10k_Training_Input/IL_6918825/ISIC_0308676.jpg,/marimo/milk10k_train_masks/IL_6918825_dermoscopic_mask.png,0.3842111111111111,valid,600x450,600x450
IL_6920562,IL_6920562,/marimo/milk10k/MILK10k_Training_Input/IL_6920562/ISIC_8759947.jpg,/marimo/milk10k_train_masks/IL_6920562_dermoscopic_mask.png,0.15702222222222223,valid,600x450,600x450
IL_6921234,IL_6921234,/marimo/milk10k/MILK10k_Training_Input/IL_6921234/ISIC_5977103.jpg,/marimo/milk10k_train_masks/IL_6921234_dermoscopic_mask.png,0.23738518518518517,valid,600x450,600x450
IL_6921814,IL_6921814,/marimo/milk10k/MILK10k_Training_Input/IL_6921814/ISIC_0939581.jpg,/marimo/milk10k_train_masks/IL_6921814_dermoscopic_mask.png,0.06786666666666667,valid,600x450,600x450
IL_6922157,IL_6922157,/marimo/milk10k/MILK10k_Training_Input/IL_6922157/ISIC_5787999.jpg,/marimo/milk10k_train_masks/IL_6922157_dermoscopic_mask.png,0.13741851851851852,valid,600x450,600x450
IL_6923101,IL_6923101,/marimo/milk10k/MILK10k_Training_Input/IL_6923101/ISIC_6045266.jpg,/marimo/milk10k_train_masks/IL_6923101_dermoscopic_mask.png,0.09591851851851851,valid,600x450,600x450
IL_6926663,IL_6926663,/marimo/milk10k/MILK10k_Training_Input/IL_6926663/ISIC_6545015.jpg,/marimo/milk10k_train_masks/IL_6926663_dermoscopic_mask.png,0.030685185185185187,valid,600x450,600x450
IL_6931875,IL_6931875,/marimo/milk10k/MILK10k_Training_Input/IL_6931875/ISIC_0386589.jpg,/marimo/milk10k_train_masks/IL_6931875_dermoscopic_mask.png,0.09168888888888889,valid,600x450,600x450
IL_6934051,IL_6934051,/marimo/milk10k/MILK10k_Training_Input/IL_6934051/ISIC_7806895.jpg,/marimo/milk10k_train_masks/IL_6934051_dermoscopic_mask.png,0.3906703703703704,valid,600x450,600x450
IL_6935621,IL_6935621,/marimo/milk10k/MILK10k_Training_Input/IL_6935621/ISIC_5419605.jpg,/marimo/milk10k_train_masks/IL_6935621_dermoscopic_mask.png,0.15303333333333333,valid,600x450,600x450
IL_6938296,IL_6938296,/marimo/milk10k/MILK10k_Training_Input/IL_6938296/ISIC_8532508.jpg,/marimo/milk10k_train_masks/IL_6938296_dermoscopic_mask.png,0.5199074074074074,valid,600x450,600x450
IL_6940421,IL_6940421,/marimo/milk10k/MILK10k_Training_Input/IL_6940421/ISIC_2952204.jpg,/marimo/milk10k_train_masks/IL_6940421_dermoscopic_mask.png,0.21511481481481481,valid,600x450,600x450
IL_6942277,IL_6942277,/marimo/milk10k/MILK10k_Training_Input/IL_6942277/ISIC_9255841.jpg,/marimo/milk10k_train_masks/IL_6942277_dermoscopic_mask.png,0.23162222222222223,valid,600x450,600x450
IL_6943395,IL_6943395,/marimo/milk10k/MILK10k_Training_Input/IL_6943395/ISIC_7507040.jpg,/marimo/milk10k_train_masks/IL_6943395_dermoscopic_mask.png,0.5246444444444445,valid,600x450,600x450
IL_6943696,IL_6943696,/marimo/milk10k/MILK10k_Training_Input/IL_6943696/ISIC_3511086.jpg,/marimo/milk10k_train_masks/IL_6943696_dermoscopic_mask.png,0.18002592592592592,valid,600x450,600x450
IL_6944538,IL_6944538,/marimo/milk10k/MILK10k_Training_Input/IL_6944538/ISIC_3799041.jpg,/marimo/milk10k_train_masks/IL_6944538_dermoscopic_mask.png,0.6118296296296296,valid,600x450,600x450
IL_6946441,IL_6946441,/marimo/milk10k/MILK10k_Training_Input/IL_6946441/ISIC_9329600.jpg,/marimo/milk10k_train_masks/IL_6946441_dermoscopic_mask.png,0.3879666666666667,valid,600x450,600x450
IL_6947198,IL_6947198,/marimo/milk10k/MILK10k_Training_Input/IL_6947198/ISIC_6875407.jpg,/marimo/milk10k_train_masks/IL_6947198_dermoscopic_mask.png,0.25738518518518516,valid,600x450,600x450
IL_6947307,IL_6947307,/marimo/milk10k/MILK10k_Training_Input/IL_6947307/ISIC_7501825.jpg,/marimo/milk10k_train_masks/IL_6947307_dermoscopic_mask.png,0.5752111111111111,valid,600x450,600x450
IL_6950082,IL_6950082,/marimo/milk10k/MILK10k_Training_Input/IL_6950082/ISIC_8668491.jpg,/marimo/milk10k_train_masks/IL_6950082_dermoscopic_mask.png,0.13616666666666666,valid,600x450,600x450
IL_6950574,IL_6950574,/marimo/milk10k/MILK10k_Training_Input/IL_6950574/ISIC_5310585.jpg,/marimo/milk10k_train_masks/IL_6950574_dermoscopic_mask.png,0.11592962962962963,valid,600x450,600x450
IL_6952283,IL_6952283,/marimo/milk10k/MILK10k_Training_Input/IL_6952283/ISIC_6759359.jpg,/marimo/milk10k_train_masks/IL_6952283_dermoscopic_mask.png,0.38052592592592593,valid,600x450,600x450
IL_6953253,IL_6953253,/marimo/milk10k/MILK10k_Training_Input/IL_6953253/ISIC_2122704.jpg,/marimo/milk10k_train_masks/IL_6953253_dermoscopic_mask.png,0.561037037037037,valid,600x450,600x450
IL_6954282,IL_6954282,/marimo/milk10k/MILK10k_Training_Input/IL_6954282/ISIC_2035169.jpg,/marimo/milk10k_train_masks/IL_6954282_dermoscopic_mask.png,0.19412222222222222,valid,600x450,600x450
IL_6955894,IL_6955894,/marimo/milk10k/MILK10k_Training_Input/IL_6955894/ISIC_2336235.jpg,/marimo/milk10k_train_masks/IL_6955894_dermoscopic_mask.png,0.09044814814814815,valid,600x450,600x450
IL_6955950,IL_6955950,/marimo/milk10k/MILK10k_Training_Input/IL_6955950/ISIC_2731701.jpg,/marimo/milk10k_train_masks/IL_6955950_dermoscopic_mask.png,0.4421962962962963,valid,600x450,600x450
IL_6960759,IL_6960759,/marimo/milk10k/MILK10k_Training_Input/IL_6960759/ISIC_7053064.jpg,/marimo/milk10k_train_masks/IL_6960759_dermoscopic_mask.png,0.47385925925925926,valid,600x450,600x450
IL_6962056,IL_6962056,/marimo/milk10k/MILK10k_Training_Input/IL_6962056/ISIC_8934759.jpg,/marimo/milk10k_train_masks/IL_6962056_dermoscopic_mask.png,0.3949259259259259,valid,600x450,600x450
IL_6962518,IL_6962518,/marimo/milk10k/MILK10k_Training_Input/IL_6962518/ISIC_1375994.jpg,/marimo/milk10k_train_masks/IL_6962518_dermoscopic_mask.png,0.3520074074074074,valid,600x450,600x450
IL_6962525,IL_6962525,/marimo/milk10k/MILK10k_Training_Input/IL_6962525/ISIC_9399586.jpg,/marimo/milk10k_train_masks/IL_6962525_dermoscopic_mask.png,0.6874037037037037,valid,600x450,600x450
IL_6964615,IL_6964615,/marimo/milk10k/MILK10k_Training_Input/IL_6964615/ISIC_4146633.jpg,/marimo/milk10k_train_masks/IL_6964615_dermoscopic_mask.png,0.06849629629629629,valid,600x450,600x450
IL_6967466,IL_6967466,/marimo/milk10k/MILK10k_Training_Input/IL_6967466/ISIC_8058034.jpg,/marimo/milk10k_train_masks/IL_6967466_dermoscopic_mask.png,0.9036703703703703,valid,600x450,600x450
IL_6968028,IL_6968028,/marimo/milk10k/MILK10k_Training_Input/IL_6968028/ISIC_6843700.jpg,/marimo/milk10k_train_masks/IL_6968028_dermoscopic_mask.png,0.30897407407407407,valid,600x450,600x450
IL_6970769,IL_6970769,/marimo/milk10k/MILK10k_Training_Input/IL_6970769/ISIC_9490027.jpg,/marimo/milk10k_train_masks/IL_6970769_dermoscopic_mask.png,0.09751851851851852,valid,600x450,600x450
IL_6970839,IL_6970839,/marimo/milk10k/MILK10k_Training_Input/IL_6970839/ISIC_7308323.jpg,/marimo/milk10k_train_masks/IL_6970839_dermoscopic_mask.png,0.12317777777777777,valid,600x450,600x450
IL_6971040,IL_6971040,/marimo/milk10k/MILK10k_Training_Input/IL_6971040/ISIC_5953259.jpg,/marimo/milk10k_train_masks/IL_6971040_dermoscopic_mask.png,0.15631481481481482,valid,600x450,600x450
IL_6972994,IL_6972994,/marimo/milk10k/MILK10k_Training_Input/IL_6972994/ISIC_9594263.jpg,/marimo/milk10k_train_masks/IL_6972994_dermoscopic_mask.png,0.5397111111111111,valid,600x450,600x450
IL_6975771,IL_6975771,/marimo/milk10k/MILK10k_Training_Input/IL_6975771/ISIC_7188767.jpg,/marimo/milk10k_train_masks/IL_6975771_dermoscopic_mask.png,0.6050962962962962,valid,600x450,600x450
IL_6976997,IL_6976997,/marimo/milk10k/MILK10k_Training_Input/IL_6976997/ISIC_8789412.jpg,/marimo/milk10k_train_masks/IL_6976997_dermoscopic_mask.png,0.393537037037037,valid,600x450,600x450
IL_6980799,IL_6980799,/marimo/milk10k/MILK10k_Training_Input/IL_6980799/ISIC_3869672.jpg,/marimo/milk10k_train_masks/IL_6980799_dermoscopic_mask.png,0.7349592592592593,valid,600x450,600x450
IL_6981677,IL_6981677,/marimo/milk10k/MILK10k_Training_Input/IL_6981677/ISIC_9566721.jpg,/marimo/milk10k_train_masks/IL_6981677_dermoscopic_mask.png,0.6609,valid,600x450,600x450
IL_6982257,IL_6982257,/marimo/milk10k/MILK10k_Training_Input/IL_6982257/ISIC_7889425.jpg,/marimo/milk10k_train_masks/IL_6982257_dermoscopic_mask.png,0.852137037037037,valid,600x450,600x450
IL_6983089,IL_6983089,/marimo/milk10k/MILK10k_Training_Input/IL_6983089/ISIC_8260085.jpg,/marimo/milk10k_train_masks/IL_6983089_dermoscopic_mask.png,0.5738148148148148,valid,600x450,600x450
IL_6985784,IL_6985784,/marimo/milk10k/MILK10k_Training_Input/IL_6985784/ISIC_9814156.jpg,/marimo/milk10k_train_masks/IL_6985784_dermoscopic_mask.png,0.23865185185185187,valid,600x450,600x450
IL_6987623,IL_6987623,/marimo/milk10k/MILK10k_Training_Input/IL_6987623/ISIC_5348732.jpg,/marimo/milk10k_train_masks/IL_6987623_dermoscopic_mask.png,0.029862962962962963,valid,600x450,600x450
IL_6994946,IL_6994946,/marimo/milk10k/MILK10k_Training_Input/IL_6994946/ISIC_1099345.jpg,/marimo/milk10k_train_masks/IL_6994946_dermoscopic_mask.png,0.3155925925925926,valid,600x450,600x450
IL_6995611,IL_6995611,/marimo/milk10k/MILK10k_Training_Input/IL_6995611/ISIC_7126369.jpg,/marimo/milk10k_train_masks/IL_6995611_dermoscopic_mask.png,0.5212592592592593,valid,600x450,600x450
IL_6995800,IL_6995800,/marimo/milk10k/MILK10k_Training_Input/IL_6995800/ISIC_2821063.jpg,/marimo/milk10k_train_masks/IL_6995800_dermoscopic_mask.png,0.05957037037037037,valid,600x450,600x450
IL_7001999,IL_7001999,/marimo/milk10k/MILK10k_Training_Input/IL_7001999/ISIC_5398617.jpg,/marimo/milk10k_train_masks/IL_7001999_dermoscopic_mask.png,0.12525185185185186,valid,600x450,600x450
IL_7002218,IL_7002218,/marimo/milk10k/MILK10k_Training_Input/IL_7002218/ISIC_7101608.jpg,/marimo/milk10k_train_masks/IL_7002218_dermoscopic_mask.png,0.6845740740740741,valid,600x450,600x450
IL_7009317,IL_7009317,/marimo/milk10k/MILK10k_Training_Input/IL_7009317/ISIC_6550575.jpg,/marimo/milk10k_train_masks/IL_7009317_dermoscopic_mask.png,0.6319370370370371,valid,600x450,600x450
IL_7010716,IL_7010716,/marimo/milk10k/MILK10k_Training_Input/IL_7010716/ISIC_5272574.jpg,/marimo/milk10k_train_masks/IL_7010716_dermoscopic_mask.png,0.2521333333333333,valid,600x450,600x450
IL_7018812,IL_7018812,/marimo/milk10k/MILK10k_Training_Input/IL_7018812/ISIC_4604978.jpg,/marimo/milk10k_train_masks/IL_7018812_dermoscopic_mask.png,0.3514259259259259,valid,600x450,600x450
IL_7020464,IL_7020464,/marimo/milk10k/MILK10k_Training_Input/IL_7020464/ISIC_5978873.jpg,/marimo/milk10k_train_masks/IL_7020464_dermoscopic_mask.png,0.17488148148148147,valid,600x450,600x450
IL_7021252,IL_7021252,/marimo/milk10k/MILK10k_Training_Input/IL_7021252/ISIC_9333834.jpg,/marimo/milk10k_train_masks/IL_7021252_dermoscopic_mask.png,0.37346666666666667,valid,600x450,600x450
IL_7023343,IL_7023343,/marimo/milk10k/MILK10k_Training_Input/IL_7023343/ISIC_7798660.jpg,/marimo/milk10k_train_masks/IL_7023343_dermoscopic_mask.png,0.30112962962962964,valid,600x450,600x450
IL_7023776,IL_7023776,/marimo/milk10k/MILK10k_Training_Input/IL_7023776/ISIC_0303344.jpg,/marimo/milk10k_train_masks/IL_7023776_dermoscopic_mask.png,0.2305148148148148,valid,600x450,600x450
IL_7025715,IL_7025715,/marimo/milk10k/MILK10k_Training_Input/IL_7025715/ISIC_4891974.jpg,/marimo/milk10k_train_masks/IL_7025715_dermoscopic_mask.png,0.39552592592592595,valid,600x450,600x450
IL_7034228,IL_7034228,/marimo/milk10k/MILK10k_Training_Input/IL_7034228/ISIC_5980977.jpg,/marimo/milk10k_train_masks/IL_7034228_dermoscopic_mask.png,0.3191555555555556,valid,600x450,600x450
IL_7034758,IL_7034758,/marimo/milk10k/MILK10k_Training_Input/IL_7034758/ISIC_6314287.jpg,/marimo/milk10k_train_masks/IL_7034758_dermoscopic_mask.png,0.36017037037037036,valid,600x450,600x450
IL_7037144,IL_7037144,/marimo/milk10k/MILK10k_Training_Input/IL_7037144/ISIC_0796884.jpg,/marimo/milk10k_train_masks/IL_7037144_dermoscopic_mask.png,0.38727407407407405,valid,600x450,600x450
IL_7041328,IL_7041328,/marimo/milk10k/MILK10k_Training_Input/IL_7041328/ISIC_3023055.jpg,/marimo/milk10k_train_masks/IL_7041328_dermoscopic_mask.png,0.39744074074074076,valid,600x450,600x450
IL_7047069,IL_7047069,/marimo/milk10k/MILK10k_Training_Input/IL_7047069/ISIC_1252883.jpg,/marimo/milk10k_train_masks/IL_7047069_dermoscopic_mask.png,0.18535185185185185,valid,600x450,600x450
IL_7048697,IL_7048697,/marimo/milk10k/MILK10k_Training_Input/IL_7048697/ISIC_2516006.jpg,/marimo/milk10k_train_masks/IL_7048697_dermoscopic_mask.png,0.3555740740740741,valid,600x450,600x450
IL_7050947,IL_7050947,/marimo/milk10k/MILK10k_Training_Input/IL_7050947/ISIC_6757914.jpg,/marimo/milk10k_train_masks/IL_7050947_dermoscopic_mask.png,0.38894814814814815,valid,600x450,600x450
IL_7052424,IL_7052424,/marimo/milk10k/MILK10k_Training_Input/IL_7052424/ISIC_1460132.jpg,/marimo/milk10k_train_masks/IL_7052424_dermoscopic_mask.png,0.2551185185185185,valid,600x450,600x450
IL_7059623,IL_7059623,/marimo/milk10k/MILK10k_Training_Input/IL_7059623/ISIC_9153724.jpg,/marimo/milk10k_train_masks/IL_7059623_dermoscopic_mask.png,0.6221148148148148,valid,600x450,600x450
IL_7060630,IL_7060630,/marimo/milk10k/MILK10k_Training_Input/IL_7060630/ISIC_1917329.jpg,/marimo/milk10k_train_masks/IL_7060630_dermoscopic_mask.png,0.5456814814814814,valid,600x450,600x450
IL_7061463,IL_7061463,/marimo/milk10k/MILK10k_Training_Input/IL_7061463/ISIC_9232753.jpg,/marimo/milk10k_train_masks/IL_7061463_dermoscopic_mask.png,0.09792592592592593,valid,600x450,600x450
IL_7062666,IL_7062666,/marimo/milk10k/MILK10k_Training_Input/IL_7062666/ISIC_7588660.jpg,/marimo/milk10k_train_masks/IL_7062666_dermoscopic_mask.png,0.5992185185185185,valid,600x450,600x450
IL_7063855,IL_7063855,/marimo/milk10k/MILK10k_Training_Input/IL_7063855/ISIC_2323901.jpg,/marimo/milk10k_train_masks/IL_7063855_dermoscopic_mask.png,0.15815185185185185,valid,600x450,600x450
IL_7064564,IL_7064564,/marimo/milk10k/MILK10k_Training_Input/IL_7064564/ISIC_8240527.jpg,/marimo/milk10k_train_masks/IL_7064564_dermoscopic_mask.png,0.25224814814814817,valid,600x450,600x450
IL_7068236,IL_7068236,/marimo/milk10k/MILK10k_Training_Input/IL_7068236/ISIC_2272478.jpg,/marimo/milk10k_train_masks/IL_7068236_dermoscopic_mask.png,0.043807407407407406,valid,600x450,600x450
IL_7070259,IL_7070259,/marimo/milk10k/MILK10k_Training_Input/IL_7070259/ISIC_1329019.jpg,/marimo/milk10k_train_masks/IL_7070259_dermoscopic_mask.png,0.21008148148148148,valid,600x450,600x450
IL_7071169,IL_7071169,/marimo/milk10k/MILK10k_Training_Input/IL_7071169/ISIC_3513821.jpg,/marimo/milk10k_train_masks/IL_7071169_dermoscopic_mask.png,0.33635925925925925,valid,600x450,600x450
IL_7072256,IL_7072256,/marimo/milk10k/MILK10k_Training_Input/IL_7072256/ISIC_4581129.jpg,/marimo/milk10k_train_masks/IL_7072256_dermoscopic_mask.png,0.35837407407407407,valid,600x450,600x450
IL_7074375,IL_7074375,/marimo/milk10k/MILK10k_Training_Input/IL_7074375/ISIC_4583761.jpg,/marimo/milk10k_train_masks/IL_7074375_dermoscopic_mask.png,0.2180925925925926,valid,600x450,600x450
IL_7075634,IL_7075634,/marimo/milk10k/MILK10k_Training_Input/IL_7075634/ISIC_5221340.jpg,/marimo/milk10k_train_masks/IL_7075634_dermoscopic_mask.png,0.4329,valid,600x450,600x450
IL_7077656,IL_7077656,/marimo/milk10k/MILK10k_Training_Input/IL_7077656/ISIC_8229493.jpg,/marimo/milk10k_train_masks/IL_7077656_dermoscopic_mask.png,0.3326925925925926,valid,600x450,600x450
IL_7084309,IL_7084309,/marimo/milk10k/MILK10k_Training_Input/IL_7084309/ISIC_6396169.jpg,/marimo/milk10k_train_masks/IL_7084309_dermoscopic_mask.png,0.5303407407407408,valid,600x450,600x450
IL_7085147,IL_7085147,/marimo/milk10k/MILK10k_Training_Input/IL_7085147/ISIC_8905603.jpg,/marimo/milk10k_train_masks/IL_7085147_dermoscopic_mask.png,0.2758074074074074,valid,600x450,600x450
IL_7085786,IL_7085786,/marimo/milk10k/MILK10k_Training_Input/IL_7085786/ISIC_0141332.jpg,/marimo/milk10k_train_masks/IL_7085786_dermoscopic_mask.png,0.21494814814814814,valid,600x450,600x450
IL_7092034,IL_7092034,/marimo/milk10k/MILK10k_Training_Input/IL_7092034/ISIC_5128796.jpg,/marimo/milk10k_train_masks/IL_7092034_dermoscopic_mask.png,0.5758481481481481,valid,600x450,600x450
IL_7093777,IL_7093777,/marimo/milk10k/MILK10k_Training_Input/IL_7093777/ISIC_6631462.jpg,/marimo/milk10k_train_masks/IL_7093777_dermoscopic_mask.png,0.1730925925925926,valid,600x450,600x450
IL_7096412,IL_7096412,/marimo/milk10k/MILK10k_Training_Input/IL_7096412/ISIC_0720537.jpg,/marimo/milk10k_train_masks/IL_7096412_dermoscopic_mask.png,0.31277037037037037,valid,600x450,600x450
IL_7099045,IL_7099045,/marimo/milk10k/MILK10k_Training_Input/IL_7099045/ISIC_7705901.jpg,/marimo/milk10k_train_masks/IL_7099045_dermoscopic_mask.png,0.31562962962962965,valid,600x450,600x450
IL_7101016,IL_7101016,/marimo/milk10k/MILK10k_Training_Input/IL_7101016/ISIC_5064090.jpg,/marimo/milk10k_train_masks/IL_7101016_dermoscopic_mask.png,0.17356666666666667,valid,600x450,600x450
IL_7103139,IL_7103139,/marimo/milk10k/MILK10k_Training_Input/IL_7103139/ISIC_9688192.jpg,/marimo/milk10k_train_masks/IL_7103139_dermoscopic_mask.png,0.5515481481481481,valid,600x450,600x450
IL_7103424,IL_7103424,/marimo/milk10k/MILK10k_Training_Input/IL_7103424/ISIC_4807163.jpg,/marimo/milk10k_train_masks/IL_7103424_dermoscopic_mask.png,0.20682962962962964,valid,600x450,600x450
IL_7108184,IL_7108184,/marimo/milk10k/MILK10k_Training_Input/IL_7108184/ISIC_6484938.jpg,/marimo/milk10k_train_masks/IL_7108184_dermoscopic_mask.png,0.19454444444444444,valid,600x450,600x450
IL_7110419,IL_7110419,/marimo/milk10k/MILK10k_Training_Input/IL_7110419/ISIC_4582043.jpg,/marimo/milk10k_train_masks/IL_7110419_dermoscopic_mask.png,0.1978037037037037,valid,600x450,600x450
IL_7110951,IL_7110951,/marimo/milk10k/MILK10k_Training_Input/IL_7110951/ISIC_5352626.jpg,/marimo/milk10k_train_masks/IL_7110951_dermoscopic_mask.png,0.38457407407407407,valid,600x450,600x450
IL_7113968,IL_7113968,/marimo/milk10k/MILK10k_Training_Input/IL_7113968/ISIC_4552842.jpg,/marimo/milk10k_train_masks/IL_7113968_dermoscopic_mask.png,0.15208518518518518,valid,600x450,600x450
IL_7115746,IL_7115746,/marimo/milk10k/MILK10k_Training_Input/IL_7115746/ISIC_2324920.jpg,/marimo/milk10k_train_masks/IL_7115746_dermoscopic_mask.png,0.14442592592592593,valid,600x450,600x450
IL_7117274,IL_7117274,/marimo/milk10k/MILK10k_Training_Input/IL_7117274/ISIC_0319894.jpg,/marimo/milk10k_train_masks/IL_7117274_dermoscopic_mask.png,0.2615777777777778,valid,600x450,600x450
IL_7117904,IL_7117904,/marimo/milk10k/MILK10k_Training_Input/IL_7117904/ISIC_8627295.jpg,/marimo/milk10k_train_masks/IL_7117904_dermoscopic_mask.png,0.39225925925925925,valid,600x450,600x450
IL_7119358,IL_7119358,/marimo/milk10k/MILK10k_Training_Input/IL_7119358/ISIC_4363100.jpg,/marimo/milk10k_train_masks/IL_7119358_dermoscopic_mask.png,0.40553703703703703,valid,600x450,600x450
IL_7124552,IL_7124552,/marimo/milk10k/MILK10k_Training_Input/IL_7124552/ISIC_1604088.jpg,/marimo/milk10k_train_masks/IL_7124552_dermoscopic_mask.png,0.4592148148148148,valid,600x450,600x450
IL_7126907,IL_7126907,/marimo/milk10k/MILK10k_Training_Input/IL_7126907/ISIC_3826563.jpg,/marimo/milk10k_train_masks/IL_7126907_dermoscopic_mask.png,0.21376666666666666,valid,600x450,600x450
IL_7127568,IL_7127568,/marimo/milk10k/MILK10k_Training_Input/IL_7127568/ISIC_3184893.jpg,/marimo/milk10k_train_masks/IL_7127568_dermoscopic_mask.png,0.30114444444444444,valid,600x450,600x450
IL_7130960,IL_7130960,/marimo/milk10k/MILK10k_Training_Input/IL_7130960/ISIC_7302180.jpg,/marimo/milk10k_train_masks/IL_7130960_dermoscopic_mask.png,0.44822962962962964,valid,600x450,600x450
IL_7131133,IL_7131133,/marimo/milk10k/MILK10k_Training_Input/IL_7131133/ISIC_7882504.jpg,/marimo/milk10k_train_masks/IL_7131133_dermoscopic_mask.png,0.2774111111111111,valid,600x450,600x450
IL_7133935,IL_7133935,/marimo/milk10k/MILK10k_Training_Input/IL_7133935/ISIC_0095743.jpg,/marimo/milk10k_train_masks/IL_7133935_dermoscopic_mask.png,0.5528777777777778,valid,600x450,600x450
IL_7135513,IL_7135513,/marimo/milk10k/MILK10k_Training_Input/IL_7135513/ISIC_5217075.jpg,/marimo/milk10k_train_masks/IL_7135513_dermoscopic_mask.png,0.16878518518518518,valid,600x450,600x450
IL_7136184,IL_7136184,/marimo/milk10k/MILK10k_Training_Input/IL_7136184/ISIC_2604782.jpg,/marimo/milk10k_train_masks/IL_7136184_dermoscopic_mask.png,0.20947407407407406,valid,600x450,600x450
IL_7136276,IL_7136276,/marimo/milk10k/MILK10k_Training_Input/IL_7136276/ISIC_4222750.jpg,/marimo/milk10k_train_masks/IL_7136276_dermoscopic_mask.png,0.3714037037037037,valid,600x450,600x450
IL_7137624,IL_7137624,/marimo/milk10k/MILK10k_Training_Input/IL_7137624/ISIC_6932845.jpg,/marimo/milk10k_train_masks/IL_7137624_dermoscopic_mask.png,0.43175925925925923,valid,600x450,600x450
IL_7140483,IL_7140483,/marimo/milk10k/MILK10k_Training_Input/IL_7140483/ISIC_2880667.jpg,/marimo/milk10k_train_masks/IL_7140483_dermoscopic_mask.png,0.2608666666666667,valid,600x450,600x450
IL_7140493,IL_7140493,/marimo/milk10k/MILK10k_Training_Input/IL_7140493/ISIC_0761359.jpg,/marimo/milk10k_train_masks/IL_7140493_dermoscopic_mask.png,0.8927,valid,600x450,600x450
IL_7141559,IL_7141559,/marimo/milk10k/MILK10k_Training_Input/IL_7141559/ISIC_4881815.jpg,/marimo/milk10k_train_masks/IL_7141559_dermoscopic_mask.png,0.07991111111111111,valid,600x450,600x450
IL_7142205,IL_7142205,/marimo/milk10k/MILK10k_Training_Input/IL_7142205/ISIC_0769255.jpg,/marimo/milk10k_train_masks/IL_7142205_dermoscopic_mask.png,0.3196481481481481,valid,600x450,600x450
IL_7144691,IL_7144691,/marimo/milk10k/MILK10k_Training_Input/IL_7144691/ISIC_5901264.jpg,/marimo/milk10k_train_masks/IL_7144691_dermoscopic_mask.png,0.3345222222222222,valid,600x450,600x450
IL_7145393,IL_7145393,/marimo/milk10k/MILK10k_Training_Input/IL_7145393/ISIC_8815594.jpg,/marimo/milk10k_train_masks/IL_7145393_dermoscopic_mask.png,0.8153703703703704,valid,600x450,600x450
IL_7146228,IL_7146228,/marimo/milk10k/MILK10k_Training_Input/IL_7146228/ISIC_6454913.jpg,/marimo/milk10k_train_masks/IL_7146228_dermoscopic_mask.png,0.0414,valid,600x450,600x450
IL_7147534,IL_7147534,/marimo/milk10k/MILK10k_Training_Input/IL_7147534/ISIC_4536103.jpg,/marimo/milk10k_train_masks/IL_7147534_dermoscopic_mask.png,0.2512259259259259,valid,600x450,600x450
IL_7147688,IL_7147688,/marimo/milk10k/MILK10k_Training_Input/IL_7147688/ISIC_3009842.jpg,/marimo/milk10k_train_masks/IL_7147688_dermoscopic_mask.png,0.25392592592592594,valid,600x450,600x450
IL_7148705,IL_7148705,/marimo/milk10k/MILK10k_Training_Input/IL_7148705/ISIC_9477090.jpg,/marimo/milk10k_train_masks/IL_7148705_dermoscopic_mask.png,0.3526925925925926,valid,600x450,600x450
IL_7148774,IL_7148774,/marimo/milk10k/MILK10k_Training_Input/IL_7148774/ISIC_1344587.jpg,/marimo/milk10k_train_masks/IL_7148774_dermoscopic_mask.png,0.060922222222222225,valid,600x450,600x450
IL_7151010,IL_7151010,/marimo/milk10k/MILK10k_Training_Input/IL_7151010/ISIC_6959082.jpg,/marimo/milk10k_train_masks/IL_7151010_dermoscopic_mask.png,0.5940518518518518,valid,600x450,600x450
IL_7154137,IL_7154137,/marimo/milk10k/MILK10k_Training_Input/IL_7154137/ISIC_3203799.jpg,/marimo/milk10k_train_masks/IL_7154137_dermoscopic_mask.png,0.20107037037037037,valid,600x450,600x450
IL_7159942,IL_7159942,/marimo/milk10k/MILK10k_Training_Input/IL_7159942/ISIC_6550801.jpg,/marimo/milk10k_train_masks/IL_7159942_dermoscopic_mask.png,0.2205,valid,600x450,600x450
IL_7161164,IL_7161164,/marimo/milk10k/MILK10k_Training_Input/IL_7161164/ISIC_9473743.jpg,/marimo/milk10k_train_masks/IL_7161164_dermoscopic_mask.png,0.33361851851851854,valid,600x450,600x450
IL_7164412,IL_7164412,/marimo/milk10k/MILK10k_Training_Input/IL_7164412/ISIC_4982700.jpg,/marimo/milk10k_train_masks/IL_7164412_dermoscopic_mask.png,0.17306666666666667,valid,600x450,600x450
IL_7165616,IL_7165616,/marimo/milk10k/MILK10k_Training_Input/IL_7165616/ISIC_7356122.jpg,/marimo/milk10k_train_masks/IL_7165616_dermoscopic_mask.png,0.6967925925925926,valid,600x450,600x450
IL_7167860,IL_7167860,/marimo/milk10k/MILK10k_Training_Input/IL_7167860/ISIC_3602145.jpg,/marimo/milk10k_train_masks/IL_7167860_dermoscopic_mask.png,0.20454814814814815,valid,600x450,600x450
IL_7168178,IL_7168178,/marimo/milk10k/MILK10k_Training_Input/IL_7168178/ISIC_5597408.jpg,/marimo/milk10k_train_masks/IL_7168178_dermoscopic_mask.png,0.4285814814814815,valid,600x450,600x450
IL_7168991,IL_7168991,/marimo/milk10k/MILK10k_Training_Input/IL_7168991/ISIC_4597469.jpg,/marimo/milk10k_train_masks/IL_7168991_dermoscopic_mask.png,0.376,valid,600x450,600x450
IL_7170892,IL_7170892,/marimo/milk10k/MILK10k_Training_Input/IL_7170892/ISIC_9218783.jpg,/marimo/milk10k_train_masks/IL_7170892_dermoscopic_mask.png,0.35657037037037037,valid,600x450,600x450
IL_7173541,IL_7173541,/marimo/milk10k/MILK10k_Training_Input/IL_7173541/ISIC_6272878.jpg,/marimo/milk10k_train_masks/IL_7173541_dermoscopic_mask.png,0.28152962962962963,valid,600x450,600x450
IL_7173573,IL_7173573,/marimo/milk10k/MILK10k_Training_Input/IL_7173573/ISIC_3362091.jpg,/marimo/milk10k_train_masks/IL_7173573_dermoscopic_mask.png,0.47984814814814813,valid,600x450,600x450
IL_7178513,IL_7178513,/marimo/milk10k/MILK10k_Training_Input/IL_7178513/ISIC_3042456.jpg,/marimo/milk10k_train_masks/IL_7178513_dermoscopic_mask.png,0.17153703703703704,valid,600x450,600x450
IL_7181510,IL_7181510,/marimo/milk10k/MILK10k_Training_Input/IL_7181510/ISIC_3774225.jpg,/marimo/milk10k_train_masks/IL_7181510_dermoscopic_mask.png,0.35354444444444444,valid,600x450,600x450
IL_7182568,IL_7182568,/marimo/milk10k/MILK10k_Training_Input/IL_7182568/ISIC_9688065.jpg,/marimo/milk10k_train_masks/IL_7182568_dermoscopic_mask.png,0.41423333333333334,valid,600x450,600x450
IL_7183355,IL_7183355,/marimo/milk10k/MILK10k_Training_Input/IL_7183355/ISIC_3520227.jpg,/marimo/milk10k_train_masks/IL_7183355_dermoscopic_mask.png,0.46024444444444446,valid,600x450,600x450
IL_7186549,IL_7186549,/marimo/milk10k/MILK10k_Training_Input/IL_7186549/ISIC_0197527.jpg,/marimo/milk10k_train_masks/IL_7186549_dermoscopic_mask.png,0.20825925925925926,valid,600x450,600x450
IL_7193768,IL_7193768,/marimo/milk10k/MILK10k_Training_Input/IL_7193768/ISIC_5767646.jpg,/marimo/milk10k_train_masks/IL_7193768_dermoscopic_mask.png,0.07332592592592592,valid,600x450,600x450
IL_7197131,IL_7197131,/marimo/milk10k/MILK10k_Training_Input/IL_7197131/ISIC_3346679.jpg,/marimo/milk10k_train_masks/IL_7197131_dermoscopic_mask.png,0.5363407407407408,valid,600x450,600x450
IL_7198144,IL_7198144,/marimo/milk10k/MILK10k_Training_Input/IL_7198144/ISIC_4080973.jpg,/marimo/milk10k_train_masks/IL_7198144_dermoscopic_mask.png,0.4835333333333333,valid,600x450,600x450
IL_7199069,IL_7199069,/marimo/milk10k/MILK10k_Training_Input/IL_7199069/ISIC_4051799.jpg,/marimo/milk10k_train_masks/IL_7199069_dermoscopic_mask.png,0.14984444444444445,valid,600x450,600x450
IL_7204368,IL_7204368,/marimo/milk10k/MILK10k_Training_Input/IL_7204368/ISIC_1984602.jpg,/marimo/milk10k_train_masks/IL_7204368_dermoscopic_mask.png,0.11832222222222222,valid,600x450,600x450
IL_7206184,IL_7206184,/marimo/milk10k/MILK10k_Training_Input/IL_7206184/ISIC_5056247.jpg,/marimo/milk10k_train_masks/IL_7206184_dermoscopic_mask.png,0.26051851851851854,valid,600x450,600x450
IL_7206391,IL_7206391,/marimo/milk10k/MILK10k_Training_Input/IL_7206391/ISIC_7668414.jpg,/marimo/milk10k_train_masks/IL_7206391_dermoscopic_mask.png,0.1474925925925926,valid,600x450,600x450
IL_7208264,IL_7208264,/marimo/milk10k/MILK10k_Training_Input/IL_7208264/ISIC_9686538.jpg,/marimo/milk10k_train_masks/IL_7208264_dermoscopic_mask.png,0.23362222222222223,valid,600x450,600x450
IL_7209123,IL_7209123,/marimo/milk10k/MILK10k_Training_Input/IL_7209123/ISIC_3527498.jpg,/marimo/milk10k_train_masks/IL_7209123_dermoscopic_mask.png,0.24286666666666668,valid,600x450,600x450
IL_7210800,IL_7210800,/marimo/milk10k/MILK10k_Training_Input/IL_7210800/ISIC_6048752.jpg,/marimo/milk10k_train_masks/IL_7210800_dermoscopic_mask.png,0.2480962962962963,valid,600x450,600x450
IL_7210952,IL_7210952,/marimo/milk10k/MILK10k_Training_Input/IL_7210952/ISIC_7116804.jpg,/marimo/milk10k_train_masks/IL_7210952_dermoscopic_mask.png,0.11768888888888888,valid,600x450,600x450
IL_7212919,IL_7212919,/marimo/milk10k/MILK10k_Training_Input/IL_7212919/ISIC_8344146.jpg,/marimo/milk10k_train_masks/IL_7212919_dermoscopic_mask.png,0.6996407407407408,valid,600x450,600x450
IL_7213317,IL_7213317,/marimo/milk10k/MILK10k_Training_Input/IL_7213317/ISIC_7332242.jpg,/marimo/milk10k_train_masks/IL_7213317_dermoscopic_mask.png,0.07305925925925925,valid,600x450,600x450
IL_7213774,IL_7213774,/marimo/milk10k/MILK10k_Training_Input/IL_7213774/ISIC_7858765.jpg,/marimo/milk10k_train_masks/IL_7213774_dermoscopic_mask.png,0.15783333333333333,valid,600x450,600x450
IL_7215009,IL_7215009,/marimo/milk10k/MILK10k_Training_Input/IL_7215009/ISIC_9419736.jpg,/marimo/milk10k_train_masks/IL_7215009_dermoscopic_mask.png,0.6803,valid,600x450,600x450
IL_7216182,IL_7216182,/marimo/milk10k/MILK10k_Training_Input/IL_7216182/ISIC_4482209.jpg,/marimo/milk10k_train_masks/IL_7216182_dermoscopic_mask.png,0.27432222222222225,valid,600x450,600x450
IL_7216660,IL_7216660,/marimo/milk10k/MILK10k_Training_Input/IL_7216660/ISIC_1430481.jpg,/marimo/milk10k_train_masks/IL_7216660_dermoscopic_mask.png,0.16904814814814814,valid,600x450,600x450
IL_7217453,IL_7217453,/marimo/milk10k/MILK10k_Training_Input/IL_7217453/ISIC_7391014.jpg,/marimo/milk10k_train_masks/IL_7217453_dermoscopic_mask.png,0.284,valid,600x450,600x450
IL_7219424,IL_7219424,/marimo/milk10k/MILK10k_Training_Input/IL_7219424/ISIC_7793572.jpg,/marimo/milk10k_train_masks/IL_7219424_dermoscopic_mask.png,0.5771481481481482,valid,600x450,600x450
IL_7224392,IL_7224392,/marimo/milk10k/MILK10k_Training_Input/IL_7224392/ISIC_1182747.jpg,/marimo/milk10k_train_masks/IL_7224392_dermoscopic_mask.png,0.4637074074074074,valid,600x450,600x450
IL_7227279,IL_7227279,/marimo/milk10k/MILK10k_Training_Input/IL_7227279/ISIC_9824186.jpg,/marimo/milk10k_train_masks/IL_7227279_dermoscopic_mask.png,0.2529851851851852,valid,600x450,600x450
IL_7229080,IL_7229080,/marimo/milk10k/MILK10k_Training_Input/IL_7229080/ISIC_8508207.jpg,/marimo/milk10k_train_masks/IL_7229080_dermoscopic_mask.png,0.4844851851851852,valid,600x450,600x450
IL_7230035,IL_7230035,/marimo/milk10k/MILK10k_Training_Input/IL_7230035/ISIC_9546502.jpg,/marimo/milk10k_train_masks/IL_7230035_dermoscopic_mask.png,0.46422592592592593,valid,600x450,600x450
IL_7230788,IL_7230788,/marimo/milk10k/MILK10k_Training_Input/IL_7230788/ISIC_1954444.jpg,/marimo/milk10k_train_masks/IL_7230788_dermoscopic_mask.png,0.3310888888888889,valid,600x450,600x450
IL_7232316,IL_7232316,/marimo/milk10k/MILK10k_Training_Input/IL_7232316/ISIC_6366384.jpg,/marimo/milk10k_train_masks/IL_7232316_dermoscopic_mask.png,0.18358148148148148,valid,600x450,600x450
IL_7232351,IL_7232351,/marimo/milk10k/MILK10k_Training_Input/IL_7232351/ISIC_3022261.jpg,/marimo/milk10k_train_masks/IL_7232351_dermoscopic_mask.png,0.20864814814814814,valid,600x450,600x450
IL_7234452,IL_7234452,/marimo/milk10k/MILK10k_Training_Input/IL_7234452/ISIC_4889821.jpg,/marimo/milk10k_train_masks/IL_7234452_dermoscopic_mask.png,0.5778,valid,600x450,600x450
IL_7235681,IL_7235681,/marimo/milk10k/MILK10k_Training_Input/IL_7235681/ISIC_6212400.jpg,/marimo/milk10k_train_masks/IL_7235681_dermoscopic_mask.png,0.5845148148148148,valid,600x450,600x450
IL_7237834,IL_7237834,/marimo/milk10k/MILK10k_Training_Input/IL_7237834/ISIC_2857248.jpg,/marimo/milk10k_train_masks/IL_7237834_dermoscopic_mask.png,0.22524074074074074,valid,600x450,600x450
IL_7237859,IL_7237859,/marimo/milk10k/MILK10k_Training_Input/IL_7237859/ISIC_2918081.jpg,/marimo/milk10k_train_masks/IL_7237859_dermoscopic_mask.png,0.24732592592592592,valid,600x450,600x450
IL_7238711,IL_7238711,/marimo/milk10k/MILK10k_Training_Input/IL_7238711/ISIC_4853537.jpg,/marimo/milk10k_train_masks/IL_7238711_dermoscopic_mask.png,0.20743703703703703,valid,600x450,600x450
IL_7239273,IL_7239273,/marimo/milk10k/MILK10k_Training_Input/IL_7239273/ISIC_7788766.jpg,/marimo/milk10k_train_masks/IL_7239273_dermoscopic_mask.png,0.6457259259259259,valid,600x450,600x450
IL_7240190,IL_7240190,/marimo/milk10k/MILK10k_Training_Input/IL_7240190/ISIC_9447530.jpg,/marimo/milk10k_train_masks/IL_7240190_dermoscopic_mask.png,0.20321111111111112,valid,600x450,600x450
IL_7240345,IL_7240345,/marimo/milk10k/MILK10k_Training_Input/IL_7240345/ISIC_7973098.jpg,/marimo/milk10k_train_masks/IL_7240345_dermoscopic_mask.png,0.47036666666666666,valid,600x450,600x450
IL_7242208,IL_7242208,/marimo/milk10k/MILK10k_Training_Input/IL_7242208/ISIC_9526087.jpg,/marimo/milk10k_train_masks/IL_7242208_dermoscopic_mask.png,0.21133333333333335,valid,600x450,600x450
IL_7242669,IL_7242669,/marimo/milk10k/MILK10k_Training_Input/IL_7242669/ISIC_4204876.jpg,/marimo/milk10k_train_masks/IL_7242669_dermoscopic_mask.png,0.23298888888888888,valid,600x450,600x450
IL_7243389,IL_7243389,/marimo/milk10k/MILK10k_Training_Input/IL_7243389/ISIC_7615308.jpg,/marimo/milk10k_train_masks/IL_7243389_dermoscopic_mask.png,0.14472962962962962,valid,600x450,600x450
IL_7244140,IL_7244140,/marimo/milk10k/MILK10k_Training_Input/IL_7244140/ISIC_5207549.jpg,/marimo/milk10k_train_masks/IL_7244140_dermoscopic_mask.png,0.5514259259259259,valid,600x450,600x450
IL_7244270,IL_7244270,/marimo/milk10k/MILK10k_Training_Input/IL_7244270/ISIC_9774801.jpg,/marimo/milk10k_train_masks/IL_7244270_dermoscopic_mask.png,0.3524,valid,600x450,600x450
IL_7251492,IL_7251492,/marimo/milk10k/MILK10k_Training_Input/IL_7251492/ISIC_6600475.jpg,/marimo/milk10k_train_masks/IL_7251492_dermoscopic_mask.png,0.2691925925925926,valid,600x450,600x450
IL_7252139,IL_7252139,/marimo/milk10k/MILK10k_Training_Input/IL_7252139/ISIC_1607224.jpg,/marimo/milk10k_train_masks/IL_7252139_dermoscopic_mask.png,0.38135185185185183,valid,600x450,600x450
IL_7253119,IL_7253119,/marimo/milk10k/MILK10k_Training_Input/IL_7253119/ISIC_7383339.jpg,/marimo/milk10k_train_masks/IL_7253119_dermoscopic_mask.png,0.04755185185185185,valid,600x450,600x450
IL_7253924,IL_7253924,/marimo/milk10k/MILK10k_Training_Input/IL_7253924/ISIC_0746908.jpg,/marimo/milk10k_train_masks/IL_7253924_dermoscopic_mask.png,0.22484074074074073,valid,600x450,600x450
IL_7257166,IL_7257166,/marimo/milk10k/MILK10k_Training_Input/IL_7257166/ISIC_2628667.jpg,/marimo/milk10k_train_masks/IL_7257166_dermoscopic_mask.png,0.30544074074074073,valid,600x450,600x450
IL_7257549,IL_7257549,/marimo/milk10k/MILK10k_Training_Input/IL_7257549/ISIC_3888868.jpg,/marimo/milk10k_train_masks/IL_7257549_dermoscopic_mask.png,0.10133703703703703,valid,600x450,600x450
IL_7263910,IL_7263910,/marimo/milk10k/MILK10k_Training_Input/IL_7263910/ISIC_9428829.jpg,/marimo/milk10k_train_masks/IL_7263910_dermoscopic_mask.png,0.10911481481481482,valid,600x450,600x450
IL_7270407,IL_7270407,/marimo/milk10k/MILK10k_Training_Input/IL_7270407/ISIC_0143535.jpg,/marimo/milk10k_train_masks/IL_7270407_dermoscopic_mask.png,0.441562962962963,valid,600x450,600x450
IL_7273243,IL_7273243,/marimo/milk10k/MILK10k_Training_Input/IL_7273243/ISIC_9287993.jpg,/marimo/milk10k_train_masks/IL_7273243_dermoscopic_mask.png,0.22490740740740742,valid,600x450,600x450
IL_7274856,IL_7274856,/marimo/milk10k/MILK10k_Training_Input/IL_7274856/ISIC_5027597.jpg,/marimo/milk10k_train_masks/IL_7274856_dermoscopic_mask.png,0.4921037037037037,valid,600x450,600x450
IL_7278606,IL_7278606,/marimo/milk10k/MILK10k_Training_Input/IL_7278606/ISIC_3395616.jpg,/marimo/milk10k_train_masks/IL_7278606_dermoscopic_mask.png,0.3250037037037037,valid,600x450,600x450
IL_7281878,IL_7281878,/marimo/milk10k/MILK10k_Training_Input/IL_7281878/ISIC_2866719.jpg,/marimo/milk10k_train_masks/IL_7281878_dermoscopic_mask.png,0.3974,valid,600x450,600x450
IL_7287548,IL_7287548,/marimo/milk10k/MILK10k_Training_Input/IL_7287548/ISIC_1477042.jpg,/marimo/milk10k_train_masks/IL_7287548_dermoscopic_mask.png,0.23772222222222222,valid,600x450,600x450
IL_7288279,IL_7288279,/marimo/milk10k/MILK10k_Training_Input/IL_7288279/ISIC_2062148.jpg,/marimo/milk10k_train_masks/IL_7288279_dermoscopic_mask.png,0.40626296296296294,valid,600x450,600x450
IL_7288845,IL_7288845,/marimo/milk10k/MILK10k_Training_Input/IL_7288845/ISIC_8551756.jpg,/marimo/milk10k_train_masks/IL_7288845_dermoscopic_mask.png,0.19744444444444445,valid,600x450,600x450
IL_7289099,IL_7289099,/marimo/milk10k/MILK10k_Training_Input/IL_7289099/ISIC_6254065.jpg,/marimo/milk10k_train_masks/IL_7289099_dermoscopic_mask.png,0.4396,valid,600x450,600x450
IL_7291887,IL_7291887,/marimo/milk10k/MILK10k_Training_Input/IL_7291887/ISIC_6315760.jpg,/marimo/milk10k_train_masks/IL_7291887_dermoscopic_mask.png,0.3269,valid,600x450,600x450
IL_7292405,IL_7292405,/marimo/milk10k/MILK10k_Training_Input/IL_7292405/ISIC_9145770.jpg,/marimo/milk10k_train_masks/IL_7292405_dermoscopic_mask.png,0.2987740740740741,valid,600x450,600x450
IL_7294235,IL_7294235,/marimo/milk10k/MILK10k_Training_Input/IL_7294235/ISIC_4427785.jpg,/marimo/milk10k_train_masks/IL_7294235_dermoscopic_mask.png,0.2591259259259259,valid,600x450,600x450
IL_7294930,IL_7294930,/marimo/milk10k/MILK10k_Training_Input/IL_7294930/ISIC_9611388.jpg,/marimo/milk10k_train_masks/IL_7294930_dermoscopic_mask.png,0.29564814814814816,valid,600x450,600x450
IL_7295306,IL_7295306,/marimo/milk10k/MILK10k_Training_Input/IL_7295306/ISIC_9543842.jpg,/marimo/milk10k_train_masks/IL_7295306_dermoscopic_mask.png,0.30364444444444444,valid,600x450,600x450
IL_7296591,IL_7296591,/marimo/milk10k/MILK10k_Training_Input/IL_7296591/ISIC_1207350.jpg,/marimo/milk10k_train_masks/IL_7296591_dermoscopic_mask.png,0.3862555555555556,valid,600x450,600x450
IL_7297013,IL_7297013,/marimo/milk10k/MILK10k_Training_Input/IL_7297013/ISIC_2793180.jpg,/marimo/milk10k_train_masks/IL_7297013_dermoscopic_mask.png,0.44252592592592593,valid,600x450,600x450
IL_7304734,IL_7304734,/marimo/milk10k/MILK10k_Training_Input/IL_7304734/ISIC_6044250.jpg,/marimo/milk10k_train_masks/IL_7304734_dermoscopic_mask.png,0.3925888888888889,valid,600x450,600x450
IL_7308703,IL_7308703,/marimo/milk10k/MILK10k_Training_Input/IL_7308703/ISIC_9136283.jpg,/marimo/milk10k_train_masks/IL_7308703_dermoscopic_mask.png,0.20421851851851852,valid,600x450,600x450
IL_7308979,IL_7308979,/marimo/milk10k/MILK10k_Training_Input/IL_7308979/ISIC_5636046.jpg,/marimo/milk10k_train_masks/IL_7308979_dermoscopic_mask.png,0.32781481481481484,valid,600x450,600x450
IL_7309398,IL_7309398,/marimo/milk10k/MILK10k_Training_Input/IL_7309398/ISIC_1537765.jpg,/marimo/milk10k_train_masks/IL_7309398_dermoscopic_mask.png,0.3539851851851852,valid,600x450,600x450
IL_7319157,IL_7319157,/marimo/milk10k/MILK10k_Training_Input/IL_7319157/ISIC_2020122.jpg,/marimo/milk10k_train_masks/IL_7319157_dermoscopic_mask.png,0.05575555555555556,valid,600x450,600x450
IL_7320172,IL_7320172,/marimo/milk10k/MILK10k_Training_Input/IL_7320172/ISIC_4282860.jpg,/marimo/milk10k_train_masks/IL_7320172_dermoscopic_mask.png,0.5489851851851851,valid,600x450,600x450
IL_7327250,IL_7327250,/marimo/milk10k/MILK10k_Training_Input/IL_7327250/ISIC_6079632.jpg,/marimo/milk10k_train_masks/IL_7327250_dermoscopic_mask.png,0.6943259259259259,valid,600x450,600x450
IL_7329436,IL_7329436,/marimo/milk10k/MILK10k_Training_Input/IL_7329436/ISIC_1106208.jpg,/marimo/milk10k_train_masks/IL_7329436_dermoscopic_mask.png,0.09692592592592593,valid,600x450,600x450
IL_7331550,IL_7331550,/marimo/milk10k/MILK10k_Training_Input/IL_7331550/ISIC_5335240.jpg,/marimo/milk10k_train_masks/IL_7331550_dermoscopic_mask.png,0.36834074074074075,valid,600x450,600x450
IL_7331633,IL_7331633,/marimo/milk10k/MILK10k_Training_Input/IL_7331633/ISIC_6119847.jpg,/marimo/milk10k_train_masks/IL_7331633_dermoscopic_mask.png,0.22062962962962962,valid,600x450,600x450
IL_7332620,IL_7332620,/marimo/milk10k/MILK10k_Training_Input/IL_7332620/ISIC_9263753.jpg,/marimo/milk10k_train_masks/IL_7332620_dermoscopic_mask.png,0.391762962962963,valid,600x450,600x450
IL_7333819,IL_7333819,/marimo/milk10k/MILK10k_Training_Input/IL_7333819/ISIC_0444953.jpg,/marimo/milk10k_train_masks/IL_7333819_dermoscopic_mask.png,0.06574814814814815,valid,600x450,600x450
IL_7333978,IL_7333978,/marimo/milk10k/MILK10k_Training_Input/IL_7333978/ISIC_5602394.jpg,/marimo/milk10k_train_masks/IL_7333978_dermoscopic_mask.png,0.38463703703703706,valid,600x450,600x450
IL_7335735,IL_7335735,/marimo/milk10k/MILK10k_Training_Input/IL_7335735/ISIC_8776361.jpg,/marimo/milk10k_train_masks/IL_7335735_dermoscopic_mask.png,0.19912592592592593,valid,600x450,600x450
IL_7336042,IL_7336042,/marimo/milk10k/MILK10k_Training_Input/IL_7336042/ISIC_9594679.jpg,/marimo/milk10k_train_masks/IL_7336042_dermoscopic_mask.png,0.22448888888888888,valid,600x450,600x450
IL_7336420,IL_7336420,/marimo/milk10k/MILK10k_Training_Input/IL_7336420/ISIC_8718627.jpg,/marimo/milk10k_train_masks/IL_7336420_dermoscopic_mask.png,0.3610333333333333,valid,600x450,600x450
IL_7336538,IL_7336538,/marimo/milk10k/MILK10k_Training_Input/IL_7336538/ISIC_8483907.jpg,/marimo/milk10k_train_masks/IL_7336538_dermoscopic_mask.png,0.3670148148148148,valid,600x450,600x450
IL_7337481,IL_7337481,/marimo/milk10k/MILK10k_Training_Input/IL_7337481/ISIC_4565417.jpg,/marimo/milk10k_train_masks/IL_7337481_dermoscopic_mask.png,0.3917185185185185,valid,600x450,600x450
IL_7337548,IL_7337548,/marimo/milk10k/MILK10k_Training_Input/IL_7337548/ISIC_0529050.jpg,/marimo/milk10k_train_masks/IL_7337548_dermoscopic_mask.png,0.2547037037037037,valid,600x450,600x450
IL_7340279,IL_7340279,/marimo/milk10k/MILK10k_Training_Input/IL_7340279/ISIC_2199762.jpg,/marimo/milk10k_train_masks/IL_7340279_dermoscopic_mask.png,0.24174814814814816,valid,600x450,600x450
IL_7340563,IL_7340563,/marimo/milk10k/MILK10k_Training_Input/IL_7340563/ISIC_2759533.jpg,/marimo/milk10k_train_masks/IL_7340563_dermoscopic_mask.png,0.5905333333333334,valid,600x450,600x450
IL_7343687,IL_7343687,/marimo/milk10k/MILK10k_Training_Input/IL_7343687/ISIC_6508737.jpg,/marimo/milk10k_train_masks/IL_7343687_dermoscopic_mask.png,0.4305925925925926,valid,600x450,600x450
IL_7344766,IL_7344766,/marimo/milk10k/MILK10k_Training_Input/IL_7344766/ISIC_7921865.jpg,/marimo/milk10k_train_masks/IL_7344766_dermoscopic_mask.png,0.35936666666666667,valid,600x450,600x450
IL_7348200,IL_7348200,/marimo/milk10k/MILK10k_Training_Input/IL_7348200/ISIC_4591575.jpg,/marimo/milk10k_train_masks/IL_7348200_dermoscopic_mask.png,0.4455074074074074,valid,600x450,600x450
IL_7348404,IL_7348404,/marimo/milk10k/MILK10k_Training_Input/IL_7348404/ISIC_5274972.jpg,/marimo/milk10k_train_masks/IL_7348404_dermoscopic_mask.png,0.27241481481481483,valid,600x450,600x450
IL_7348450,IL_7348450,/marimo/milk10k/MILK10k_Training_Input/IL_7348450/ISIC_7227216.jpg,/marimo/milk10k_train_masks/IL_7348450_dermoscopic_mask.png,0.5594592592592592,valid,600x450,600x450
IL_7350361,IL_7350361,/marimo/milk10k/MILK10k_Training_Input/IL_7350361/ISIC_4218751.jpg,/marimo/milk10k_train_masks/IL_7350361_dermoscopic_mask.png,0.5616074074074074,valid,600x450,600x450
IL_7353062,IL_7353062,/marimo/milk10k/MILK10k_Training_Input/IL_7353062/ISIC_0738113.jpg,/marimo/milk10k_train_masks/IL_7353062_dermoscopic_mask.png,0.4711148148148148,valid,600x450,600x450
IL_7356109,IL_7356109,/marimo/milk10k/MILK10k_Training_Input/IL_7356109/ISIC_4977351.jpg,/marimo/milk10k_train_masks/IL_7356109_dermoscopic_mask.png,0.7584037037037037,valid,600x450,600x450
IL_7356292,IL_7356292,/marimo/milk10k/MILK10k_Training_Input/IL_7356292/ISIC_0153376.jpg,/marimo/milk10k_train_masks/IL_7356292_dermoscopic_mask.png,0.6978962962962963,valid,600x450,600x450
IL_7358979,IL_7358979,/marimo/milk10k/MILK10k_Training_Input/IL_7358979/ISIC_0951274.jpg,/marimo/milk10k_train_masks/IL_7358979_dermoscopic_mask.png,0.04471111111111111,valid,600x450,600x450
IL_7360885,IL_7360885,/marimo/milk10k/MILK10k_Training_Input/IL_7360885/ISIC_7742545.jpg,/marimo/milk10k_train_masks/IL_7360885_dermoscopic_mask.png,0.3726333333333333,valid,600x450,600x450
IL_7361065,IL_7361065,/marimo/milk10k/MILK10k_Training_Input/IL_7361065/ISIC_2288726.jpg,/marimo/milk10k_train_masks/IL_7361065_dermoscopic_mask.png,0.09665185185185185,valid,600x450,600x450
IL_7361410,IL_7361410,/marimo/milk10k/MILK10k_Training_Input/IL_7361410/ISIC_8361955.jpg,/marimo/milk10k_train_masks/IL_7361410_dermoscopic_mask.png,0.371162962962963,valid,600x450,600x450
IL_7361836,IL_7361836,/marimo/milk10k/MILK10k_Training_Input/IL_7361836/ISIC_6755281.jpg,/marimo/milk10k_train_masks/IL_7361836_dermoscopic_mask.png,0.39536666666666664,valid,600x450,600x450
IL_7363229,IL_7363229,/marimo/milk10k/MILK10k_Training_Input/IL_7363229/ISIC_7517022.jpg,/marimo/milk10k_train_masks/IL_7363229_dermoscopic_mask.png,0.0662925925925926,valid,600x450,600x450
IL_7363364,IL_7363364,/marimo/milk10k/MILK10k_Training_Input/IL_7363364/ISIC_1597752.jpg,/marimo/milk10k_train_masks/IL_7363364_dermoscopic_mask.png,0.5313444444444444,valid,600x450,600x450
IL_7363444,IL_7363444,/marimo/milk10k/MILK10k_Training_Input/IL_7363444/ISIC_4662348.jpg,/marimo/milk10k_train_masks/IL_7363444_dermoscopic_mask.png,0.16721111111111112,valid,600x450,600x450
IL_7363602,IL_7363602,/marimo/milk10k/MILK10k_Training_Input/IL_7363602/ISIC_2282699.jpg,/marimo/milk10k_train_masks/IL_7363602_dermoscopic_mask.png,0.2734185185185185,valid,600x450,600x450
IL_7364791,IL_7364791,/marimo/milk10k/MILK10k_Training_Input/IL_7364791/ISIC_7760822.jpg,/marimo/milk10k_train_masks/IL_7364791_dermoscopic_mask.png,0.00602962962962963,too_small,600x450,600x450
IL_7366789,IL_7366789,/marimo/milk10k/MILK10k_Training_Input/IL_7366789/ISIC_5151650.jpg,/marimo/milk10k_train_masks/IL_7366789_dermoscopic_mask.png,0.38655925925925927,valid,600x450,600x450
IL_7367397,IL_7367397,/marimo/milk10k/MILK10k_Training_Input/IL_7367397/ISIC_1124994.jpg,/marimo/milk10k_train_masks/IL_7367397_dermoscopic_mask.png,0.6813777777777777,valid,600x450,600x450
IL_7368324,IL_7368324,/marimo/milk10k/MILK10k_Training_Input/IL_7368324/ISIC_8391328.jpg,/marimo/milk10k_train_masks/IL_7368324_dermoscopic_mask.png,0.5384185185185185,valid,600x450,600x450
IL_7369841,IL_7369841,/marimo/milk10k/MILK10k_Training_Input/IL_7369841/ISIC_7978498.jpg,/marimo/milk10k_train_masks/IL_7369841_dermoscopic_mask.png,0.4272814814814815,valid,600x450,600x450
IL_7372717,IL_7372717,/marimo/milk10k/MILK10k_Training_Input/IL_7372717/ISIC_8352723.jpg,/marimo/milk10k_train_masks/IL_7372717_dermoscopic_mask.png,0.40547037037037037,valid,600x450,600x450
IL_7373612,IL_7373612,/marimo/milk10k/MILK10k_Training_Input/IL_7373612/ISIC_5434141.jpg,/marimo/milk10k_train_masks/IL_7373612_dermoscopic_mask.png,0.15355925925925926,valid,600x450,600x450
IL_7376173,IL_7376173,/marimo/milk10k/MILK10k_Training_Input/IL_7376173/ISIC_7716315.jpg,/marimo/milk10k_train_masks/IL_7376173_dermoscopic_mask.png,0.2677962962962963,valid,600x450,600x450
IL_7376850,IL_7376850,/marimo/milk10k/MILK10k_Training_Input/IL_7376850/ISIC_6248808.jpg,/marimo/milk10k_train_masks/IL_7376850_dermoscopic_mask.png,0.2641777777777778,valid,600x450,600x450
IL_7377156,IL_7377156,/marimo/milk10k/MILK10k_Training_Input/IL_7377156/ISIC_4859968.jpg,/marimo/milk10k_train_masks/IL_7377156_dermoscopic_mask.png,0.19642222222222222,valid,600x450,600x450
IL_7382399,IL_7382399,/marimo/milk10k/MILK10k_Training_Input/IL_7382399/ISIC_8566440.jpg,/marimo/milk10k_train_masks/IL_7382399_dermoscopic_mask.png,0.31173703703703703,valid,600x450,600x450
IL_7385795,IL_7385795,/marimo/milk10k/MILK10k_Training_Input/IL_7385795/ISIC_8825637.jpg,/marimo/milk10k_train_masks/IL_7385795_dermoscopic_mask.png,0.44784074074074076,valid,600x450,600x450
IL_7385851,IL_7385851,/marimo/milk10k/MILK10k_Training_Input/IL_7385851/ISIC_7326842.jpg,/marimo/milk10k_train_masks/IL_7385851_dermoscopic_mask.png,0.3774296296296296,valid,600x450,600x450
IL_7387291,IL_7387291,/marimo/milk10k/MILK10k_Training_Input/IL_7387291/ISIC_5788717.jpg,/marimo/milk10k_train_masks/IL_7387291_dermoscopic_mask.png,0.6868444444444445,valid,600x450,600x450
IL_7389782,IL_7389782,/marimo/milk10k/MILK10k_Training_Input/IL_7389782/ISIC_4158219.jpg,/marimo/milk10k_train_masks/IL_7389782_dermoscopic_mask.png,0.15885185185185186,valid,600x450,600x450
IL_7390451,IL_7390451,/marimo/milk10k/MILK10k_Training_Input/IL_7390451/ISIC_7372306.jpg,/marimo/milk10k_train_masks/IL_7390451_dermoscopic_mask.png,0.48585925925925927,valid,600x450,600x450
IL_7394402,IL_7394402,/marimo/milk10k/MILK10k_Training_Input/IL_7394402/ISIC_6664237.jpg,/marimo/milk10k_train_masks/IL_7394402_dermoscopic_mask.png,0.058103703703703706,valid,600x450,600x450
IL_7397211,IL_7397211,/marimo/milk10k/MILK10k_Training_Input/IL_7397211/ISIC_8734016.jpg,/marimo/milk10k_train_masks/IL_7397211_dermoscopic_mask.png,0.05056666666666667,valid,600x450,600x450
IL_7397466,IL_7397466,/marimo/milk10k/MILK10k_Training_Input/IL_7397466/ISIC_9759173.jpg,/marimo/milk10k_train_masks/IL_7397466_dermoscopic_mask.png,0.2121925925925926,valid,600x450,600x450
IL_7397642,IL_7397642,/marimo/milk10k/MILK10k_Training_Input/IL_7397642/ISIC_7623387.jpg,/marimo/milk10k_train_masks/IL_7397642_dermoscopic_mask.png,0.28924814814814814,valid,600x450,600x450
IL_7398845,IL_7398845,/marimo/milk10k/MILK10k_Training_Input/IL_7398845/ISIC_6074880.jpg,/marimo/milk10k_train_masks/IL_7398845_dermoscopic_mask.png,0.27944814814814817,valid,600x450,600x450
IL_7400064,IL_7400064,/marimo/milk10k/MILK10k_Training_Input/IL_7400064/ISIC_5149324.jpg,/marimo/milk10k_train_masks/IL_7400064_dermoscopic_mask.png,0.4162074074074074,valid,600x450,600x450
IL_7402046,IL_7402046,/marimo/milk10k/MILK10k_Training_Input/IL_7402046/ISIC_2611469.jpg,/marimo/milk10k_train_masks/IL_7402046_dermoscopic_mask.png,0.10751851851851851,valid,600x450,600x450
IL_7402183,IL_7402183,/marimo/milk10k/MILK10k_Training_Input/IL_7402183/ISIC_4626097.jpg,/marimo/milk10k_train_masks/IL_7402183_dermoscopic_mask.png,0.2770148148148148,valid,600x450,600x450
IL_7402756,IL_7402756,/marimo/milk10k/MILK10k_Training_Input/IL_7402756/ISIC_5469285.jpg,/marimo/milk10k_train_masks/IL_7402756_dermoscopic_mask.png,0.28897407407407405,valid,600x450,600x450
IL_7402808,IL_7402808,/marimo/milk10k/MILK10k_Training_Input/IL_7402808/ISIC_4581953.jpg,/marimo/milk10k_train_masks/IL_7402808_dermoscopic_mask.png,0.419962962962963,valid,600x450,600x450
IL_7406040,IL_7406040,/marimo/milk10k/MILK10k_Training_Input/IL_7406040/ISIC_2578355.jpg,/marimo/milk10k_train_masks/IL_7406040_dermoscopic_mask.png,0.6305037037037037,valid,600x450,600x450
IL_7408764,IL_7408764,/marimo/milk10k/MILK10k_Training_Input/IL_7408764/ISIC_5996846.jpg,/marimo/milk10k_train_masks/IL_7408764_dermoscopic_mask.png,0.5160222222222223,valid,600x450,600x450
IL_7416189,IL_7416189,/marimo/milk10k/MILK10k_Training_Input/IL_7416189/ISIC_8854712.jpg,/marimo/milk10k_train_masks/IL_7416189_dermoscopic_mask.png,0.30434814814814815,valid,600x450,600x450
IL_7417538,IL_7417538,/marimo/milk10k/MILK10k_Training_Input/IL_7417538/ISIC_8285122.jpg,/marimo/milk10k_train_masks/IL_7417538_dermoscopic_mask.png,0.44154814814814813,valid,600x450,600x450
IL_7418665,IL_7418665,/marimo/milk10k/MILK10k_Training_Input/IL_7418665/ISIC_9736851.jpg,/marimo/milk10k_train_masks/IL_7418665_dermoscopic_mask.png,0.2597481481481482,valid,600x450,600x450
IL_7423062,IL_7423062,/marimo/milk10k/MILK10k_Training_Input/IL_7423062/ISIC_1234193.jpg,/marimo/milk10k_train_masks/IL_7423062_dermoscopic_mask.png,0.44565925925925925,valid,600x450,600x450
IL_7424810,IL_7424810,/marimo/milk10k/MILK10k_Training_Input/IL_7424810/ISIC_6559313.jpg,/marimo/milk10k_train_masks/IL_7424810_dermoscopic_mask.png,0.22394814814814815,valid,600x450,600x450
IL_7425145,IL_7425145,/marimo/milk10k/MILK10k_Training_Input/IL_7425145/ISIC_9460959.jpg,/marimo/milk10k_train_masks/IL_7425145_dermoscopic_mask.png,0.3149777777777778,valid,600x450,600x450
IL_7426204,IL_7426204,/marimo/milk10k/MILK10k_Training_Input/IL_7426204/ISIC_7734472.jpg,/marimo/milk10k_train_masks/IL_7426204_dermoscopic_mask.png,0.053562962962962965,valid,600x450,600x450
IL_7428104,IL_7428104,/marimo/milk10k/MILK10k_Training_Input/IL_7428104/ISIC_6488682.jpg,/marimo/milk10k_train_masks/IL_7428104_dermoscopic_mask.png,0.1902185185185185,valid,600x450,600x450
IL_7431688,IL_7431688,/marimo/milk10k/MILK10k_Training_Input/IL_7431688/ISIC_4075850.jpg,/marimo/milk10k_train_masks/IL_7431688_dermoscopic_mask.png,0.040903703703703706,valid,600x450,600x450
IL_7434637,IL_7434637,/marimo/milk10k/MILK10k_Training_Input/IL_7434637/ISIC_2613076.jpg,/marimo/milk10k_train_masks/IL_7434637_dermoscopic_mask.png,0.06334444444444444,valid,600x450,600x450
IL_7437076,IL_7437076,/marimo/milk10k/MILK10k_Training_Input/IL_7437076/ISIC_6241374.jpg,/marimo/milk10k_train_masks/IL_7437076_dermoscopic_mask.png,0.5321518518518519,valid,600x450,600x450
IL_7437846,IL_7437846,/marimo/milk10k/MILK10k_Training_Input/IL_7437846/ISIC_1446269.jpg,/marimo/milk10k_train_masks/IL_7437846_dermoscopic_mask.png,0.06268518518518519,valid,600x450,600x450
IL_7438148,IL_7438148,/marimo/milk10k/MILK10k_Training_Input/IL_7438148/ISIC_3302562.jpg,/marimo/milk10k_train_masks/IL_7438148_dermoscopic_mask.png,0.44381481481481483,valid,600x450,600x450
IL_7439441,IL_7439441,/marimo/milk10k/MILK10k_Training_Input/IL_7439441/ISIC_6953221.jpg,/marimo/milk10k_train_masks/IL_7439441_dermoscopic_mask.png,0.2618111111111111,valid,600x450,600x450
IL_7439967,IL_7439967,/marimo/milk10k/MILK10k_Training_Input/IL_7439967/ISIC_4232474.jpg,/marimo/milk10k_train_masks/IL_7439967_dermoscopic_mask.png,0.15548148148148147,valid,600x450,600x450
IL_7440371,IL_7440371,/marimo/milk10k/MILK10k_Training_Input/IL_7440371/ISIC_5879011.jpg,/marimo/milk10k_train_masks/IL_7440371_dermoscopic_mask.png,0.40004074074074075,valid,600x450,600x450
IL_7443254,IL_7443254,/marimo/milk10k/MILK10k_Training_Input/IL_7443254/ISIC_2770352.jpg,/marimo/milk10k_train_masks/IL_7443254_dermoscopic_mask.png,0.18423333333333333,valid,600x450,600x450
IL_7443834,IL_7443834,/marimo/milk10k/MILK10k_Training_Input/IL_7443834/ISIC_3483103.jpg,/marimo/milk10k_train_masks/IL_7443834_dermoscopic_mask.png,0.35526296296296295,valid,600x450,600x450
IL_7444227,IL_7444227,/marimo/milk10k/MILK10k_Training_Input/IL_7444227/ISIC_1764656.jpg,/marimo/milk10k_train_masks/IL_7444227_dermoscopic_mask.png,0.7859925925925926,valid,600x450,600x450
IL_7444377,IL_7444377,/marimo/milk10k/MILK10k_Training_Input/IL_7444377/ISIC_2490728.jpg,/marimo/milk10k_train_masks/IL_7444377_dermoscopic_mask.png,0.7585740740740741,valid,600x450,600x450
IL_7447582,IL_7447582,/marimo/milk10k/MILK10k_Training_Input/IL_7447582/ISIC_4353551.jpg,/marimo/milk10k_train_masks/IL_7447582_dermoscopic_mask.png,0.2780222222222222,valid,600x450,600x450
IL_7451238,IL_7451238,/marimo/milk10k/MILK10k_Training_Input/IL_7451238/ISIC_5897869.jpg,/marimo/milk10k_train_masks/IL_7451238_dermoscopic_mask.png,0.3846703703703704,valid,600x450,600x450
IL_7451964,IL_7451964,/marimo/milk10k/MILK10k_Training_Input/IL_7451964/ISIC_1094830.jpg,/marimo/milk10k_train_masks/IL_7451964_dermoscopic_mask.png,0.39762592592592594,valid,600x450,600x450
IL_7452533,IL_7452533,/marimo/milk10k/MILK10k_Training_Input/IL_7452533/ISIC_1818416.jpg,/marimo/milk10k_train_masks/IL_7452533_dermoscopic_mask.png,0.5736444444444444,valid,600x450,600x450
IL_7453995,IL_7453995,/marimo/milk10k/MILK10k_Training_Input/IL_7453995/ISIC_6760541.jpg,/marimo/milk10k_train_masks/IL_7453995_dermoscopic_mask.png,0.608162962962963,valid,600x450,600x450
IL_7459473,IL_7459473,/marimo/milk10k/MILK10k_Training_Input/IL_7459473/ISIC_3101169.jpg,/marimo/milk10k_train_masks/IL_7459473_dermoscopic_mask.png,0.3553037037037037,valid,600x450,600x450
IL_7462032,IL_7462032,/marimo/milk10k/MILK10k_Training_Input/IL_7462032/ISIC_4215075.jpg,/marimo/milk10k_train_masks/IL_7462032_dermoscopic_mask.png,0.7984444444444444,valid,600x450,600x450
IL_7464523,IL_7464523,/marimo/milk10k/MILK10k_Training_Input/IL_7464523/ISIC_1056095.jpg,/marimo/milk10k_train_masks/IL_7464523_dermoscopic_mask.png,0.36833333333333335,valid,600x450,600x450
IL_7464874,IL_7464874,/marimo/milk10k/MILK10k_Training_Input/IL_7464874/ISIC_8723086.jpg,/marimo/milk10k_train_masks/IL_7464874_dermoscopic_mask.png,0.22067407407407408,valid,600x450,600x450
IL_7465840,IL_7465840,/marimo/milk10k/MILK10k_Training_Input/IL_7465840/ISIC_1855151.jpg,/marimo/milk10k_train_masks/IL_7465840_dermoscopic_mask.png,0.20727777777777778,valid,600x450,600x450
IL_7466506,IL_7466506,/marimo/milk10k/MILK10k_Training_Input/IL_7466506/ISIC_5116668.jpg,/marimo/milk10k_train_masks/IL_7466506_dermoscopic_mask.png,0.11454444444444445,valid,600x450,600x450
IL_7469546,IL_7469546,/marimo/milk10k/MILK10k_Training_Input/IL_7469546/ISIC_4588970.jpg,/marimo/milk10k_train_masks/IL_7469546_dermoscopic_mask.png,0.41734074074074073,valid,600x450,600x450
IL_7471218,IL_7471218,/marimo/milk10k/MILK10k_Training_Input/IL_7471218/ISIC_8790887.jpg,/marimo/milk10k_train_masks/IL_7471218_dermoscopic_mask.png,0.13825925925925925,valid,600x450,600x450
IL_7471558,IL_7471558,/marimo/milk10k/MILK10k_Training_Input/IL_7471558/ISIC_1454751.jpg,/marimo/milk10k_train_masks/IL_7471558_dermoscopic_mask.png,0.1721,valid,600x450,600x450
IL_7474908,IL_7474908,/marimo/milk10k/MILK10k_Training_Input/IL_7474908/ISIC_5129863.jpg,/marimo/milk10k_train_masks/IL_7474908_dermoscopic_mask.png,0.2866888888888889,valid,600x450,600x450
IL_7478633,IL_7478633,/marimo/milk10k/MILK10k_Training_Input/IL_7478633/ISIC_0202283.jpg,/marimo/milk10k_train_masks/IL_7478633_dermoscopic_mask.png,0.3635407407407407,valid,600x450,600x450
IL_7478637,IL_7478637,/marimo/milk10k/MILK10k_Training_Input/IL_7478637/ISIC_1636355.jpg,/marimo/milk10k_train_masks/IL_7478637_dermoscopic_mask.png,0.4035814814814815,valid,600x450,600x450
IL_7480471,IL_7480471,/marimo/milk10k/MILK10k_Training_Input/IL_7480471/ISIC_3675883.jpg,/marimo/milk10k_train_masks/IL_7480471_dermoscopic_mask.png,0.17229259259259258,valid,600x450,600x450
IL_7481126,IL_7481126,/marimo/milk10k/MILK10k_Training_Input/IL_7481126/ISIC_0212251.jpg,/marimo/milk10k_train_masks/IL_7481126_dermoscopic_mask.png,0.705925925925926,valid,600x450,600x450
IL_7483628,IL_7483628,/marimo/milk10k/MILK10k_Training_Input/IL_7483628/ISIC_7292116.jpg,/marimo/milk10k_train_masks/IL_7483628_dermoscopic_mask.png,0.406637037037037,valid,600x450,600x450
IL_7484711,IL_7484711,/marimo/milk10k/MILK10k_Training_Input/IL_7484711/ISIC_7763661.jpg,/marimo/milk10k_train_masks/IL_7484711_dermoscopic_mask.png,0.4858851851851852,valid,600x450,600x450
IL_7487058,IL_7487058,/marimo/milk10k/MILK10k_Training_Input/IL_7487058/ISIC_1163815.jpg,/marimo/milk10k_train_masks/IL_7487058_dermoscopic_mask.png,0.5917037037037037,valid,600x450,600x450
IL_7488705,IL_7488705,/marimo/milk10k/MILK10k_Training_Input/IL_7488705/ISIC_2126637.jpg,/marimo/milk10k_train_masks/IL_7488705_dermoscopic_mask.png,0.18922962962962964,valid,600x450,600x450
IL_7490546,IL_7490546,/marimo/milk10k/MILK10k_Training_Input/IL_7490546/ISIC_0964556.jpg,/marimo/milk10k_train_masks/IL_7490546_dermoscopic_mask.png,0.4071111111111111,valid,600x450,600x450
IL_7494236,IL_7494236,/marimo/milk10k/MILK10k_Training_Input/IL_7494236/ISIC_5987390.jpg,/marimo/milk10k_train_masks/IL_7494236_dermoscopic_mask.png,0.23246666666666665,valid,600x450,600x450
IL_7496538,IL_7496538,/marimo/milk10k/MILK10k_Training_Input/IL_7496538/ISIC_5232516.jpg,/marimo/milk10k_train_masks/IL_7496538_dermoscopic_mask.png,0.15376666666666666,valid,600x450,600x450
IL_7502626,IL_7502626,/marimo/milk10k/MILK10k_Training_Input/IL_7502626/ISIC_4325688.jpg,/marimo/milk10k_train_masks/IL_7502626_dermoscopic_mask.png,0.6305814814814815,valid,600x450,600x450
IL_7502658,IL_7502658,/marimo/milk10k/MILK10k_Training_Input/IL_7502658/ISIC_1384590.jpg,/marimo/milk10k_train_masks/IL_7502658_dermoscopic_mask.png,0.17049259259259258,valid,600x450,600x450
IL_7503105,IL_7503105,/marimo/milk10k/MILK10k_Training_Input/IL_7503105/ISIC_2666138.jpg,/marimo/milk10k_train_masks/IL_7503105_dermoscopic_mask.png,0.3350296296296296,valid,600x450,600x450
IL_7504517,IL_7504517,/marimo/milk10k/MILK10k_Training_Input/IL_7504517/ISIC_0478881.jpg,/marimo/milk10k_train_masks/IL_7504517_dermoscopic_mask.png,0.3015925925925926,valid,600x450,600x450
IL_7508882,IL_7508882,/marimo/milk10k/MILK10k_Training_Input/IL_7508882/ISIC_5778552.jpg,/marimo/milk10k_train_masks/IL_7508882_dermoscopic_mask.png,0.08644814814814815,valid,600x450,600x450
IL_7509121,IL_7509121,/marimo/milk10k/MILK10k_Training_Input/IL_7509121/ISIC_3236056.jpg,/marimo/milk10k_train_masks/IL_7509121_dermoscopic_mask.png,0.3899185185185185,valid,600x450,600x450
IL_7510888,IL_7510888,/marimo/milk10k/MILK10k_Training_Input/IL_7510888/ISIC_3688805.jpg,/marimo/milk10k_train_masks/IL_7510888_dermoscopic_mask.png,0.47852222222222224,valid,600x450,600x450
IL_7511780,IL_7511780,/marimo/milk10k/MILK10k_Training_Input/IL_7511780/ISIC_8119167.jpg,/marimo/milk10k_train_masks/IL_7511780_dermoscopic_mask.png,0.35902222222222224,valid,600x450,600x450
IL_7514466,IL_7514466,/marimo/milk10k/MILK10k_Training_Input/IL_7514466/ISIC_1327315.jpg,/marimo/milk10k_train_masks/IL_7514466_dermoscopic_mask.png,0.29130370370370373,valid,600x450,600x450
IL_7518108,IL_7518108,/marimo/milk10k/MILK10k_Training_Input/IL_7518108/ISIC_9945680.jpg,/marimo/milk10k_train_masks/IL_7518108_dermoscopic_mask.png,0.5419518518518519,valid,600x450,600x450
IL_7520966,IL_7520966,/marimo/milk10k/MILK10k_Training_Input/IL_7520966/ISIC_9067523.jpg,/marimo/milk10k_train_masks/IL_7520966_dermoscopic_mask.png,0.19445185185185185,valid,600x450,600x450
IL_7523112,IL_7523112,/marimo/milk10k/MILK10k_Training_Input/IL_7523112/ISIC_3788989.jpg,/marimo/milk10k_train_masks/IL_7523112_dermoscopic_mask.png,0.4050925925925926,valid,600x450,600x450
IL_7523835,IL_7523835,/marimo/milk10k/MILK10k_Training_Input/IL_7523835/ISIC_2641644.jpg,/marimo/milk10k_train_masks/IL_7523835_dermoscopic_mask.png,0.38157407407407407,valid,600x450,600x450
IL_7525754,IL_7525754,/marimo/milk10k/MILK10k_Training_Input/IL_7525754/ISIC_9992648.jpg,/marimo/milk10k_train_masks/IL_7525754_dermoscopic_mask.png,0.2603,valid,600x450,600x450
IL_7527529,IL_7527529,/marimo/milk10k/MILK10k_Training_Input/IL_7527529/ISIC_8410820.jpg,/marimo/milk10k_train_masks/IL_7527529_dermoscopic_mask.png,0.19955925925925927,valid,600x450,600x450
IL_7528128,IL_7528128,/marimo/milk10k/MILK10k_Training_Input/IL_7528128/ISIC_6622403.jpg,/marimo/milk10k_train_masks/IL_7528128_dermoscopic_mask.png,0.21712592592592592,valid,600x450,600x450
IL_7528709,IL_7528709,/marimo/milk10k/MILK10k_Training_Input/IL_7528709/ISIC_1581919.jpg,/marimo/milk10k_train_masks/IL_7528709_dermoscopic_mask.png,0.2156,valid,600x450,600x450
IL_7532219,IL_7532219,/marimo/milk10k/MILK10k_Training_Input/IL_7532219/ISIC_9408905.jpg,/marimo/milk10k_train_masks/IL_7532219_dermoscopic_mask.png,0.3371777777777778,valid,600x450,600x450
IL_7532764,IL_7532764,/marimo/milk10k/MILK10k_Training_Input/IL_7532764/ISIC_4486341.jpg,/marimo/milk10k_train_masks/IL_7532764_dermoscopic_mask.png,0.1091074074074074,valid,600x450,600x450
IL_7533213,IL_7533213,/marimo/milk10k/MILK10k_Training_Input/IL_7533213/ISIC_3933736.jpg,/marimo/milk10k_train_masks/IL_7533213_dermoscopic_mask.png,0.4454111111111111,valid,600x450,600x450
IL_7534180,IL_7534180,/marimo/milk10k/MILK10k_Training_Input/IL_7534180/ISIC_2334810.jpg,/marimo/milk10k_train_masks/IL_7534180_dermoscopic_mask.png,0.2600703703703704,valid,600x450,600x450
IL_7534486,IL_7534486,/marimo/milk10k/MILK10k_Training_Input/IL_7534486/ISIC_4345415.jpg,/marimo/milk10k_train_masks/IL_7534486_dermoscopic_mask.png,0.33545185185185183,valid,600x450,600x450
IL_7535294,IL_7535294,/marimo/milk10k/MILK10k_Training_Input/IL_7535294/ISIC_7307945.jpg,/marimo/milk10k_train_masks/IL_7535294_dermoscopic_mask.png,0.0728037037037037,valid,600x450,600x450
IL_7537645,IL_7537645,/marimo/milk10k/MILK10k_Training_Input/IL_7537645/ISIC_3223440.jpg,/marimo/milk10k_train_masks/IL_7537645_dermoscopic_mask.png,0.34414074074074075,valid,600x450,600x450
IL_7539443,IL_7539443,/marimo/milk10k/MILK10k_Training_Input/IL_7539443/ISIC_4281048.jpg,/marimo/milk10k_train_masks/IL_7539443_dermoscopic_mask.png,0.1436074074074074,valid,600x450,600x450
IL_7540497,IL_7540497,/marimo/milk10k/MILK10k_Training_Input/IL_7540497/ISIC_8038497.jpg,/marimo/milk10k_train_masks/IL_7540497_dermoscopic_mask.png,0.29757407407407405,valid,600x450,600x450
IL_7549554,IL_7549554,/marimo/milk10k/MILK10k_Training_Input/IL_7549554/ISIC_2216126.jpg,/marimo/milk10k_train_masks/IL_7549554_dermoscopic_mask.png,0.20973703703703703,valid,600x450,600x450
IL_7550405,IL_7550405,/marimo/milk10k/MILK10k_Training_Input/IL_7550405/ISIC_0301368.jpg,/marimo/milk10k_train_masks/IL_7550405_dermoscopic_mask.png,0.5406222222222222,valid,600x450,600x450
IL_7550838,IL_7550838,/marimo/milk10k/MILK10k_Training_Input/IL_7550838/ISIC_0818540.jpg,/marimo/milk10k_train_masks/IL_7550838_dermoscopic_mask.png,0.12232222222222222,valid,600x450,600x450
IL_7552971,IL_7552971,/marimo/milk10k/MILK10k_Training_Input/IL_7552971/ISIC_0968530.jpg,/marimo/milk10k_train_masks/IL_7552971_dermoscopic_mask.png,0.3005111111111111,valid,600x450,600x450
IL_7553488,IL_7553488,/marimo/milk10k/MILK10k_Training_Input/IL_7553488/ISIC_4509108.jpg,/marimo/milk10k_train_masks/IL_7553488_dermoscopic_mask.png,0.36513703703703704,valid,600x450,600x450
IL_7555285,IL_7555285,/marimo/milk10k/MILK10k_Training_Input/IL_7555285/ISIC_3852630.jpg,/marimo/milk10k_train_masks/IL_7555285_dermoscopic_mask.png,0.36318518518518517,valid,600x450,600x450
IL_7560390,IL_7560390,/marimo/milk10k/MILK10k_Training_Input/IL_7560390/ISIC_4391368.jpg,/marimo/milk10k_train_masks/IL_7560390_dermoscopic_mask.png,0.4756925925925926,valid,600x450,600x450
IL_7564566,IL_7564566,/marimo/milk10k/MILK10k_Training_Input/IL_7564566/ISIC_4983893.jpg,/marimo/milk10k_train_masks/IL_7564566_dermoscopic_mask.png,0.46292962962962964,valid,600x450,600x450
IL_7565291,IL_7565291,/marimo/milk10k/MILK10k_Training_Input/IL_7565291/ISIC_1738383.jpg,/marimo/milk10k_train_masks/IL_7565291_dermoscopic_mask.png,0.23472592592592592,valid,600x450,600x450
IL_7566377,IL_7566377,/marimo/milk10k/MILK10k_Training_Input/IL_7566377/ISIC_8639708.jpg,/marimo/milk10k_train_masks/IL_7566377_dermoscopic_mask.png,0.4662222222222222,valid,600x450,600x450
IL_7570167,IL_7570167,/marimo/milk10k/MILK10k_Training_Input/IL_7570167/ISIC_2750525.jpg,/marimo/milk10k_train_masks/IL_7570167_dermoscopic_mask.png,0.2977814814814815,valid,600x450,600x450
IL_7570811,IL_7570811,/marimo/milk10k/MILK10k_Training_Input/IL_7570811/ISIC_3869200.jpg,/marimo/milk10k_train_masks/IL_7570811_dermoscopic_mask.png,0.07118148148148148,valid,600x450,600x450
IL_7571099,IL_7571099,/marimo/milk10k/MILK10k_Training_Input/IL_7571099/ISIC_0855454.jpg,/marimo/milk10k_train_masks/IL_7571099_dermoscopic_mask.png,0.31013703703703704,valid,600x450,600x450
IL_7571308,IL_7571308,/marimo/milk10k/MILK10k_Training_Input/IL_7571308/ISIC_6202224.jpg,/marimo/milk10k_train_masks/IL_7571308_dermoscopic_mask.png,0.23817407407407407,valid,600x450,600x450
IL_7573989,IL_7573989,/marimo/milk10k/MILK10k_Training_Input/IL_7573989/ISIC_6934396.jpg,/marimo/milk10k_train_masks/IL_7573989_dermoscopic_mask.png,0.18042962962962963,valid,600x450,600x450
IL_7577530,IL_7577530,/marimo/milk10k/MILK10k_Training_Input/IL_7577530/ISIC_1029957.jpg,/marimo/milk10k_train_masks/IL_7577530_dermoscopic_mask.png,0.41234074074074073,valid,600x450,600x450
IL_7581043,IL_7581043,/marimo/milk10k/MILK10k_Training_Input/IL_7581043/ISIC_0867368.jpg,/marimo/milk10k_train_masks/IL_7581043_dermoscopic_mask.png,0.05385185185185185,valid,600x450,600x450
IL_7582740,IL_7582740,/marimo/milk10k/MILK10k_Training_Input/IL_7582740/ISIC_9256618.jpg,/marimo/milk10k_train_masks/IL_7582740_dermoscopic_mask.png,0.060114814814814815,valid,600x450,600x450
IL_7591530,IL_7591530,/marimo/milk10k/MILK10k_Training_Input/IL_7591530/ISIC_5745809.jpg,/marimo/milk10k_train_masks/IL_7591530_dermoscopic_mask.png,0.18806666666666666,valid,600x450,600x450
IL_7594910,IL_7594910,/marimo/milk10k/MILK10k_Training_Input/IL_7594910/ISIC_1556864.jpg,/marimo/milk10k_train_masks/IL_7594910_dermoscopic_mask.png,0.2624444444444444,valid,600x450,600x450
IL_7595050,IL_7595050,/marimo/milk10k/MILK10k_Training_Input/IL_7595050/ISIC_9178763.jpg,/marimo/milk10k_train_masks/IL_7595050_dermoscopic_mask.png,0.20674444444444445,valid,600x450,600x450
IL_7601833,IL_7601833,/marimo/milk10k/MILK10k_Training_Input/IL_7601833/ISIC_6351671.jpg,/marimo/milk10k_train_masks/IL_7601833_dermoscopic_mask.png,0.5432444444444444,valid,600x450,600x450
IL_7602134,IL_7602134,/marimo/milk10k/MILK10k_Training_Input/IL_7602134/ISIC_5728378.jpg,/marimo/milk10k_train_masks/IL_7602134_dermoscopic_mask.png,0.38810370370370373,valid,600x450,600x450
IL_7602662,IL_7602662,/marimo/milk10k/MILK10k_Training_Input/IL_7602662/ISIC_3151108.jpg,/marimo/milk10k_train_masks/IL_7602662_dermoscopic_mask.png,0.34328148148148147,valid,600x450,600x450
IL_7604860,IL_7604860,/marimo/milk10k/MILK10k_Training_Input/IL_7604860/ISIC_2907125.jpg,/marimo/milk10k_train_masks/IL_7604860_dermoscopic_mask.png,0.2879,valid,600x450,600x450
IL_7610789,IL_7610789,/marimo/milk10k/MILK10k_Training_Input/IL_7610789/ISIC_4473773.jpg,/marimo/milk10k_train_masks/IL_7610789_dermoscopic_mask.png,0.2916185185185185,valid,600x450,600x450
IL_7611472,IL_7611472,/marimo/milk10k/MILK10k_Training_Input/IL_7611472/ISIC_9588487.jpg,/marimo/milk10k_train_masks/IL_7611472_dermoscopic_mask.png,0.32576666666666665,valid,600x450,600x450
IL_7613691,IL_7613691,/marimo/milk10k/MILK10k_Training_Input/IL_7613691/ISIC_1272616.jpg,/marimo/milk10k_train_masks/IL_7613691_dermoscopic_mask.png,0.5032740740740741,valid,600x450,600x450
IL_7616901,IL_7616901,/marimo/milk10k/MILK10k_Training_Input/IL_7616901/ISIC_1639468.jpg,/marimo/milk10k_train_masks/IL_7616901_dermoscopic_mask.png,0.4364296296296296,valid,600x450,600x450
IL_7617195,IL_7617195,/marimo/milk10k/MILK10k_Training_Input/IL_7617195/ISIC_1445820.jpg,/marimo/milk10k_train_masks/IL_7617195_dermoscopic_mask.png,0.7354962962962963,valid,600x450,600x450
IL_7619356,IL_7619356,/marimo/milk10k/MILK10k_Training_Input/IL_7619356/ISIC_3612044.jpg,/marimo/milk10k_train_masks/IL_7619356_dermoscopic_mask.png,0.09505555555555556,valid,600x450,600x450
IL_7619884,IL_7619884,/marimo/milk10k/MILK10k_Training_Input/IL_7619884/ISIC_5378143.jpg,/marimo/milk10k_train_masks/IL_7619884_dermoscopic_mask.png,0.23020370370370372,valid,600x450,600x450
IL_7620308,IL_7620308,/marimo/milk10k/MILK10k_Training_Input/IL_7620308/ISIC_8894147.jpg,/marimo/milk10k_train_masks/IL_7620308_dermoscopic_mask.png,0.2095962962962963,valid,600x450,600x450
IL_7621728,IL_7621728,/marimo/milk10k/MILK10k_Training_Input/IL_7621728/ISIC_7640631.jpg,/marimo/milk10k_train_masks/IL_7621728_dermoscopic_mask.png,0.42331111111111114,valid,600x450,600x450
IL_7625524,IL_7625524,/marimo/milk10k/MILK10k_Training_Input/IL_7625524/ISIC_2597603.jpg,/marimo/milk10k_train_masks/IL_7625524_dermoscopic_mask.png,0.23624814814814815,valid,600x450,600x450
IL_7627214,IL_7627214,/marimo/milk10k/MILK10k_Training_Input/IL_7627214/ISIC_5185179.jpg,/marimo/milk10k_train_masks/IL_7627214_dermoscopic_mask.png,0.30534814814814815,valid,600x450,600x450
IL_7627926,IL_7627926,/marimo/milk10k/MILK10k_Training_Input/IL_7627926/ISIC_7274523.jpg,/marimo/milk10k_train_masks/IL_7627926_dermoscopic_mask.png,0.5053333333333333,valid,600x450,600x450
IL_7628990,IL_7628990,/marimo/milk10k/MILK10k_Training_Input/IL_7628990/ISIC_8731413.jpg,/marimo/milk10k_train_masks/IL_7628990_dermoscopic_mask.png,0.5404888888888889,valid,600x450,600x450
IL_7629358,IL_7629358,/marimo/milk10k/MILK10k_Training_Input/IL_7629358/ISIC_7799008.jpg,/marimo/milk10k_train_masks/IL_7629358_dermoscopic_mask.png,0.48085925925925926,valid,600x450,600x450
IL_7631753,IL_7631753,/marimo/milk10k/MILK10k_Training_Input/IL_7631753/ISIC_1663532.jpg,/marimo/milk10k_train_masks/IL_7631753_dermoscopic_mask.png,0.3910518518518519,valid,600x450,600x450
IL_7633169,IL_7633169,/marimo/milk10k/MILK10k_Training_Input/IL_7633169/ISIC_2048164.jpg,/marimo/milk10k_train_masks/IL_7633169_dermoscopic_mask.png,0.5398037037037037,valid,600x450,600x450
IL_7635168,IL_7635168,/marimo/milk10k/MILK10k_Training_Input/IL_7635168/ISIC_0681143.jpg,/marimo/milk10k_train_masks/IL_7635168_dermoscopic_mask.png,0.24295185185185186,valid,600x450,600x450
IL_7635257,IL_7635257,/marimo/milk10k/MILK10k_Training_Input/IL_7635257/ISIC_6212007.jpg,/marimo/milk10k_train_masks/IL_7635257_dermoscopic_mask.png,0.746,valid,600x450,600x450
IL_7636266,IL_7636266,/marimo/milk10k/MILK10k_Training_Input/IL_7636266/ISIC_0696597.jpg,/marimo/milk10k_train_masks/IL_7636266_dermoscopic_mask.png,0.13090370370370372,valid,600x450,600x450
IL_7637408,IL_7637408,/marimo/milk10k/MILK10k_Training_Input/IL_7637408/ISIC_8334167.jpg,/marimo/milk10k_train_masks/IL_7637408_dermoscopic_mask.png,0.16693333333333332,valid,600x450,600x450
IL_7639088,IL_7639088,/marimo/milk10k/MILK10k_Training_Input/IL_7639088/ISIC_8025582.jpg,/marimo/milk10k_train_masks/IL_7639088_dermoscopic_mask.png,0.05905185185185185,valid,600x450,600x450
IL_7642375,IL_7642375,/marimo/milk10k/MILK10k_Training_Input/IL_7642375/ISIC_7646924.jpg,/marimo/milk10k_train_masks/IL_7642375_dermoscopic_mask.png,0.3538296296296296,valid,600x450,600x450
IL_7642470,IL_7642470,/marimo/milk10k/MILK10k_Training_Input/IL_7642470/ISIC_8372465.jpg,/marimo/milk10k_train_masks/IL_7642470_dermoscopic_mask.png,0.2639037037037037,valid,600x450,600x450
IL_7643316,IL_7643316,/marimo/milk10k/MILK10k_Training_Input/IL_7643316/ISIC_4254772.jpg,/marimo/milk10k_train_masks/IL_7643316_dermoscopic_mask.png,0.3775851851851852,valid,600x450,600x450
IL_7643911,IL_7643911,/marimo/milk10k/MILK10k_Training_Input/IL_7643911/ISIC_1653372.jpg,/marimo/milk10k_train_masks/IL_7643911_dermoscopic_mask.png,0.49987037037037035,valid,600x450,600x450
IL_7644986,IL_7644986,/marimo/milk10k/MILK10k_Training_Input/IL_7644986/ISIC_3032522.jpg,/marimo/milk10k_train_masks/IL_7644986_dermoscopic_mask.png,0.613437037037037,valid,600x450,600x450
IL_7647524,IL_7647524,/marimo/milk10k/MILK10k_Training_Input/IL_7647524/ISIC_9175575.jpg,/marimo/milk10k_train_masks/IL_7647524_dermoscopic_mask.png,0.18934074074074075,valid,600x450,600x450
IL_7648994,IL_7648994,/marimo/milk10k/MILK10k_Training_Input/IL_7648994/ISIC_8268192.jpg,/marimo/milk10k_train_masks/IL_7648994_dermoscopic_mask.png,0.1021,valid,600x450,600x450
IL_7649992,IL_7649992,/marimo/milk10k/MILK10k_Training_Input/IL_7649992/ISIC_6791466.jpg,/marimo/milk10k_train_masks/IL_7649992_dermoscopic_mask.png,0.10822592592592592,valid,600x450,600x450
IL_7650602,IL_7650602,/marimo/milk10k/MILK10k_Training_Input/IL_7650602/ISIC_3934885.jpg,/marimo/milk10k_train_masks/IL_7650602_dermoscopic_mask.png,0.29995185185185186,valid,600x450,600x450
IL_7652961,IL_7652961,/marimo/milk10k/MILK10k_Training_Input/IL_7652961/ISIC_3050521.jpg,/marimo/milk10k_train_masks/IL_7652961_dermoscopic_mask.png,0.18356296296296296,valid,600x450,600x450
IL_7653394,IL_7653394,/marimo/milk10k/MILK10k_Training_Input/IL_7653394/ISIC_4721060.jpg,/marimo/milk10k_train_masks/IL_7653394_dermoscopic_mask.png,0.4212037037037037,valid,600x450,600x450
IL_7653541,IL_7653541,/marimo/milk10k/MILK10k_Training_Input/IL_7653541/ISIC_5819591.jpg,/marimo/milk10k_train_masks/IL_7653541_dermoscopic_mask.png,0.10327407407407407,valid,600x450,600x450
IL_7653735,IL_7653735,/marimo/milk10k/MILK10k_Training_Input/IL_7653735/ISIC_1386264.jpg,/marimo/milk10k_train_masks/IL_7653735_dermoscopic_mask.png,0.3215,valid,600x450,600x450
IL_7657501,IL_7657501,/marimo/milk10k/MILK10k_Training_Input/IL_7657501/ISIC_1997951.jpg,/marimo/milk10k_train_masks/IL_7657501_dermoscopic_mask.png,0.08691851851851852,valid,600x450,600x450
IL_7657935,IL_7657935,/marimo/milk10k/MILK10k_Training_Input/IL_7657935/ISIC_1464557.jpg,/marimo/milk10k_train_masks/IL_7657935_dermoscopic_mask.png,0.25931481481481483,valid,600x450,600x450
IL_7660180,IL_7660180,/marimo/milk10k/MILK10k_Training_Input/IL_7660180/ISIC_7034620.jpg,/marimo/milk10k_train_masks/IL_7660180_dermoscopic_mask.png,0.14724814814814816,valid,600x450,600x450
IL_7660724,IL_7660724,/marimo/milk10k/MILK10k_Training_Input/IL_7660724/ISIC_3317755.jpg,/marimo/milk10k_train_masks/IL_7660724_dermoscopic_mask.png,0.15239259259259258,valid,600x450,600x450
IL_7663588,IL_7663588,/marimo/milk10k/MILK10k_Training_Input/IL_7663588/ISIC_9204844.jpg,/marimo/milk10k_train_masks/IL_7663588_dermoscopic_mask.png,0.10261481481481481,valid,600x450,600x450
IL_7667503,IL_7667503,/marimo/milk10k/MILK10k_Training_Input/IL_7667503/ISIC_6451701.jpg,/marimo/milk10k_train_masks/IL_7667503_dermoscopic_mask.png,0.1757,valid,600x450,600x450
IL_7669534,IL_7669534,/marimo/milk10k/MILK10k_Training_Input/IL_7669534/ISIC_5258143.jpg,/marimo/milk10k_train_masks/IL_7669534_dermoscopic_mask.png,0.06483703703703704,valid,600x450,600x450
IL_7671160,IL_7671160,/marimo/milk10k/MILK10k_Training_Input/IL_7671160/ISIC_3454940.jpg,/marimo/milk10k_train_masks/IL_7671160_dermoscopic_mask.png,0.5989037037037037,valid,600x450,600x450
IL_7672692,IL_7672692,/marimo/milk10k/MILK10k_Training_Input/IL_7672692/ISIC_3606192.jpg,/marimo/milk10k_train_masks/IL_7672692_dermoscopic_mask.png,0.1062037037037037,valid,600x450,600x450
IL_7675373,IL_7675373,/marimo/milk10k/MILK10k_Training_Input/IL_7675373/ISIC_1649554.jpg,/marimo/milk10k_train_masks/IL_7675373_dermoscopic_mask.png,0.43465925925925925,valid,600x450,600x450
IL_7678083,IL_7678083,/marimo/milk10k/MILK10k_Training_Input/IL_7678083/ISIC_3906512.jpg,/marimo/milk10k_train_masks/IL_7678083_dermoscopic_mask.png,0.17405185185185185,valid,600x450,600x450
IL_7680200,IL_7680200,/marimo/milk10k/MILK10k_Training_Input/IL_7680200/ISIC_4648640.jpg,/marimo/milk10k_train_masks/IL_7680200_dermoscopic_mask.png,0.3242037037037037,valid,600x450,600x450
IL_7682560,IL_7682560,/marimo/milk10k/MILK10k_Training_Input/IL_7682560/ISIC_9532049.jpg,/marimo/milk10k_train_masks/IL_7682560_dermoscopic_mask.png,0.3552,valid,600x450,600x450
IL_7685934,IL_7685934,/marimo/milk10k/MILK10k_Training_Input/IL_7685934/ISIC_6749742.jpg,/marimo/milk10k_train_masks/IL_7685934_dermoscopic_mask.png,0.626137037037037,valid,600x450,600x450
IL_7687091,IL_7687091,/marimo/milk10k/MILK10k_Training_Input/IL_7687091/ISIC_1558061.jpg,/marimo/milk10k_train_masks/IL_7687091_dermoscopic_mask.png,0.05438518518518518,valid,600x450,600x450
IL_7687935,IL_7687935,/marimo/milk10k/MILK10k_Training_Input/IL_7687935/ISIC_6141128.jpg,/marimo/milk10k_train_masks/IL_7687935_dermoscopic_mask.png,0.1726962962962963,valid,600x450,600x450
IL_7687991,IL_7687991,/marimo/milk10k/MILK10k_Training_Input/IL_7687991/ISIC_7242927.jpg,/marimo/milk10k_train_masks/IL_7687991_dermoscopic_mask.png,0.4207148148148148,valid,600x450,600x450
IL_7689829,IL_7689829,/marimo/milk10k/MILK10k_Training_Input/IL_7689829/ISIC_5923153.jpg,/marimo/milk10k_train_masks/IL_7689829_dermoscopic_mask.png,0.17182962962962964,valid,600x450,600x450
IL_7699811,IL_7699811,/marimo/milk10k/MILK10k_Training_Input/IL_7699811/ISIC_8032507.jpg,/marimo/milk10k_train_masks/IL_7699811_dermoscopic_mask.png,0.31052962962962966,valid,600x450,600x450
IL_7705011,IL_7705011,/marimo/milk10k/MILK10k_Training_Input/IL_7705011/ISIC_3392397.jpg,/marimo/milk10k_train_masks/IL_7705011_dermoscopic_mask.png,0.14525185185185185,valid,600x450,600x450
IL_7707991,IL_7707991,/marimo/milk10k/MILK10k_Training_Input/IL_7707991/ISIC_6908533.jpg,/marimo/milk10k_train_masks/IL_7707991_dermoscopic_mask.png,0.2510703703703704,valid,600x450,600x450
IL_7708257,IL_7708257,/marimo/milk10k/MILK10k_Training_Input/IL_7708257/ISIC_1344355.jpg,/marimo/milk10k_train_masks/IL_7708257_dermoscopic_mask.png,0.5212,valid,600x450,600x450
IL_7709098,IL_7709098,/marimo/milk10k/MILK10k_Training_Input/IL_7709098/ISIC_3518720.jpg,/marimo/milk10k_train_masks/IL_7709098_dermoscopic_mask.png,0.1980222222222222,valid,600x450,600x450
IL_7709757,IL_7709757,/marimo/milk10k/MILK10k_Training_Input/IL_7709757/ISIC_2533333.jpg,/marimo/milk10k_train_masks/IL_7709757_dermoscopic_mask.png,0.38452592592592594,valid,600x450,600x450
IL_7711358,IL_7711358,/marimo/milk10k/MILK10k_Training_Input/IL_7711358/ISIC_1814482.jpg,/marimo/milk10k_train_masks/IL_7711358_dermoscopic_mask.png,0.08417777777777778,valid,600x450,600x450
IL_7712318,IL_7712318,/marimo/milk10k/MILK10k_Training_Input/IL_7712318/ISIC_0811266.jpg,/marimo/milk10k_train_masks/IL_7712318_dermoscopic_mask.png,0.05581851851851852,valid,600x450,600x450
IL_7713182,IL_7713182,/marimo/milk10k/MILK10k_Training_Input/IL_7713182/ISIC_3322515.jpg,/marimo/milk10k_train_masks/IL_7713182_dermoscopic_mask.png,0.0355,valid,600x450,600x450
IL_7713888,IL_7713888,/marimo/milk10k/MILK10k_Training_Input/IL_7713888/ISIC_7646698.jpg,/marimo/milk10k_train_masks/IL_7713888_dermoscopic_mask.png,0.06325555555555555,valid,600x450,600x450
IL_7713960,IL_7713960,/marimo/milk10k/MILK10k_Training_Input/IL_7713960/ISIC_1564298.jpg,/marimo/milk10k_train_masks/IL_7713960_dermoscopic_mask.png,0.08156296296296296,valid,600x450,600x450
IL_7714849,IL_7714849,/marimo/milk10k/MILK10k_Training_Input/IL_7714849/ISIC_4851185.jpg,/marimo/milk10k_train_masks/IL_7714849_dermoscopic_mask.png,0.7671148148148148,valid,600x450,600x450
IL_7716473,IL_7716473,/marimo/milk10k/MILK10k_Training_Input/IL_7716473/ISIC_5350286.jpg,/marimo/milk10k_train_masks/IL_7716473_dermoscopic_mask.png,0.43955555555555553,valid,600x450,600x450
IL_7717192,IL_7717192,/marimo/milk10k/MILK10k_Training_Input/IL_7717192/ISIC_3122147.jpg,/marimo/milk10k_train_masks/IL_7717192_dermoscopic_mask.png,0.32511111111111113,valid,600x450,600x450
IL_7718572,IL_7718572,/marimo/milk10k/MILK10k_Training_Input/IL_7718572/ISIC_9710618.jpg,/marimo/milk10k_train_masks/IL_7718572_dermoscopic_mask.png,0.46804444444444443,valid,600x450,600x450
IL_7718928,IL_7718928,/marimo/milk10k/MILK10k_Training_Input/IL_7718928/ISIC_7006889.jpg,/marimo/milk10k_train_masks/IL_7718928_dermoscopic_mask.png,0.12866296296296295,valid,600x450,600x450
IL_7719252,IL_7719252,/marimo/milk10k/MILK10k_Training_Input/IL_7719252/ISIC_4988567.jpg,/marimo/milk10k_train_masks/IL_7719252_dermoscopic_mask.png,0.18531851851851852,valid,600x450,600x450
IL_7719893,IL_7719893,/marimo/milk10k/MILK10k_Training_Input/IL_7719893/ISIC_2567983.jpg,/marimo/milk10k_train_masks/IL_7719893_dermoscopic_mask.png,0.5193703703703704,valid,600x450,600x450
IL_7724286,IL_7724286,/marimo/milk10k/MILK10k_Training_Input/IL_7724286/ISIC_4191448.jpg,/marimo/milk10k_train_masks/IL_7724286_dermoscopic_mask.png,0.2995925925925926,valid,600x450,600x450
IL_7725832,IL_7725832,/marimo/milk10k/MILK10k_Training_Input/IL_7725832/ISIC_3836648.jpg,/marimo/milk10k_train_masks/IL_7725832_dermoscopic_mask.png,0.2490777777777778,valid,600x450,600x450
IL_7726867,IL_7726867,/marimo/milk10k/MILK10k_Training_Input/IL_7726867/ISIC_5909840.jpg,/marimo/milk10k_train_masks/IL_7726867_dermoscopic_mask.png,0.31465185185185185,valid,600x450,600x450
IL_7727406,IL_7727406,/marimo/milk10k/MILK10k_Training_Input/IL_7727406/ISIC_4345273.jpg,/marimo/milk10k_train_masks/IL_7727406_dermoscopic_mask.png,0.46817037037037035,valid,600x450,600x450
IL_7727420,IL_7727420,/marimo/milk10k/MILK10k_Training_Input/IL_7727420/ISIC_1066229.jpg,/marimo/milk10k_train_masks/IL_7727420_dermoscopic_mask.png,0.2719037037037037,valid,600x450,600x450
IL_7727942,IL_7727942,/marimo/milk10k/MILK10k_Training_Input/IL_7727942/ISIC_3741929.jpg,/marimo/milk10k_train_masks/IL_7727942_dermoscopic_mask.png,0.7599148148148148,valid,600x450,600x450
IL_7728246,IL_7728246,/marimo/milk10k/MILK10k_Training_Input/IL_7728246/ISIC_5197331.jpg,/marimo/milk10k_train_masks/IL_7728246_dermoscopic_mask.png,0.6432925925925926,valid,600x450,600x450
IL_7728515,IL_7728515,/marimo/milk10k/MILK10k_Training_Input/IL_7728515/ISIC_0450405.jpg,/marimo/milk10k_train_masks/IL_7728515_dermoscopic_mask.png,0.4984296296296296,valid,600x450,600x450
IL_7728761,IL_7728761,/marimo/milk10k/MILK10k_Training_Input/IL_7728761/ISIC_4167447.jpg,/marimo/milk10k_train_masks/IL_7728761_dermoscopic_mask.png,0.5448222222222222,valid,600x450,600x450
IL_7735449,IL_7735449,/marimo/milk10k/MILK10k_Training_Input/IL_7735449/ISIC_7702191.jpg,/marimo/milk10k_train_masks/IL_7735449_dermoscopic_mask.png,0.2511074074074074,valid,600x450,600x450
IL_7736241,IL_7736241,/marimo/milk10k/MILK10k_Training_Input/IL_7736241/ISIC_6462791.jpg,/marimo/milk10k_train_masks/IL_7736241_dermoscopic_mask.png,0.08041111111111111,valid,600x450,600x450
IL_7738842,IL_7738842,/marimo/milk10k/MILK10k_Training_Input/IL_7738842/ISIC_0124764.jpg,/marimo/milk10k_train_masks/IL_7738842_dermoscopic_mask.png,0.26187777777777776,valid,600x450,600x450
IL_7740320,IL_7740320,/marimo/milk10k/MILK10k_Training_Input/IL_7740320/ISIC_0569067.jpg,/marimo/milk10k_train_masks/IL_7740320_dermoscopic_mask.png,0.31608888888888886,valid,600x450,600x450
IL_7741201,IL_7741201,/marimo/milk10k/MILK10k_Training_Input/IL_7741201/ISIC_8159052.jpg,/marimo/milk10k_train_masks/IL_7741201_dermoscopic_mask.png,0.3742111111111111,valid,600x450,600x450
IL_7743352,IL_7743352,/marimo/milk10k/MILK10k_Training_Input/IL_7743352/ISIC_2501558.jpg,/marimo/milk10k_train_masks/IL_7743352_dermoscopic_mask.png,0.11872222222222223,valid,600x450,600x450
IL_7743393,IL_7743393,/marimo/milk10k/MILK10k_Training_Input/IL_7743393/ISIC_2156383.jpg,/marimo/milk10k_train_masks/IL_7743393_dermoscopic_mask.png,0.2520703703703704,valid,600x450,600x450
IL_7743686,IL_7743686,/marimo/milk10k/MILK10k_Training_Input/IL_7743686/ISIC_7101909.jpg,/marimo/milk10k_train_masks/IL_7743686_dermoscopic_mask.png,0.5978518518518519,valid,600x450,600x450
IL_7744787,IL_7744787,/marimo/milk10k/MILK10k_Training_Input/IL_7744787/ISIC_8488027.jpg,/marimo/milk10k_train_masks/IL_7744787_dermoscopic_mask.png,0.41655185185185184,valid,600x450,600x450
IL_7744889,IL_7744889,/marimo/milk10k/MILK10k_Training_Input/IL_7744889/ISIC_2973118.jpg,/marimo/milk10k_train_masks/IL_7744889_dermoscopic_mask.png,0.5961925925925926,valid,600x450,600x450
IL_7744965,IL_7744965,/marimo/milk10k/MILK10k_Training_Input/IL_7744965/ISIC_3427526.jpg,/marimo/milk10k_train_masks/IL_7744965_dermoscopic_mask.png,0.4614259259259259,valid,600x450,600x450
IL_7746701,IL_7746701,/marimo/milk10k/MILK10k_Training_Input/IL_7746701/ISIC_2683795.jpg,/marimo/milk10k_train_masks/IL_7746701_dermoscopic_mask.png,0.26868888888888887,valid,600x450,600x450
IL_7748792,IL_7748792,/marimo/milk10k/MILK10k_Training_Input/IL_7748792/ISIC_8040056.jpg,/marimo/milk10k_train_masks/IL_7748792_dermoscopic_mask.png,0.3612851851851852,valid,600x450,600x450
IL_7749269,IL_7749269,/marimo/milk10k/MILK10k_Training_Input/IL_7749269/ISIC_3392380.jpg,/marimo/milk10k_train_masks/IL_7749269_dermoscopic_mask.png,0.4610185185185185,valid,600x450,600x450
IL_7749635,IL_7749635,/marimo/milk10k/MILK10k_Training_Input/IL_7749635/ISIC_8738126.jpg,/marimo/milk10k_train_masks/IL_7749635_dermoscopic_mask.png,0.10388888888888889,valid,600x450,600x450
IL_7749709,IL_7749709,/marimo/milk10k/MILK10k_Training_Input/IL_7749709/ISIC_2608885.jpg,/marimo/milk10k_train_masks/IL_7749709_dermoscopic_mask.png,0.42632592592592594,valid,600x450,600x450
IL_7749892,IL_7749892,/marimo/milk10k/MILK10k_Training_Input/IL_7749892/ISIC_2866672.jpg,/marimo/milk10k_train_masks/IL_7749892_dermoscopic_mask.png,0.45444444444444443,valid,600x450,600x450
IL_7750546,IL_7750546,/marimo/milk10k/MILK10k_Training_Input/IL_7750546/ISIC_7704554.jpg,/marimo/milk10k_train_masks/IL_7750546_dermoscopic_mask.png,0.5245777777777778,valid,600x450,600x450
IL_7753719,IL_7753719,/marimo/milk10k/MILK10k_Training_Input/IL_7753719/ISIC_7458610.jpg,/marimo/milk10k_train_masks/IL_7753719_dermoscopic_mask.png,0.5044444444444445,valid,600x450,600x450
IL_7755452,IL_7755452,/marimo/milk10k/MILK10k_Training_Input/IL_7755452/ISIC_7236730.jpg,/marimo/milk10k_train_masks/IL_7755452_dermoscopic_mask.png,0.19498518518518518,valid,600x450,600x450
IL_7755497,IL_7755497,/marimo/milk10k/MILK10k_Training_Input/IL_7755497/ISIC_3636991.jpg,/marimo/milk10k_train_masks/IL_7755497_dermoscopic_mask.png,0.4650888888888889,valid,600x450,600x450
IL_7756506,IL_7756506,/marimo/milk10k/MILK10k_Training_Input/IL_7756506/ISIC_0454057.jpg,/marimo/milk10k_train_masks/IL_7756506_dermoscopic_mask.png,0.5052185185185185,valid,600x450,600x450
IL_7759035,IL_7759035,/marimo/milk10k/MILK10k_Training_Input/IL_7759035/ISIC_7003219.jpg,/marimo/milk10k_train_masks/IL_7759035_dermoscopic_mask.png,0.5010962962962963,valid,600x450,600x450
IL_7760064,IL_7760064,/marimo/milk10k/MILK10k_Training_Input/IL_7760064/ISIC_4534460.jpg,/marimo/milk10k_train_masks/IL_7760064_dermoscopic_mask.png,0.6964407407407407,valid,600x450,600x450
IL_7760285,IL_7760285,/marimo/milk10k/MILK10k_Training_Input/IL_7760285/ISIC_1346867.jpg,/marimo/milk10k_train_masks/IL_7760285_dermoscopic_mask.png,0.4335703703703704,valid,600x450,600x450
IL_7760454,IL_7760454,/marimo/milk10k/MILK10k_Training_Input/IL_7760454/ISIC_4656199.jpg,/marimo/milk10k_train_masks/IL_7760454_dermoscopic_mask.png,0.3314,valid,600x450,600x450
IL_7760506,IL_7760506,/marimo/milk10k/MILK10k_Training_Input/IL_7760506/ISIC_0738994.jpg,/marimo/milk10k_train_masks/IL_7760506_dermoscopic_mask.png,0.5257851851851851,valid,600x450,600x450
IL_7762998,IL_7762998,/marimo/milk10k/MILK10k_Training_Input/IL_7762998/ISIC_4849906.jpg,/marimo/milk10k_train_masks/IL_7762998_dermoscopic_mask.png,0.06732592592592593,valid,600x450,600x450
IL_7764430,IL_7764430,/marimo/milk10k/MILK10k_Training_Input/IL_7764430/ISIC_6993040.jpg,/marimo/milk10k_train_masks/IL_7764430_dermoscopic_mask.png,0.6680703703703704,valid,600x450,600x450
IL_7768823,IL_7768823,/marimo/milk10k/MILK10k_Training_Input/IL_7768823/ISIC_1513850.jpg,/marimo/milk10k_train_masks/IL_7768823_dermoscopic_mask.png,0.2702777777777778,valid,600x450,600x450
IL_7769100,IL_7769100,/marimo/milk10k/MILK10k_Training_Input/IL_7769100/ISIC_9721840.jpg,/marimo/milk10k_train_masks/IL_7769100_dermoscopic_mask.png,0.37686296296296296,valid,600x450,600x450
IL_7769284,IL_7769284,/marimo/milk10k/MILK10k_Training_Input/IL_7769284/ISIC_6738908.jpg,/marimo/milk10k_train_masks/IL_7769284_dermoscopic_mask.png,0.2993703703703704,valid,600x450,600x450
IL_7770574,IL_7770574,/marimo/milk10k/MILK10k_Training_Input/IL_7770574/ISIC_2996843.jpg,/marimo/milk10k_train_masks/IL_7770574_dermoscopic_mask.png,0.28157037037037036,valid,600x450,600x450
IL_7773272,IL_7773272,/marimo/milk10k/MILK10k_Training_Input/IL_7773272/ISIC_7749511.jpg,/marimo/milk10k_train_masks/IL_7773272_dermoscopic_mask.png,0.4062148148148148,valid,600x450,600x450
IL_7775733,IL_7775733,/marimo/milk10k/MILK10k_Training_Input/IL_7775733/ISIC_5386166.jpg,/marimo/milk10k_train_masks/IL_7775733_dermoscopic_mask.png,0.24096296296296296,valid,600x450,600x450
IL_7776023,IL_7776023,/marimo/milk10k/MILK10k_Training_Input/IL_7776023/ISIC_9314988.jpg,/marimo/milk10k_train_masks/IL_7776023_dermoscopic_mask.png,0.3355925925925926,valid,600x450,600x450
IL_7776622,IL_7776622,/marimo/milk10k/MILK10k_Training_Input/IL_7776622/ISIC_2240330.jpg,/marimo/milk10k_train_masks/IL_7776622_dermoscopic_mask.png,0.5905962962962963,valid,600x450,600x450
IL_7780651,IL_7780651,/marimo/milk10k/MILK10k_Training_Input/IL_7780651/ISIC_8291456.jpg,/marimo/milk10k_train_masks/IL_7780651_dermoscopic_mask.png,0.2712148148148148,valid,600x450,600x450
IL_7781007,IL_7781007,/marimo/milk10k/MILK10k_Training_Input/IL_7781007/ISIC_7396751.jpg,/marimo/milk10k_train_masks/IL_7781007_dermoscopic_mask.png,0.025040740740740742,valid,600x450,600x450
IL_7784987,IL_7784987,/marimo/milk10k/MILK10k_Training_Input/IL_7784987/ISIC_5863516.jpg,/marimo/milk10k_train_masks/IL_7784987_dermoscopic_mask.png,0.3403851851851852,valid,600x450,600x450
IL_7785689,IL_7785689,/marimo/milk10k/MILK10k_Training_Input/IL_7785689/ISIC_4626190.jpg,/marimo/milk10k_train_masks/IL_7785689_dermoscopic_mask.png,0.20155185185185184,valid,600x450,600x450
IL_7789479,IL_7789479,/marimo/milk10k/MILK10k_Training_Input/IL_7789479/ISIC_4482208.jpg,/marimo/milk10k_train_masks/IL_7789479_dermoscopic_mask.png,0.1611,valid,600x450,600x450
IL_7790192,IL_7790192,/marimo/milk10k/MILK10k_Training_Input/IL_7790192/ISIC_3547942.jpg,/marimo/milk10k_train_masks/IL_7790192_dermoscopic_mask.png,0.2019074074074074,valid,600x450,600x450
IL_7792502,IL_7792502,/marimo/milk10k/MILK10k_Training_Input/IL_7792502/ISIC_6168277.jpg,/marimo/milk10k_train_masks/IL_7792502_dermoscopic_mask.png,0.3501814814814815,valid,600x450,600x450
IL_7793730,IL_7793730,/marimo/milk10k/MILK10k_Training_Input/IL_7793730/ISIC_5135443.jpg,/marimo/milk10k_train_masks/IL_7793730_dermoscopic_mask.png,0.5454407407407408,valid,600x450,600x450
IL_7795758,IL_7795758,/marimo/milk10k/MILK10k_Training_Input/IL_7795758/ISIC_2048857.jpg,/marimo/milk10k_train_masks/IL_7795758_dermoscopic_mask.png,0.10162962962962963,valid,600x450,600x450
IL_7798447,IL_7798447,/marimo/milk10k/MILK10k_Training_Input/IL_7798447/ISIC_5795871.jpg,/marimo/milk10k_train_masks/IL_7798447_dermoscopic_mask.png,0.4921074074074074,valid,600x450,600x450
IL_7798468,IL_7798468,/marimo/milk10k/MILK10k_Training_Input/IL_7798468/ISIC_8731377.jpg,/marimo/milk10k_train_masks/IL_7798468_dermoscopic_mask.png,0.5385407407407408,valid,600x450,600x450
IL_7800799,IL_7800799,/marimo/milk10k/MILK10k_Training_Input/IL_7800799/ISIC_8710450.jpg,/marimo/milk10k_train_masks/IL_7800799_dermoscopic_mask.png,0.5658333333333333,valid,600x450,600x450
IL_7803371,IL_7803371,/marimo/milk10k/MILK10k_Training_Input/IL_7803371/ISIC_5584967.jpg,/marimo/milk10k_train_masks/IL_7803371_dermoscopic_mask.png,0.3629296296296296,valid,600x450,600x450
IL_7804656,IL_7804656,/marimo/milk10k/MILK10k_Training_Input/IL_7804656/ISIC_7000928.jpg,/marimo/milk10k_train_masks/IL_7804656_dermoscopic_mask.png,0.16527407407407407,valid,600x450,600x450
IL_7806060,IL_7806060,/marimo/milk10k/MILK10k_Training_Input/IL_7806060/ISIC_6176256.jpg,/marimo/milk10k_train_masks/IL_7806060_dermoscopic_mask.png,0.29096666666666665,valid,600x450,600x450
IL_7808577,IL_7808577,/marimo/milk10k/MILK10k_Training_Input/IL_7808577/ISIC_0460586.jpg,/marimo/milk10k_train_masks/IL_7808577_dermoscopic_mask.png,0.21993703703703704,valid,600x450,600x450
IL_7811339,IL_7811339,/marimo/milk10k/MILK10k_Training_Input/IL_7811339/ISIC_5000414.jpg,/marimo/milk10k_train_masks/IL_7811339_dermoscopic_mask.png,0.20638518518518517,valid,600x450,600x450
IL_7817244,IL_7817244,/marimo/milk10k/MILK10k_Training_Input/IL_7817244/ISIC_3277305.jpg,/marimo/milk10k_train_masks/IL_7817244_dermoscopic_mask.png,0.40475925925925926,valid,600x450,600x450
IL_7818452,IL_7818452,/marimo/milk10k/MILK10k_Training_Input/IL_7818452/ISIC_7701592.jpg,/marimo/milk10k_train_masks/IL_7818452_dermoscopic_mask.png,0.6202407407407408,valid,600x450,600x450
IL_7820661,IL_7820661,/marimo/milk10k/MILK10k_Training_Input/IL_7820661/ISIC_0184224.jpg,/marimo/milk10k_train_masks/IL_7820661_dermoscopic_mask.png,0.5650851851851851,valid,600x450,600x450
IL_7821260,IL_7821260,/marimo/milk10k/MILK10k_Training_Input/IL_7821260/ISIC_1156133.jpg,/marimo/milk10k_train_masks/IL_7821260_dermoscopic_mask.png,0.5887222222222223,valid,600x450,600x450
IL_7825634,IL_7825634,/marimo/milk10k/MILK10k_Training_Input/IL_7825634/ISIC_3673744.jpg,/marimo/milk10k_train_masks/IL_7825634_dermoscopic_mask.png,0.6040074074074074,valid,600x450,600x450
IL_7825676,IL_7825676,/marimo/milk10k/MILK10k_Training_Input/IL_7825676/ISIC_7381608.jpg,/marimo/milk10k_train_masks/IL_7825676_dermoscopic_mask.png,0.2295185185185185,valid,600x450,600x450
IL_7825697,IL_7825697,/marimo/milk10k/MILK10k_Training_Input/IL_7825697/ISIC_3396463.jpg,/marimo/milk10k_train_masks/IL_7825697_dermoscopic_mask.png,0.45915185185185187,valid,600x450,600x450
IL_7825787,IL_7825787,/marimo/milk10k/MILK10k_Training_Input/IL_7825787/ISIC_7072857.jpg,/marimo/milk10k_train_masks/IL_7825787_dermoscopic_mask.png,0.18302222222222223,valid,600x450,600x450
IL_7828194,IL_7828194,/marimo/milk10k/MILK10k_Training_Input/IL_7828194/ISIC_7939427.jpg,/marimo/milk10k_train_masks/IL_7828194_dermoscopic_mask.png,0.1977962962962963,valid,600x450,600x450
IL_7829784,IL_7829784,/marimo/milk10k/MILK10k_Training_Input/IL_7829784/ISIC_5792872.jpg,/marimo/milk10k_train_masks/IL_7829784_dermoscopic_mask.png,0.3012740740740741,valid,600x450,600x450
IL_7832293,IL_7832293,/marimo/milk10k/MILK10k_Training_Input/IL_7832293/ISIC_0378725.jpg,/marimo/milk10k_train_masks/IL_7832293_dermoscopic_mask.png,0.3022037037037037,valid,600x450,600x450
IL_7833782,IL_7833782,/marimo/milk10k/MILK10k_Training_Input/IL_7833782/ISIC_0772256.jpg,/marimo/milk10k_train_masks/IL_7833782_dermoscopic_mask.png,0.3101888888888889,valid,600x450,600x450
IL_7834176,IL_7834176,/marimo/milk10k/MILK10k_Training_Input/IL_7834176/ISIC_8843537.jpg,/marimo/milk10k_train_masks/IL_7834176_dermoscopic_mask.png,0.44754074074074074,valid,600x450,600x450
IL_7834539,IL_7834539,/marimo/milk10k/MILK10k_Training_Input/IL_7834539/ISIC_9669577.jpg,/marimo/milk10k_train_masks/IL_7834539_dermoscopic_mask.png,0.3709777777777778,valid,600x450,600x450
IL_7842588,IL_7842588,/marimo/milk10k/MILK10k_Training_Input/IL_7842588/ISIC_7629948.jpg,/marimo/milk10k_train_masks/IL_7842588_dermoscopic_mask.png,0.008692592592592592,too_small,600x450,600x450
IL_7845840,IL_7845840,/marimo/milk10k/MILK10k_Training_Input/IL_7845840/ISIC_4489686.jpg,/marimo/milk10k_train_masks/IL_7845840_dermoscopic_mask.png,0.07327407407407407,valid,600x450,600x450
IL_7853523,IL_7853523,/marimo/milk10k/MILK10k_Training_Input/IL_7853523/ISIC_0575130.jpg,/marimo/milk10k_train_masks/IL_7853523_dermoscopic_mask.png,0.5804962962962963,valid,600x450,600x450
IL_7855473,IL_7855473,/marimo/milk10k/MILK10k_Training_Input/IL_7855473/ISIC_4051514.jpg,/marimo/milk10k_train_masks/IL_7855473_dermoscopic_mask.png,0.2667777777777778,valid,600x450,600x450
IL_7857682,IL_7857682,/marimo/milk10k/MILK10k_Training_Input/IL_7857682/ISIC_7384530.jpg,/marimo/milk10k_train_masks/IL_7857682_dermoscopic_mask.png,0.25617407407407405,valid,600x450,600x450
IL_7859476,IL_7859476,/marimo/milk10k/MILK10k_Training_Input/IL_7859476/ISIC_9569670.jpg,/marimo/milk10k_train_masks/IL_7859476_dermoscopic_mask.png,0.1776851851851852,valid,600x450,600x450
IL_7864220,IL_7864220,/marimo/milk10k/MILK10k_Training_Input/IL_7864220/ISIC_0644098.jpg,/marimo/milk10k_train_masks/IL_7864220_dermoscopic_mask.png,0.4688703703703704,valid,600x450,600x450
IL_7865284,IL_7865284,/marimo/milk10k/MILK10k_Training_Input/IL_7865284/ISIC_4869343.jpg,/marimo/milk10k_train_masks/IL_7865284_dermoscopic_mask.png,0.2902962962962963,valid,600x450,600x450
IL_7867833,IL_7867833,/marimo/milk10k/MILK10k_Training_Input/IL_7867833/ISIC_9268987.jpg,/marimo/milk10k_train_masks/IL_7867833_dermoscopic_mask.png,0.27674074074074073,valid,600x450,600x450
IL_7869579,IL_7869579,/marimo/milk10k/MILK10k_Training_Input/IL_7869579/ISIC_3473807.jpg,/marimo/milk10k_train_masks/IL_7869579_dermoscopic_mask.png,0.5201777777777777,valid,600x450,600x450
IL_7871086,IL_7871086,/marimo/milk10k/MILK10k_Training_Input/IL_7871086/ISIC_3644082.jpg,/marimo/milk10k_train_masks/IL_7871086_dermoscopic_mask.png,0.16766666666666666,valid,600x450,600x450
IL_7871549,IL_7871549,/marimo/milk10k/MILK10k_Training_Input/IL_7871549/ISIC_0195374.jpg,/marimo/milk10k_train_masks/IL_7871549_dermoscopic_mask.png,0.4121592592592593,valid,600x450,600x450
IL_7871814,IL_7871814,/marimo/milk10k/MILK10k_Training_Input/IL_7871814/ISIC_4438725.jpg,/marimo/milk10k_train_masks/IL_7871814_dermoscopic_mask.png,0.1842962962962963,valid,600x450,600x450
IL_7884218,IL_7884218,/marimo/milk10k/MILK10k_Training_Input/IL_7884218/ISIC_6190757.jpg,/marimo/milk10k_train_masks/IL_7884218_dermoscopic_mask.png,0.3571111111111111,valid,600x450,600x450
IL_7884893,IL_7884893,/marimo/milk10k/MILK10k_Training_Input/IL_7884893/ISIC_8183159.jpg,/marimo/milk10k_train_masks/IL_7884893_dermoscopic_mask.png,0.33722962962962966,valid,600x450,600x450
IL_7885027,IL_7885027,/marimo/milk10k/MILK10k_Training_Input/IL_7885027/ISIC_6486784.jpg,/marimo/milk10k_train_masks/IL_7885027_dermoscopic_mask.png,0.18697407407407407,valid,600x450,600x450
IL_7885037,IL_7885037,/marimo/milk10k/MILK10k_Training_Input/IL_7885037/ISIC_8774868.jpg,/marimo/milk10k_train_masks/IL_7885037_dermoscopic_mask.png,0.33187777777777777,valid,600x450,600x450
IL_7885179,IL_7885179,/marimo/milk10k/MILK10k_Training_Input/IL_7885179/ISIC_1154162.jpg,/marimo/milk10k_train_masks/IL_7885179_dermoscopic_mask.png,0.5456777777777778,valid,600x450,600x450
IL_7894375,IL_7894375,/marimo/milk10k/MILK10k_Training_Input/IL_7894375/ISIC_8021500.jpg,/marimo/milk10k_train_masks/IL_7894375_dermoscopic_mask.png,0.18991481481481481,valid,600x450,600x450
IL_7894470,IL_7894470,/marimo/milk10k/MILK10k_Training_Input/IL_7894470/ISIC_3368991.jpg,/marimo/milk10k_train_masks/IL_7894470_dermoscopic_mask.png,0.8690962962962963,valid,600x450,600x450
IL_7894855,IL_7894855,/marimo/milk10k/MILK10k_Training_Input/IL_7894855/ISIC_2215472.jpg,/marimo/milk10k_train_masks/IL_7894855_dermoscopic_mask.png,0.7716888888888889,valid,600x450,600x450
IL_7896547,IL_7896547,/marimo/milk10k/MILK10k_Training_Input/IL_7896547/ISIC_7859130.jpg,/marimo/milk10k_train_masks/IL_7896547_dermoscopic_mask.png,0.25665185185185185,valid,600x450,600x450
IL_7898098,IL_7898098,/marimo/milk10k/MILK10k_Training_Input/IL_7898098/ISIC_6368798.jpg,/marimo/milk10k_train_masks/IL_7898098_dermoscopic_mask.png,0.3895074074074074,valid,600x450,600x450
IL_7900127,IL_7900127,/marimo/milk10k/MILK10k_Training_Input/IL_7900127/ISIC_9216609.jpg,/marimo/milk10k_train_masks/IL_7900127_dermoscopic_mask.png,0.051725925925925925,valid,600x450,600x450
IL_7908482,IL_7908482,/marimo/milk10k/MILK10k_Training_Input/IL_7908482/ISIC_5798737.jpg,/marimo/milk10k_train_masks/IL_7908482_dermoscopic_mask.png,0.5312037037037037,valid,600x450,600x450
IL_7910174,IL_7910174,/marimo/milk10k/MILK10k_Training_Input/IL_7910174/ISIC_9390065.jpg,/marimo/milk10k_train_masks/IL_7910174_dermoscopic_mask.png,0.534425925925926,valid,600x450,600x450
IL_7910339,IL_7910339,/marimo/milk10k/MILK10k_Training_Input/IL_7910339/ISIC_7936557.jpg,/marimo/milk10k_train_masks/IL_7910339_dermoscopic_mask.png,0.2675814814814815,valid,600x450,600x450
IL_7911942,IL_7911942,/marimo/milk10k/MILK10k_Training_Input/IL_7911942/ISIC_6013412.jpg,/marimo/milk10k_train_masks/IL_7911942_dermoscopic_mask.png,0.29695555555555553,valid,600x450,600x450
IL_7912330,IL_7912330,/marimo/milk10k/MILK10k_Training_Input/IL_7912330/ISIC_7241253.jpg,/marimo/milk10k_train_masks/IL_7912330_dermoscopic_mask.png,0.3794962962962963,valid,600x450,600x450
IL_7913171,IL_7913171,/marimo/milk10k/MILK10k_Training_Input/IL_7913171/ISIC_3877513.jpg,/marimo/milk10k_train_masks/IL_7913171_dermoscopic_mask.png,0.5694777777777777,valid,600x450,600x450
IL_7913818,IL_7913818,/marimo/milk10k/MILK10k_Training_Input/IL_7913818/ISIC_2601688.jpg,/marimo/milk10k_train_masks/IL_7913818_dermoscopic_mask.png,0.28642962962962965,valid,600x450,600x450
IL_7914458,IL_7914458,/marimo/milk10k/MILK10k_Training_Input/IL_7914458/ISIC_8776679.jpg,/marimo/milk10k_train_masks/IL_7914458_dermoscopic_mask.png,0.4464925925925926,valid,600x450,600x450
IL_7917334,IL_7917334,/marimo/milk10k/MILK10k_Training_Input/IL_7917334/ISIC_6383214.jpg,/marimo/milk10k_train_masks/IL_7917334_dermoscopic_mask.png,0.1988814814814815,valid,600x450,600x450
IL_7917895,IL_7917895,/marimo/milk10k/MILK10k_Training_Input/IL_7917895/ISIC_6545294.jpg,/marimo/milk10k_train_masks/IL_7917895_dermoscopic_mask.png,0.3004074074074074,valid,600x450,600x450
IL_7918230,IL_7918230,/marimo/milk10k/MILK10k_Training_Input/IL_7918230/ISIC_8082083.jpg,/marimo/milk10k_train_masks/IL_7918230_dermoscopic_mask.png,0.2135037037037037,valid,600x450,600x450
IL_7921375,IL_7921375,/marimo/milk10k/MILK10k_Training_Input/IL_7921375/ISIC_1130368.jpg,/marimo/milk10k_train_masks/IL_7921375_dermoscopic_mask.png,0.20112592592592593,valid,600x450,600x450
IL_7923672,IL_7923672,/marimo/milk10k/MILK10k_Training_Input/IL_7923672/ISIC_4349272.jpg,/marimo/milk10k_train_masks/IL_7923672_dermoscopic_mask.png,0.42991111111111113,valid,600x450,600x450
IL_7925495,IL_7925495,/marimo/milk10k/MILK10k_Training_Input/IL_7925495/ISIC_0330089.jpg,/marimo/milk10k_train_masks/IL_7925495_dermoscopic_mask.png,0.2288925925925926,valid,600x450,600x450
IL_7926291,IL_7926291,/marimo/milk10k/MILK10k_Training_Input/IL_7926291/ISIC_0858555.jpg,/marimo/milk10k_train_masks/IL_7926291_dermoscopic_mask.png,0.35611481481481483,valid,600x450,600x450
IL_7928790,IL_7928790,/marimo/milk10k/MILK10k_Training_Input/IL_7928790/ISIC_2731321.jpg,/marimo/milk10k_train_masks/IL_7928790_dermoscopic_mask.png,0.07594814814814815,valid,600x450,600x450
IL_7929294,IL_7929294,/marimo/milk10k/MILK10k_Training_Input/IL_7929294/ISIC_9129820.jpg,/marimo/milk10k_train_masks/IL_7929294_dermoscopic_mask.png,0.41145185185185185,valid,600x450,600x450
IL_7929942,IL_7929942,/marimo/milk10k/MILK10k_Training_Input/IL_7929942/ISIC_3412303.jpg,/marimo/milk10k_train_masks/IL_7929942_dermoscopic_mask.png,0.5641925925925926,valid,600x450,600x450
IL_7930944,IL_7930944,/marimo/milk10k/MILK10k_Training_Input/IL_7930944/ISIC_8981300.jpg,/marimo/milk10k_train_masks/IL_7930944_dermoscopic_mask.png,0.44124814814814817,valid,600x450,600x450
IL_7931283,IL_7931283,/marimo/milk10k/MILK10k_Training_Input/IL_7931283/ISIC_3360235.jpg,/marimo/milk10k_train_masks/IL_7931283_dermoscopic_mask.png,0.33515185185185187,valid,600x450,600x450
IL_7933617,IL_7933617,/marimo/milk10k/MILK10k_Training_Input/IL_7933617/ISIC_6662978.jpg,/marimo/milk10k_train_masks/IL_7933617_dermoscopic_mask.png,0.3118222222222222,valid,600x450,600x450
IL_7938649,IL_7938649,/marimo/milk10k/MILK10k_Training_Input/IL_7938649/ISIC_2380041.jpg,/marimo/milk10k_train_masks/IL_7938649_dermoscopic_mask.png,0.29902222222222224,valid,600x450,600x450
IL_7940585,IL_7940585,/marimo/milk10k/MILK10k_Training_Input/IL_7940585/ISIC_8766762.jpg,/marimo/milk10k_train_masks/IL_7940585_dermoscopic_mask.png,0.24373703703703703,valid,600x450,600x450
IL_7940673,IL_7940673,/marimo/milk10k/MILK10k_Training_Input/IL_7940673/ISIC_2926418.jpg,/marimo/milk10k_train_masks/IL_7940673_dermoscopic_mask.png,0.45927407407407406,valid,600x450,600x450
IL_7943219,IL_7943219,/marimo/milk10k/MILK10k_Training_Input/IL_7943219/ISIC_8356317.jpg,/marimo/milk10k_train_masks/IL_7943219_dermoscopic_mask.png,0.5324592592592593,valid,600x450,600x450
IL_7943940,IL_7943940,/marimo/milk10k/MILK10k_Training_Input/IL_7943940/ISIC_0979570.jpg,/marimo/milk10k_train_masks/IL_7943940_dermoscopic_mask.png,0.1284,valid,600x450,600x450
IL_7948272,IL_7948272,/marimo/milk10k/MILK10k_Training_Input/IL_7948272/ISIC_3501503.jpg,/marimo/milk10k_train_masks/IL_7948272_dermoscopic_mask.png,0.12848148148148147,valid,600x450,600x450
IL_7948300,IL_7948300,/marimo/milk10k/MILK10k_Training_Input/IL_7948300/ISIC_7953190.jpg,/marimo/milk10k_train_masks/IL_7948300_dermoscopic_mask.png,0.14273333333333332,valid,600x450,600x450
IL_7948883,IL_7948883,/marimo/milk10k/MILK10k_Training_Input/IL_7948883/ISIC_5933645.jpg,/marimo/milk10k_train_masks/IL_7948883_dermoscopic_mask.png,0.26304074074074074,valid,600x450,600x450
IL_7950923,IL_7950923,/marimo/milk10k/MILK10k_Training_Input/IL_7950923/ISIC_4827917.jpg,/marimo/milk10k_train_masks/IL_7950923_dermoscopic_mask.png,0.1421962962962963,valid,600x450,600x450
IL_7950940,IL_7950940,/marimo/milk10k/MILK10k_Training_Input/IL_7950940/ISIC_2231359.jpg,/marimo/milk10k_train_masks/IL_7950940_dermoscopic_mask.png,0.036977777777777776,valid,600x450,600x450
IL_7951071,IL_7951071,/marimo/milk10k/MILK10k_Training_Input/IL_7951071/ISIC_4985739.jpg,/marimo/milk10k_train_masks/IL_7951071_dermoscopic_mask.png,0.2947592592592593,valid,600x450,600x450
IL_7954262,IL_7954262,/marimo/milk10k/MILK10k_Training_Input/IL_7954262/ISIC_8154669.jpg,/marimo/milk10k_train_masks/IL_7954262_dermoscopic_mask.png,0.19255925925925926,valid,600x450,600x450
IL_7956522,IL_7956522,/marimo/milk10k/MILK10k_Training_Input/IL_7956522/ISIC_0242383.jpg,/marimo/milk10k_train_masks/IL_7956522_dermoscopic_mask.png,0.4590518518518519,valid,600x450,600x450
IL_7959059,IL_7959059,/marimo/milk10k/MILK10k_Training_Input/IL_7959059/ISIC_3917948.jpg,/marimo/milk10k_train_masks/IL_7959059_dermoscopic_mask.png,0.400362962962963,valid,600x450,600x450
IL_7961320,IL_7961320,/marimo/milk10k/MILK10k_Training_Input/IL_7961320/ISIC_3275406.jpg,/marimo/milk10k_train_masks/IL_7961320_dermoscopic_mask.png,0.16154074074074073,valid,600x450,600x450
IL_7964998,IL_7964998,/marimo/milk10k/MILK10k_Training_Input/IL_7964998/ISIC_3943135.jpg,/marimo/milk10k_train_masks/IL_7964998_dermoscopic_mask.png,0.10147407407407408,valid,600x450,600x450
IL_7965758,IL_7965758,/marimo/milk10k/MILK10k_Training_Input/IL_7965758/ISIC_3487034.jpg,/marimo/milk10k_train_masks/IL_7965758_dermoscopic_mask.png,0.35446666666666665,valid,600x450,600x450
IL_7970033,IL_7970033,/marimo/milk10k/MILK10k_Training_Input/IL_7970033/ISIC_1597659.jpg,/marimo/milk10k_train_masks/IL_7970033_dermoscopic_mask.png,0.15816666666666668,valid,600x450,600x450
IL_7971648,IL_7971648,/marimo/milk10k/MILK10k_Training_Input/IL_7971648/ISIC_4859866.jpg,/marimo/milk10k_train_masks/IL_7971648_dermoscopic_mask.png,0.19878518518518518,valid,600x450,600x450
IL_7972003,IL_7972003,/marimo/milk10k/MILK10k_Training_Input/IL_7972003/ISIC_9710909.jpg,/marimo/milk10k_train_masks/IL_7972003_dermoscopic_mask.png,0.3484481481481482,valid,600x450,600x450
IL_7972965,IL_7972965,/marimo/milk10k/MILK10k_Training_Input/IL_7972965/ISIC_6990978.jpg,/marimo/milk10k_train_masks/IL_7972965_dermoscopic_mask.png,0.2553259259259259,valid,600x450,600x450
IL_7974370,IL_7974370,/marimo/milk10k/MILK10k_Training_Input/IL_7974370/ISIC_4337693.jpg,/marimo/milk10k_train_masks/IL_7974370_dermoscopic_mask.png,0.6460851851851852,valid,600x450,600x450
IL_7974565,IL_7974565,/marimo/milk10k/MILK10k_Training_Input/IL_7974565/ISIC_2354975.jpg,/marimo/milk10k_train_masks/IL_7974565_dermoscopic_mask.png,0.12885555555555556,valid,600x450,600x450
IL_7974648,IL_7974648,/marimo/milk10k/MILK10k_Training_Input/IL_7974648/ISIC_6990939.jpg,/marimo/milk10k_train_masks/IL_7974648_dermoscopic_mask.png,0.14122592592592592,valid,600x450,600x450
IL_7975142,IL_7975142,/marimo/milk10k/MILK10k_Training_Input/IL_7975142/ISIC_6421085.jpg,/marimo/milk10k_train_masks/IL_7975142_dermoscopic_mask.png,0.37947037037037035,valid,600x450,600x450
IL_7975365,IL_7975365,/marimo/milk10k/MILK10k_Training_Input/IL_7975365/ISIC_3140203.jpg,/marimo/milk10k_train_masks/IL_7975365_dermoscopic_mask.png,0.46014074074074074,valid,600x450,600x450
IL_7976710,IL_7976710,/marimo/milk10k/MILK10k_Training_Input/IL_7976710/ISIC_8883053.jpg,/marimo/milk10k_train_masks/IL_7976710_dermoscopic_mask.png,0.10898518518518518,valid,600x450,600x450
IL_7976753,IL_7976753,/marimo/milk10k/MILK10k_Training_Input/IL_7976753/ISIC_0583712.jpg,/marimo/milk10k_train_masks/IL_7976753_dermoscopic_mask.png,0.44606666666666667,valid,600x450,600x450
IL_7977795,IL_7977795,/marimo/milk10k/MILK10k_Training_Input/IL_7977795/ISIC_1502836.jpg,/marimo/milk10k_train_masks/IL_7977795_dermoscopic_mask.png,0.19722222222222222,valid,600x450,600x450
IL_7980891,IL_7980891,/marimo/milk10k/MILK10k_Training_Input/IL_7980891/ISIC_2748624.jpg,/marimo/milk10k_train_masks/IL_7980891_dermoscopic_mask.png,0.5206592592592593,valid,600x450,600x450
IL_7982097,IL_7982097,/marimo/milk10k/MILK10k_Training_Input/IL_7982097/ISIC_2078396.jpg,/marimo/milk10k_train_masks/IL_7982097_dermoscopic_mask.png,0.15960740740740742,valid,600x450,600x450
IL_7983668,IL_7983668,/marimo/milk10k/MILK10k_Training_Input/IL_7983668/ISIC_3750512.jpg,/marimo/milk10k_train_masks/IL_7983668_dermoscopic_mask.png,0.47672592592592594,valid,600x450,600x450
IL_7985046,IL_7985046,/marimo/milk10k/MILK10k_Training_Input/IL_7985046/ISIC_1276558.jpg,/marimo/milk10k_train_masks/IL_7985046_dermoscopic_mask.png,0.2141222222222222,valid,600x450,600x450
IL_7987633,IL_7987633,/marimo/milk10k/MILK10k_Training_Input/IL_7987633/ISIC_3518967.jpg,/marimo/milk10k_train_masks/IL_7987633_dermoscopic_mask.png,0.1829074074074074,valid,600x450,600x450
IL_7991885,IL_7991885,/marimo/milk10k/MILK10k_Training_Input/IL_7991885/ISIC_0546402.jpg,/marimo/milk10k_train_masks/IL_7991885_dermoscopic_mask.png,0.43221481481481483,valid,600x450,600x450
IL_7995949,IL_7995949,/marimo/milk10k/MILK10k_Training_Input/IL_7995949/ISIC_3540482.jpg,/marimo/milk10k_train_masks/IL_7995949_dermoscopic_mask.png,0.13218148148148148,valid,600x450,600x450
IL_7996799,IL_7996799,/marimo/milk10k/MILK10k_Training_Input/IL_7996799/ISIC_2542134.jpg,/marimo/milk10k_train_masks/IL_7996799_dermoscopic_mask.png,0.5180259259259259,valid,600x450,600x450
IL_7998645,IL_7998645,/marimo/milk10k/MILK10k_Training_Input/IL_7998645/ISIC_8223761.jpg,/marimo/milk10k_train_masks/IL_7998645_dermoscopic_mask.png,0.3855,valid,600x450,600x450
IL_8001896,IL_8001896,/marimo/milk10k/MILK10k_Training_Input/IL_8001896/ISIC_1242474.jpg,/marimo/milk10k_train_masks/IL_8001896_dermoscopic_mask.png,0.058214814814814816,valid,600x450,600x450
IL_8003176,IL_8003176,/marimo/milk10k/MILK10k_Training_Input/IL_8003176/ISIC_5399167.jpg,/marimo/milk10k_train_masks/IL_8003176_dermoscopic_mask.png,0.4830962962962963,valid,600x450,600x450
IL_8007348,IL_8007348,/marimo/milk10k/MILK10k_Training_Input/IL_8007348/ISIC_3762115.jpg,/marimo/milk10k_train_masks/IL_8007348_dermoscopic_mask.png,0.1920925925925926,valid,600x450,600x450
IL_8010976,IL_8010976,/marimo/milk10k/MILK10k_Training_Input/IL_8010976/ISIC_7409855.jpg,/marimo/milk10k_train_masks/IL_8010976_dermoscopic_mask.png,0.46111851851851854,valid,600x450,600x450
IL_8012177,IL_8012177,/marimo/milk10k/MILK10k_Training_Input/IL_8012177/ISIC_1010567.jpg,/marimo/milk10k_train_masks/IL_8012177_dermoscopic_mask.png,0.24754444444444446,valid,600x450,600x450
IL_8012977,IL_8012977,/marimo/milk10k/MILK10k_Training_Input/IL_8012977/ISIC_1136498.jpg,/marimo/milk10k_train_masks/IL_8012977_dermoscopic_mask.png,0.11635555555555556,valid,600x450,600x450
IL_8019185,IL_8019185,/marimo/milk10k/MILK10k_Training_Input/IL_8019185/ISIC_3187803.jpg,/marimo/milk10k_train_masks/IL_8019185_dermoscopic_mask.png,0.44402592592592594,valid,600x450,600x450
IL_8022084,IL_8022084,/marimo/milk10k/MILK10k_Training_Input/IL_8022084/ISIC_8356432.jpg,/marimo/milk10k_train_masks/IL_8022084_dermoscopic_mask.png,0.20272962962962962,valid,600x450,600x450
IL_8022344,IL_8022344,/marimo/milk10k/MILK10k_Training_Input/IL_8022344/ISIC_2735653.jpg,/marimo/milk10k_train_masks/IL_8022344_dermoscopic_mask.png,0.3612222222222222,valid,600x450,600x450
IL_8022515,IL_8022515,/marimo/milk10k/MILK10k_Training_Input/IL_8022515/ISIC_5362779.jpg,/marimo/milk10k_train_masks/IL_8022515_dermoscopic_mask.png,0.3045148148148148,valid,600x450,600x450
IL_8026752,IL_8026752,/marimo/milk10k/MILK10k_Training_Input/IL_8026752/ISIC_8314749.jpg,/marimo/milk10k_train_masks/IL_8026752_dermoscopic_mask.png,0.2566333333333333,valid,600x450,600x450
IL_8028208,IL_8028208,/marimo/milk10k/MILK10k_Training_Input/IL_8028208/ISIC_3011551.jpg,/marimo/milk10k_train_masks/IL_8028208_dermoscopic_mask.png,0.43848148148148147,valid,600x450,600x450
IL_8031669,IL_8031669,/marimo/milk10k/MILK10k_Training_Input/IL_8031669/ISIC_1239264.jpg,/marimo/milk10k_train_masks/IL_8031669_dermoscopic_mask.png,0.298337037037037,valid,600x450,600x450
IL_8037743,IL_8037743,/marimo/milk10k/MILK10k_Training_Input/IL_8037743/ISIC_7560933.jpg,/marimo/milk10k_train_masks/IL_8037743_dermoscopic_mask.png,0.26012962962962966,valid,600x450,600x450
IL_8038373,IL_8038373,/marimo/milk10k/MILK10k_Training_Input/IL_8038373/ISIC_6290458.jpg,/marimo/milk10k_train_masks/IL_8038373_dermoscopic_mask.png,0.36192592592592593,valid,600x450,600x450
IL_8038657,IL_8038657,/marimo/milk10k/MILK10k_Training_Input/IL_8038657/ISIC_1019384.jpg,/marimo/milk10k_train_masks/IL_8038657_dermoscopic_mask.png,0.46664074074074074,valid,600x450,600x450
IL_8039087,IL_8039087,/marimo/milk10k/MILK10k_Training_Input/IL_8039087/ISIC_7023633.jpg,/marimo/milk10k_train_masks/IL_8039087_dermoscopic_mask.png,0.36511481481481484,valid,600x450,600x450
IL_8040999,IL_8040999,/marimo/milk10k/MILK10k_Training_Input/IL_8040999/ISIC_6551749.jpg,/marimo/milk10k_train_masks/IL_8040999_dermoscopic_mask.png,0.5541037037037037,valid,600x450,600x450
IL_8041079,IL_8041079,/marimo/milk10k/MILK10k_Training_Input/IL_8041079/ISIC_2701902.jpg,/marimo/milk10k_train_masks/IL_8041079_dermoscopic_mask.png,0.534962962962963,valid,600x450,600x450
IL_8045895,IL_8045895,/marimo/milk10k/MILK10k_Training_Input/IL_8045895/ISIC_0703618.jpg,/marimo/milk10k_train_masks/IL_8045895_dermoscopic_mask.png,0.3247185185185185,valid,600x450,600x450
IL_8050386,IL_8050386,/marimo/milk10k/MILK10k_Training_Input/IL_8050386/ISIC_4252005.jpg,/marimo/milk10k_train_masks/IL_8050386_dermoscopic_mask.png,0.2052074074074074,valid,600x450,600x450
IL_8050939,IL_8050939,/marimo/milk10k/MILK10k_Training_Input/IL_8050939/ISIC_6287939.jpg,/marimo/milk10k_train_masks/IL_8050939_dermoscopic_mask.png,0.15184444444444445,valid,600x450,600x450
IL_8053107,IL_8053107,/marimo/milk10k/MILK10k_Training_Input/IL_8053107/ISIC_1420953.jpg,/marimo/milk10k_train_masks/IL_8053107_dermoscopic_mask.png,0.5306,valid,600x450,600x450
IL_8053912,IL_8053912,/marimo/milk10k/MILK10k_Training_Input/IL_8053912/ISIC_4357940.jpg,/marimo/milk10k_train_masks/IL_8053912_dermoscopic_mask.png,0.3724037037037037,valid,600x450,600x450
IL_8057179,IL_8057179,/marimo/milk10k/MILK10k_Training_Input/IL_8057179/ISIC_5451038.jpg,/marimo/milk10k_train_masks/IL_8057179_dermoscopic_mask.png,0.2158037037037037,valid,600x450,600x450
IL_8057950,IL_8057950,/marimo/milk10k/MILK10k_Training_Input/IL_8057950/ISIC_7776586.jpg,/marimo/milk10k_train_masks/IL_8057950_dermoscopic_mask.png,0.7330592592592593,valid,600x450,600x450
IL_8058486,IL_8058486,/marimo/milk10k/MILK10k_Training_Input/IL_8058486/ISIC_4980196.jpg,/marimo/milk10k_train_masks/IL_8058486_dermoscopic_mask.png,0.32115185185185186,valid,600x450,600x450
IL_8058935,IL_8058935,/marimo/milk10k/MILK10k_Training_Input/IL_8058935/ISIC_4315425.jpg,/marimo/milk10k_train_masks/IL_8058935_dermoscopic_mask.png,0.1645111111111111,valid,600x450,600x450
IL_8060725,IL_8060725,/marimo/milk10k/MILK10k_Training_Input/IL_8060725/ISIC_6241508.jpg,/marimo/milk10k_train_masks/IL_8060725_dermoscopic_mask.png,0.3169925925925926,valid,600x450,600x450
IL_8063074,IL_8063074,/marimo/milk10k/MILK10k_Training_Input/IL_8063074/ISIC_1482636.jpg,/marimo/milk10k_train_masks/IL_8063074_dermoscopic_mask.png,0.3152740740740741,valid,600x450,600x450
IL_8066484,IL_8066484,/marimo/milk10k/MILK10k_Training_Input/IL_8066484/ISIC_1716731.jpg,/marimo/milk10k_train_masks/IL_8066484_dermoscopic_mask.png,0.2644740740740741,valid,600x450,600x450
IL_8066973,IL_8066973,/marimo/milk10k/MILK10k_Training_Input/IL_8066973/ISIC_9132204.jpg,/marimo/milk10k_train_masks/IL_8066973_dermoscopic_mask.png,0.07207037037037037,valid,600x450,600x450
IL_8067499,IL_8067499,/marimo/milk10k/MILK10k_Training_Input/IL_8067499/ISIC_4901933.jpg,/marimo/milk10k_train_masks/IL_8067499_dermoscopic_mask.png,0.2292,valid,600x450,600x450
IL_8073547,IL_8073547,/marimo/milk10k/MILK10k_Training_Input/IL_8073547/ISIC_2655730.jpg,/marimo/milk10k_train_masks/IL_8073547_dermoscopic_mask.png,0.5729888888888889,valid,600x450,600x450
IL_8074133,IL_8074133,/marimo/milk10k/MILK10k_Training_Input/IL_8074133/ISIC_5634823.jpg,/marimo/milk10k_train_masks/IL_8074133_dermoscopic_mask.png,0.26108148148148147,valid,600x450,600x450
IL_8075238,IL_8075238,/marimo/milk10k/MILK10k_Training_Input/IL_8075238/ISIC_1085608.jpg,/marimo/milk10k_train_masks/IL_8075238_dermoscopic_mask.png,0.4402888888888889,valid,600x450,600x450
IL_8077047,IL_8077047,/marimo/milk10k/MILK10k_Training_Input/IL_8077047/ISIC_9491707.jpg,/marimo/milk10k_train_masks/IL_8077047_dermoscopic_mask.png,0.5178,valid,600x450,600x450
IL_8079402,IL_8079402,/marimo/milk10k/MILK10k_Training_Input/IL_8079402/ISIC_9599992.jpg,/marimo/milk10k_train_masks/IL_8079402_dermoscopic_mask.png,0.32732222222222224,valid,600x450,600x450
IL_8083531,IL_8083531,/marimo/milk10k/MILK10k_Training_Input/IL_8083531/ISIC_3628532.jpg,/marimo/milk10k_train_masks/IL_8083531_dermoscopic_mask.png,0.17201851851851852,valid,600x450,600x450
IL_8089688,IL_8089688,/marimo/milk10k/MILK10k_Training_Input/IL_8089688/ISIC_0076255.jpg,/marimo/milk10k_train_masks/IL_8089688_dermoscopic_mask.png,0.06349259259259259,valid,600x450,600x450
IL_8091560,IL_8091560,/marimo/milk10k/MILK10k_Training_Input/IL_8091560/ISIC_8367084.jpg,/marimo/milk10k_train_masks/IL_8091560_dermoscopic_mask.png,0.26692962962962963,valid,600x450,600x450
IL_8093153,IL_8093153,/marimo/milk10k/MILK10k_Training_Input/IL_8093153/ISIC_1305247.jpg,/marimo/milk10k_train_masks/IL_8093153_dermoscopic_mask.png,0.19883333333333333,valid,600x450,600x450
IL_8095126,IL_8095126,/marimo/milk10k/MILK10k_Training_Input/IL_8095126/ISIC_6634769.jpg,/marimo/milk10k_train_masks/IL_8095126_dermoscopic_mask.png,0.3355074074074074,valid,600x450,600x450
IL_8098270,IL_8098270,/marimo/milk10k/MILK10k_Training_Input/IL_8098270/ISIC_6775663.jpg,/marimo/milk10k_train_masks/IL_8098270_dermoscopic_mask.png,0.17474444444444445,valid,600x450,600x450
IL_8099275,IL_8099275,/marimo/milk10k/MILK10k_Training_Input/IL_8099275/ISIC_0165198.jpg,/marimo/milk10k_train_masks/IL_8099275_dermoscopic_mask.png,0.2935814814814815,valid,600x450,600x450
IL_8102879,IL_8102879,/marimo/milk10k/MILK10k_Training_Input/IL_8102879/ISIC_3434316.jpg,/marimo/milk10k_train_masks/IL_8102879_dermoscopic_mask.png,0.3307888888888889,valid,600x450,600x450
IL_8106703,IL_8106703,/marimo/milk10k/MILK10k_Training_Input/IL_8106703/ISIC_6833525.jpg,/marimo/milk10k_train_masks/IL_8106703_dermoscopic_mask.png,0.4257888888888889,valid,600x450,600x450
IL_8107077,IL_8107077,/marimo/milk10k/MILK10k_Training_Input/IL_8107077/ISIC_9365663.jpg,/marimo/milk10k_train_masks/IL_8107077_dermoscopic_mask.png,0.3224,valid,600x450,600x450
IL_8108938,IL_8108938,/marimo/milk10k/MILK10k_Training_Input/IL_8108938/ISIC_7351010.jpg,/marimo/milk10k_train_masks/IL_8108938_dermoscopic_mask.png,0.3049037037037037,valid,600x450,600x450
IL_8109861,IL_8109861,/marimo/milk10k/MILK10k_Training_Input/IL_8109861/ISIC_7480455.jpg,/marimo/milk10k_train_masks/IL_8109861_dermoscopic_mask.png,0.4303888888888889,valid,600x450,600x450
IL_8110471,IL_8110471,/marimo/milk10k/MILK10k_Training_Input/IL_8110471/ISIC_4247695.jpg,/marimo/milk10k_train_masks/IL_8110471_dermoscopic_mask.png,0.5192185185185185,valid,600x450,600x450
IL_8111694,IL_8111694,/marimo/milk10k/MILK10k_Training_Input/IL_8111694/ISIC_9206516.jpg,/marimo/milk10k_train_masks/IL_8111694_dermoscopic_mask.png,0.4447259259259259,valid,600x450,600x450
IL_8113008,IL_8113008,/marimo/milk10k/MILK10k_Training_Input/IL_8113008/ISIC_0474474.jpg,/marimo/milk10k_train_masks/IL_8113008_dermoscopic_mask.png,0.26253333333333334,valid,600x450,600x450
IL_8114949,IL_8114949,/marimo/milk10k/MILK10k_Training_Input/IL_8114949/ISIC_7334939.jpg,/marimo/milk10k_train_masks/IL_8114949_dermoscopic_mask.png,0.2855185185185185,valid,600x450,600x450
IL_8115579,IL_8115579,/marimo/milk10k/MILK10k_Training_Input/IL_8115579/ISIC_4225650.jpg,/marimo/milk10k_train_masks/IL_8115579_dermoscopic_mask.png,0.18246666666666667,valid,600x450,600x450
IL_8116058,IL_8116058,/marimo/milk10k/MILK10k_Training_Input/IL_8116058/ISIC_4194168.jpg,/marimo/milk10k_train_masks/IL_8116058_dermoscopic_mask.png,0.4185333333333333,valid,600x450,600x450
IL_8118311,IL_8118311,/marimo/milk10k/MILK10k_Training_Input/IL_8118311/ISIC_0376931.jpg,/marimo/milk10k_train_masks/IL_8118311_dermoscopic_mask.png,0.033074074074074075,valid,600x450,600x450
IL_8122429,IL_8122429,/marimo/milk10k/MILK10k_Training_Input/IL_8122429/ISIC_3464724.jpg,/marimo/milk10k_train_masks/IL_8122429_dermoscopic_mask.png,0.16932222222222224,valid,600x450,600x450
IL_8124178,IL_8124178,/marimo/milk10k/MILK10k_Training_Input/IL_8124178/ISIC_5380715.jpg,/marimo/milk10k_train_masks/IL_8124178_dermoscopic_mask.png,0.12186296296296296,valid,600x450,600x450
IL_8124925,IL_8124925,/marimo/milk10k/MILK10k_Training_Input/IL_8124925/ISIC_9483103.jpg,/marimo/milk10k_train_masks/IL_8124925_dermoscopic_mask.png,0.2721037037037037,valid,600x450,600x450
IL_8126491,IL_8126491,/marimo/milk10k/MILK10k_Training_Input/IL_8126491/ISIC_4566874.jpg,/marimo/milk10k_train_masks/IL_8126491_dermoscopic_mask.png,0.24123703703703703,valid,600x450,600x450
IL_8129688,IL_8129688,/marimo/milk10k/MILK10k_Training_Input/IL_8129688/ISIC_4347789.jpg,/marimo/milk10k_train_masks/IL_8129688_dermoscopic_mask.png,0.42841111111111113,valid,600x450,600x450
IL_8142013,IL_8142013,/marimo/milk10k/MILK10k_Training_Input/IL_8142013/ISIC_7917060.jpg,/marimo/milk10k_train_masks/IL_8142013_dermoscopic_mask.png,0.19202962962962963,valid,600x450,600x450
IL_8142572,IL_8142572,/marimo/milk10k/MILK10k_Training_Input/IL_8142572/ISIC_5294377.jpg,/marimo/milk10k_train_masks/IL_8142572_dermoscopic_mask.png,0.29538148148148147,valid,600x450,600x450
IL_8145813,IL_8145813,/marimo/milk10k/MILK10k_Training_Input/IL_8145813/ISIC_4956012.jpg,/marimo/milk10k_train_masks/IL_8145813_dermoscopic_mask.png,0.09271851851851852,valid,600x450,600x450
IL_8147513,IL_8147513,/marimo/milk10k/MILK10k_Training_Input/IL_8147513/ISIC_5754710.jpg,/marimo/milk10k_train_masks/IL_8147513_dermoscopic_mask.png,0.10546296296296297,valid,600x450,600x450
IL_8148828,IL_8148828,/marimo/milk10k/MILK10k_Training_Input/IL_8148828/ISIC_4485409.jpg,/marimo/milk10k_train_masks/IL_8148828_dermoscopic_mask.png,0.4502851851851852,valid,600x450,600x450
IL_8151298,IL_8151298,/marimo/milk10k/MILK10k_Training_Input/IL_8151298/ISIC_4325605.jpg,/marimo/milk10k_train_masks/IL_8151298_dermoscopic_mask.png,0.29113333333333336,valid,600x450,600x450
IL_8154017,IL_8154017,/marimo/milk10k/MILK10k_Training_Input/IL_8154017/ISIC_1901457.jpg,/marimo/milk10k_train_masks/IL_8154017_dermoscopic_mask.png,0.16845185185185185,valid,600x450,600x450
IL_8154885,IL_8154885,/marimo/milk10k/MILK10k_Training_Input/IL_8154885/ISIC_4554471.jpg,/marimo/milk10k_train_masks/IL_8154885_dermoscopic_mask.png,0.1736,valid,600x450,600x450
IL_8157640,IL_8157640,/marimo/milk10k/MILK10k_Training_Input/IL_8157640/ISIC_3147082.jpg,/marimo/milk10k_train_masks/IL_8157640_dermoscopic_mask.png,0.6009333333333333,valid,600x450,600x450
IL_8158343,IL_8158343,/marimo/milk10k/MILK10k_Training_Input/IL_8158343/ISIC_6690222.jpg,/marimo/milk10k_train_masks/IL_8158343_dermoscopic_mask.png,0.4190074074074074,valid,600x450,600x450
IL_8158489,IL_8158489,/marimo/milk10k/MILK10k_Training_Input/IL_8158489/ISIC_2399021.jpg,/marimo/milk10k_train_masks/IL_8158489_dermoscopic_mask.png,0.15397407407407407,valid,600x450,600x450
IL_8160690,IL_8160690,/marimo/milk10k/MILK10k_Training_Input/IL_8160690/ISIC_6038731.jpg,/marimo/milk10k_train_masks/IL_8160690_dermoscopic_mask.png,0.03220740740740741,valid,600x450,600x450
IL_8160773,IL_8160773,/marimo/milk10k/MILK10k_Training_Input/IL_8160773/ISIC_5381632.jpg,/marimo/milk10k_train_masks/IL_8160773_dermoscopic_mask.png,0.17554814814814815,valid,600x450,600x450
IL_8162391,IL_8162391,/marimo/milk10k/MILK10k_Training_Input/IL_8162391/ISIC_2718301.jpg,/marimo/milk10k_train_masks/IL_8162391_dermoscopic_mask.png,0.22871851851851852,valid,600x450,600x450
IL_8165717,IL_8165717,/marimo/milk10k/MILK10k_Training_Input/IL_8165717/ISIC_3685267.jpg,/marimo/milk10k_train_masks/IL_8165717_dermoscopic_mask.png,0.07995185185185186,valid,600x450,600x450
IL_8166826,IL_8166826,/marimo/milk10k/MILK10k_Training_Input/IL_8166826/ISIC_0416055.jpg,/marimo/milk10k_train_masks/IL_8166826_dermoscopic_mask.png,0.532,valid,600x450,600x450
IL_8168935,IL_8168935,/marimo/milk10k/MILK10k_Training_Input/IL_8168935/ISIC_7901805.jpg,/marimo/milk10k_train_masks/IL_8168935_dermoscopic_mask.png,0.34491481481481484,valid,600x450,600x450
IL_8169516,IL_8169516,/marimo/milk10k/MILK10k_Training_Input/IL_8169516/ISIC_9276884.jpg,/marimo/milk10k_train_masks/IL_8169516_dermoscopic_mask.png,0.11934444444444445,valid,600x450,600x450
IL_8170554,IL_8170554,/marimo/milk10k/MILK10k_Training_Input/IL_8170554/ISIC_4527478.jpg,/marimo/milk10k_train_masks/IL_8170554_dermoscopic_mask.png,0.2552814814814815,valid,600x450,600x450
IL_8171092,IL_8171092,/marimo/milk10k/MILK10k_Training_Input/IL_8171092/ISIC_7116818.jpg,/marimo/milk10k_train_masks/IL_8171092_dermoscopic_mask.png,0.36085185185185187,valid,600x450,600x450
IL_8173383,IL_8173383,/marimo/milk10k/MILK10k_Training_Input/IL_8173383/ISIC_6689453.jpg,/marimo/milk10k_train_masks/IL_8173383_dermoscopic_mask.png,0.31354814814814813,valid,600x450,600x450
IL_8173942,IL_8173942,/marimo/milk10k/MILK10k_Training_Input/IL_8173942/ISIC_9890480.jpg,/marimo/milk10k_train_masks/IL_8173942_dermoscopic_mask.png,0.09045555555555555,valid,600x450,600x450
IL_8175900,IL_8175900,/marimo/milk10k/MILK10k_Training_Input/IL_8175900/ISIC_1212608.jpg,/marimo/milk10k_train_masks/IL_8175900_dermoscopic_mask.png,0.18367777777777777,valid,600x450,600x450
IL_8177538,IL_8177538,/marimo/milk10k/MILK10k_Training_Input/IL_8177538/ISIC_2027374.jpg,/marimo/milk10k_train_masks/IL_8177538_dermoscopic_mask.png,0.20803333333333332,valid,600x450,600x450
IL_8179486,IL_8179486,/marimo/milk10k/MILK10k_Training_Input/IL_8179486/ISIC_9501224.jpg,/marimo/milk10k_train_masks/IL_8179486_dermoscopic_mask.png,0.29133333333333333,valid,600x450,600x450
IL_8185801,IL_8185801,/marimo/milk10k/MILK10k_Training_Input/IL_8185801/ISIC_7375960.jpg,/marimo/milk10k_train_masks/IL_8185801_dermoscopic_mask.png,0.6960592592592593,valid,600x450,600x450
IL_8186190,IL_8186190,/marimo/milk10k/MILK10k_Training_Input/IL_8186190/ISIC_4093606.jpg,/marimo/milk10k_train_masks/IL_8186190_dermoscopic_mask.png,0.22944814814814815,valid,600x450,600x450
IL_8187329,IL_8187329,/marimo/milk10k/MILK10k_Training_Input/IL_8187329/ISIC_7826908.jpg,/marimo/milk10k_train_masks/IL_8187329_dermoscopic_mask.png,0.5250111111111111,valid,600x450,600x450
IL_8188380,IL_8188380,/marimo/milk10k/MILK10k_Training_Input/IL_8188380/ISIC_1816917.jpg,/marimo/milk10k_train_masks/IL_8188380_dermoscopic_mask.png,0.033607407407407405,valid,600x450,600x450
IL_8190930,IL_8190930,/marimo/milk10k/MILK10k_Training_Input/IL_8190930/ISIC_7819126.jpg,/marimo/milk10k_train_masks/IL_8190930_dermoscopic_mask.png,0.10968518518518519,valid,600x450,600x450
IL_8193410,IL_8193410,/marimo/milk10k/MILK10k_Training_Input/IL_8193410/ISIC_5483293.jpg,/marimo/milk10k_train_masks/IL_8193410_dermoscopic_mask.png,0.15866666666666668,valid,600x450,600x450
IL_8193590,IL_8193590,/marimo/milk10k/MILK10k_Training_Input/IL_8193590/ISIC_3396860.jpg,/marimo/milk10k_train_masks/IL_8193590_dermoscopic_mask.png,0.4662296296296296,valid,600x450,600x450
IL_8193835,IL_8193835,/marimo/milk10k/MILK10k_Training_Input/IL_8193835/ISIC_0921779.jpg,/marimo/milk10k_train_masks/IL_8193835_dermoscopic_mask.png,0.39656296296296295,valid,600x450,600x450
IL_8194145,IL_8194145,/marimo/milk10k/MILK10k_Training_Input/IL_8194145/ISIC_9541448.jpg,/marimo/milk10k_train_masks/IL_8194145_dermoscopic_mask.png,0.3063851851851852,valid,600x450,600x450
IL_8194852,IL_8194852,/marimo/milk10k/MILK10k_Training_Input/IL_8194852/ISIC_2161394.jpg,/marimo/milk10k_train_masks/IL_8194852_dermoscopic_mask.png,0.6305407407407407,valid,600x450,600x450
IL_8200270,IL_8200270,/marimo/milk10k/MILK10k_Training_Input/IL_8200270/ISIC_3570541.jpg,/marimo/milk10k_train_masks/IL_8200270_dermoscopic_mask.png,0.2938074074074074,valid,600x450,600x450
IL_8200378,IL_8200378,/marimo/milk10k/MILK10k_Training_Input/IL_8200378/ISIC_0381744.jpg,/marimo/milk10k_train_masks/IL_8200378_dermoscopic_mask.png,0.35224444444444447,valid,600x450,600x450
IL_8204669,IL_8204669,/marimo/milk10k/MILK10k_Training_Input/IL_8204669/ISIC_0414164.jpg,/marimo/milk10k_train_masks/IL_8204669_dermoscopic_mask.png,0.4928740740740741,valid,600x450,600x450
IL_8205824,IL_8205824,/marimo/milk10k/MILK10k_Training_Input/IL_8205824/ISIC_5785135.jpg,/marimo/milk10k_train_masks/IL_8205824_dermoscopic_mask.png,0.4865888888888889,valid,600x450,600x450
IL_8208194,IL_8208194,/marimo/milk10k/MILK10k_Training_Input/IL_8208194/ISIC_8863147.jpg,/marimo/milk10k_train_masks/IL_8208194_dermoscopic_mask.png,0.2936185185185185,valid,600x450,600x450
IL_8209280,IL_8209280,/marimo/milk10k/MILK10k_Training_Input/IL_8209280/ISIC_3705057.jpg,/marimo/milk10k_train_masks/IL_8209280_dermoscopic_mask.png,0.2849777777777778,valid,600x450,600x450
IL_8211957,IL_8211957,/marimo/milk10k/MILK10k_Training_Input/IL_8211957/ISIC_4605939.jpg,/marimo/milk10k_train_masks/IL_8211957_dermoscopic_mask.png,0.39094444444444443,valid,600x450,600x450
IL_8212367,IL_8212367,/marimo/milk10k/MILK10k_Training_Input/IL_8212367/ISIC_1884126.jpg,/marimo/milk10k_train_masks/IL_8212367_dermoscopic_mask.png,0.545962962962963,valid,600x450,600x450
IL_8212938,IL_8212938,/marimo/milk10k/MILK10k_Training_Input/IL_8212938/ISIC_1121645.jpg,/marimo/milk10k_train_masks/IL_8212938_dermoscopic_mask.png,0.3143148148148148,valid,600x450,600x450
IL_8219054,IL_8219054,/marimo/milk10k/MILK10k_Training_Input/IL_8219054/ISIC_7943627.jpg,/marimo/milk10k_train_masks/IL_8219054_dermoscopic_mask.png,0.014703703703703703,valid,600x450,600x450
IL_8224521,IL_8224521,/marimo/milk10k/MILK10k_Training_Input/IL_8224521/ISIC_3265655.jpg,/marimo/milk10k_train_masks/IL_8224521_dermoscopic_mask.png,0.16416666666666666,valid,600x450,600x450
IL_8225766,IL_8225766,/marimo/milk10k/MILK10k_Training_Input/IL_8225766/ISIC_6940478.jpg,/marimo/milk10k_train_masks/IL_8225766_dermoscopic_mask.png,0.1727962962962963,valid,600x450,600x450
IL_8225974,IL_8225974,/marimo/milk10k/MILK10k_Training_Input/IL_8225974/ISIC_8793565.jpg,/marimo/milk10k_train_masks/IL_8225974_dermoscopic_mask.png,0.15297037037037037,valid,600x450,600x450
IL_8229395,IL_8229395,/marimo/milk10k/MILK10k_Training_Input/IL_8229395/ISIC_7643593.jpg,/marimo/milk10k_train_masks/IL_8229395_dermoscopic_mask.png,0.362237037037037,valid,600x450,600x450
IL_8229749,IL_8229749,/marimo/milk10k/MILK10k_Training_Input/IL_8229749/ISIC_6538645.jpg,/marimo/milk10k_train_masks/IL_8229749_dermoscopic_mask.png,0.24813703703703704,valid,600x450,600x450
IL_8231920,IL_8231920,/marimo/milk10k/MILK10k_Training_Input/IL_8231920/ISIC_1693712.jpg,/marimo/milk10k_train_masks/IL_8231920_dermoscopic_mask.png,0.1927851851851852,valid,600x450,600x450
IL_8233032,IL_8233032,/marimo/milk10k/MILK10k_Training_Input/IL_8233032/ISIC_0528832.jpg,/marimo/milk10k_train_masks/IL_8233032_dermoscopic_mask.png,0.5279,valid,600x450,600x450
IL_8240105,IL_8240105,/marimo/milk10k/MILK10k_Training_Input/IL_8240105/ISIC_7902747.jpg,/marimo/milk10k_train_masks/IL_8240105_dermoscopic_mask.png,0.48902222222222225,valid,600x450,600x450
IL_8240829,IL_8240829,/marimo/milk10k/MILK10k_Training_Input/IL_8240829/ISIC_3211851.jpg,/marimo/milk10k_train_masks/IL_8240829_dermoscopic_mask.png,0.2705851851851852,valid,600x450,600x450
IL_8244033,IL_8244033,/marimo/milk10k/MILK10k_Training_Input/IL_8244033/ISIC_2120971.jpg,/marimo/milk10k_train_masks/IL_8244033_dermoscopic_mask.png,0.0,too_small,600x450,600x450
IL_8244074,IL_8244074,/marimo/milk10k/MILK10k_Training_Input/IL_8244074/ISIC_6114177.jpg,/marimo/milk10k_train_masks/IL_8244074_dermoscopic_mask.png,0.292462962962963,valid,600x450,600x450
IL_8247508,IL_8247508,/marimo/milk10k/MILK10k_Training_Input/IL_8247508/ISIC_4924775.jpg,/marimo/milk10k_train_masks/IL_8247508_dermoscopic_mask.png,0.02304074074074074,valid,600x450,600x450
IL_8247723,IL_8247723,/marimo/milk10k/MILK10k_Training_Input/IL_8247723/ISIC_0846856.jpg,/marimo/milk10k_train_masks/IL_8247723_dermoscopic_mask.png,0.1058111111111111,valid,600x450,600x450
IL_8248912,IL_8248912,/marimo/milk10k/MILK10k_Training_Input/IL_8248912/ISIC_5446350.jpg,/marimo/milk10k_train_masks/IL_8248912_dermoscopic_mask.png,0.33561851851851854,valid,600x450,600x450
IL_8249685,IL_8249685,/marimo/milk10k/MILK10k_Training_Input/IL_8249685/ISIC_4389754.jpg,/marimo/milk10k_train_masks/IL_8249685_dermoscopic_mask.png,0.4919074074074074,valid,600x450,600x450
IL_8252843,IL_8252843,/marimo/milk10k/MILK10k_Training_Input/IL_8252843/ISIC_5398396.jpg,/marimo/milk10k_train_masks/IL_8252843_dermoscopic_mask.png,0.35206296296296297,valid,600x450,600x450
IL_8255338,IL_8255338,/marimo/milk10k/MILK10k_Training_Input/IL_8255338/ISIC_9488743.jpg,/marimo/milk10k_train_masks/IL_8255338_dermoscopic_mask.png,0.18662962962962962,valid,600x450,600x450
IL_8256176,IL_8256176,/marimo/milk10k/MILK10k_Training_Input/IL_8256176/ISIC_9147502.jpg,/marimo/milk10k_train_masks/IL_8256176_dermoscopic_mask.png,0.6038185185185185,valid,600x450,600x450
IL_8256503,IL_8256503,/marimo/milk10k/MILK10k_Training_Input/IL_8256503/ISIC_0960754.jpg,/marimo/milk10k_train_masks/IL_8256503_dermoscopic_mask.png,0.41481851851851853,valid,600x450,600x450
IL_8258563,IL_8258563,/marimo/milk10k/MILK10k_Training_Input/IL_8258563/ISIC_8472745.jpg,/marimo/milk10k_train_masks/IL_8258563_dermoscopic_mask.png,0.5657222222222222,valid,600x450,600x450
IL_8259171,IL_8259171,/marimo/milk10k/MILK10k_Training_Input/IL_8259171/ISIC_3911179.jpg,/marimo/milk10k_train_masks/IL_8259171_dermoscopic_mask.png,0.12668888888888888,valid,600x450,600x450
IL_8262115,IL_8262115,/marimo/milk10k/MILK10k_Training_Input/IL_8262115/ISIC_5804522.jpg,/marimo/milk10k_train_masks/IL_8262115_dermoscopic_mask.png,0.3086888888888889,valid,600x450,600x450
IL_8262474,IL_8262474,/marimo/milk10k/MILK10k_Training_Input/IL_8262474/ISIC_1285744.jpg,/marimo/milk10k_train_masks/IL_8262474_dermoscopic_mask.png,0.15124074074074073,valid,600x450,600x450
IL_8264296,IL_8264296,/marimo/milk10k/MILK10k_Training_Input/IL_8264296/ISIC_5998955.jpg,/marimo/milk10k_train_masks/IL_8264296_dermoscopic_mask.png,0.30645555555555554,valid,600x450,600x450
IL_8266229,IL_8266229,/marimo/milk10k/MILK10k_Training_Input/IL_8266229/ISIC_1894633.jpg,/marimo/milk10k_train_masks/IL_8266229_dermoscopic_mask.png,0.2203,valid,600x450,600x450
IL_8266554,IL_8266554,/marimo/milk10k/MILK10k_Training_Input/IL_8266554/ISIC_0660859.jpg,/marimo/milk10k_train_masks/IL_8266554_dermoscopic_mask.png,0.1696777777777778,valid,600x450,600x450
IL_8268920,IL_8268920,/marimo/milk10k/MILK10k_Training_Input/IL_8268920/ISIC_7869346.jpg,/marimo/milk10k_train_masks/IL_8268920_dermoscopic_mask.png,0.17153333333333334,valid,600x450,600x450
IL_8270220,IL_8270220,/marimo/milk10k/MILK10k_Training_Input/IL_8270220/ISIC_3312778.jpg,/marimo/milk10k_train_masks/IL_8270220_dermoscopic_mask.png,0.23452962962962964,valid,600x450,600x450
IL_8270942,IL_8270942,/marimo/milk10k/MILK10k_Training_Input/IL_8270942/ISIC_0546389.jpg,/marimo/milk10k_train_masks/IL_8270942_dermoscopic_mask.png,0.05363333333333333,valid,600x450,600x450
IL_8273782,IL_8273782,/marimo/milk10k/MILK10k_Training_Input/IL_8273782/ISIC_9540789.jpg,/marimo/milk10k_train_masks/IL_8273782_dermoscopic_mask.png,0.4691814814814815,valid,600x450,600x450
IL_8275439,IL_8275439,/marimo/milk10k/MILK10k_Training_Input/IL_8275439/ISIC_0743648.jpg,/marimo/milk10k_train_masks/IL_8275439_dermoscopic_mask.png,0.06566296296296296,valid,600x450,600x450
IL_8277496,IL_8277496,/marimo/milk10k/MILK10k_Training_Input/IL_8277496/ISIC_4933345.jpg,/marimo/milk10k_train_masks/IL_8277496_dermoscopic_mask.png,0.29572592592592595,valid,600x450,600x450
IL_8277688,IL_8277688,/marimo/milk10k/MILK10k_Training_Input/IL_8277688/ISIC_1222561.jpg,/marimo/milk10k_train_masks/IL_8277688_dermoscopic_mask.png,0.35451481481481484,valid,600x450,600x450
IL_8280517,IL_8280517,/marimo/milk10k/MILK10k_Training_Input/IL_8280517/ISIC_4951972.jpg,/marimo/milk10k_train_masks/IL_8280517_dermoscopic_mask.png,0.15942222222222222,valid,600x450,600x450
IL_8280553,IL_8280553,/marimo/milk10k/MILK10k_Training_Input/IL_8280553/ISIC_7343701.jpg,/marimo/milk10k_train_masks/IL_8280553_dermoscopic_mask.png,0.29114814814814816,valid,600x450,600x450
IL_8282831,IL_8282831,/marimo/milk10k/MILK10k_Training_Input/IL_8282831/ISIC_6252442.jpg,/marimo/milk10k_train_masks/IL_8282831_dermoscopic_mask.png,0.2597185185185185,valid,600x450,600x450
IL_8283182,IL_8283182,/marimo/milk10k/MILK10k_Training_Input/IL_8283182/ISIC_7235077.jpg,/marimo/milk10k_train_masks/IL_8283182_dermoscopic_mask.png,0.11423333333333334,valid,600x450,600x450
IL_8283789,IL_8283789,/marimo/milk10k/MILK10k_Training_Input/IL_8283789/ISIC_6085286.jpg,/marimo/milk10k_train_masks/IL_8283789_dermoscopic_mask.png,0.5306222222222222,valid,600x450,600x450
IL_8293673,IL_8293673,/marimo/milk10k/MILK10k_Training_Input/IL_8293673/ISIC_5818083.jpg,/marimo/milk10k_train_masks/IL_8293673_dermoscopic_mask.png,0.5031333333333333,valid,600x450,600x450
IL_8296810,IL_8296810,/marimo/milk10k/MILK10k_Training_Input/IL_8296810/ISIC_3721391.jpg,/marimo/milk10k_train_masks/IL_8296810_dermoscopic_mask.png,0.18761111111111112,valid,600x450,600x450
IL_8296856,IL_8296856,/marimo/milk10k/MILK10k_Training_Input/IL_8296856/ISIC_6053581.jpg,/marimo/milk10k_train_masks/IL_8296856_dermoscopic_mask.png,0.337637037037037,valid,600x450,600x450
IL_8297781,IL_8297781,/marimo/milk10k/MILK10k_Training_Input/IL_8297781/ISIC_9017680.jpg,/marimo/milk10k_train_masks/IL_8297781_dermoscopic_mask.png,0.2513962962962963,valid,600x450,600x450
IL_8299819,IL_8299819,/marimo/milk10k/MILK10k_Training_Input/IL_8299819/ISIC_6616937.jpg,/marimo/milk10k_train_masks/IL_8299819_dermoscopic_mask.png,0.21948518518518517,valid,600x450,600x450
IL_8299978,IL_8299978,/marimo/milk10k/MILK10k_Training_Input/IL_8299978/ISIC_8873365.jpg,/marimo/milk10k_train_masks/IL_8299978_dermoscopic_mask.png,0.3956925925925926,valid,600x450,600x450
IL_8301867,IL_8301867,/marimo/milk10k/MILK10k_Training_Input/IL_8301867/ISIC_9390488.jpg,/marimo/milk10k_train_masks/IL_8301867_dermoscopic_mask.png,0.28163333333333335,valid,600x450,600x450
IL_8312366,IL_8312366,/marimo/milk10k/MILK10k_Training_Input/IL_8312366/ISIC_4955912.jpg,/marimo/milk10k_train_masks/IL_8312366_dermoscopic_mask.png,0.2513111111111111,valid,600x450,600x450
IL_8312438,IL_8312438,/marimo/milk10k/MILK10k_Training_Input/IL_8312438/ISIC_8244439.jpg,/marimo/milk10k_train_masks/IL_8312438_dermoscopic_mask.png,0.3707962962962963,valid,600x450,600x450
IL_8312956,IL_8312956,/marimo/milk10k/MILK10k_Training_Input/IL_8312956/ISIC_4426257.jpg,/marimo/milk10k_train_masks/IL_8312956_dermoscopic_mask.png,0.33595185185185183,valid,600x450,600x450
IL_8314520,IL_8314520,/marimo/milk10k/MILK10k_Training_Input/IL_8314520/ISIC_8660074.jpg,/marimo/milk10k_train_masks/IL_8314520_dermoscopic_mask.png,0.19069259259259258,valid,600x450,600x450
IL_8316366,IL_8316366,/marimo/milk10k/MILK10k_Training_Input/IL_8316366/ISIC_5943320.jpg,/marimo/milk10k_train_masks/IL_8316366_dermoscopic_mask.png,0.5764333333333334,valid,600x450,600x450
IL_8319102,IL_8319102,/marimo/milk10k/MILK10k_Training_Input/IL_8319102/ISIC_1135697.jpg,/marimo/milk10k_train_masks/IL_8319102_dermoscopic_mask.png,0.4461777777777778,valid,600x450,600x450
IL_8322596,IL_8322596,/marimo/milk10k/MILK10k_Training_Input/IL_8322596/ISIC_1230479.jpg,/marimo/milk10k_train_masks/IL_8322596_dermoscopic_mask.png,0.20545925925925926,valid,600x450,600x450
IL_8323588,IL_8323588,/marimo/milk10k/MILK10k_Training_Input/IL_8323588/ISIC_0289881.jpg,/marimo/milk10k_train_masks/IL_8323588_dermoscopic_mask.png,0.21973333333333334,valid,600x450,600x450
IL_8324569,IL_8324569,/marimo/milk10k/MILK10k_Training_Input/IL_8324569/ISIC_0783369.jpg,/marimo/milk10k_train_masks/IL_8324569_dermoscopic_mask.png,0.2368074074074074,valid,600x450,600x450
IL_8324597,IL_8324597,/marimo/milk10k/MILK10k_Training_Input/IL_8324597/ISIC_7377119.jpg,/marimo/milk10k_train_masks/IL_8324597_dermoscopic_mask.png,0.3958851851851852,valid,600x450,600x450
IL_8326095,IL_8326095,/marimo/milk10k/MILK10k_Training_Input/IL_8326095/ISIC_4141321.jpg,/marimo/milk10k_train_masks/IL_8326095_dermoscopic_mask.png,0.2904962962962963,valid,600x450,600x450
IL_8326567,IL_8326567,/marimo/milk10k/MILK10k_Training_Input/IL_8326567/ISIC_1518748.jpg,/marimo/milk10k_train_masks/IL_8326567_dermoscopic_mask.png,0.0,too_small,600x450,600x450
IL_8326868,IL_8326868,/marimo/milk10k/MILK10k_Training_Input/IL_8326868/ISIC_7314033.jpg,/marimo/milk10k_train_masks/IL_8326868_dermoscopic_mask.png,0.8281,valid,600x450,600x450
IL_8331769,IL_8331769,/marimo/milk10k/MILK10k_Training_Input/IL_8331769/ISIC_5380664.jpg,/marimo/milk10k_train_masks/IL_8331769_dermoscopic_mask.png,0.5011407407407408,valid,600x450,600x450
IL_8337226,IL_8337226,/marimo/milk10k/MILK10k_Training_Input/IL_8337226/ISIC_1501988.jpg,/marimo/milk10k_train_masks/IL_8337226_dermoscopic_mask.png,0.41945185185185185,valid,600x450,600x450
IL_8338996,IL_8338996,/marimo/milk10k/MILK10k_Training_Input/IL_8338996/ISIC_9148837.jpg,/marimo/milk10k_train_masks/IL_8338996_dermoscopic_mask.png,0.5681851851851852,valid,600x450,600x450
IL_8339117,IL_8339117,/marimo/milk10k/MILK10k_Training_Input/IL_8339117/ISIC_3401124.jpg,/marimo/milk10k_train_masks/IL_8339117_dermoscopic_mask.png,0.3171962962962963,valid,600x450,600x450
IL_8339852,IL_8339852,/marimo/milk10k/MILK10k_Training_Input/IL_8339852/ISIC_3670069.jpg,/marimo/milk10k_train_masks/IL_8339852_dermoscopic_mask.png,0.29046666666666665,valid,600x450,600x450
IL_8345128,IL_8345128,/marimo/milk10k/MILK10k_Training_Input/IL_8345128/ISIC_1623104.jpg,/marimo/milk10k_train_masks/IL_8345128_dermoscopic_mask.png,0.2011111111111111,valid,600x450,600x450
IL_8345916,IL_8345916,/marimo/milk10k/MILK10k_Training_Input/IL_8345916/ISIC_6595713.jpg,/marimo/milk10k_train_masks/IL_8345916_dermoscopic_mask.png,0.10148148148148148,valid,600x450,600x450
IL_8349712,IL_8349712,/marimo/milk10k/MILK10k_Training_Input/IL_8349712/ISIC_6415417.jpg,/marimo/milk10k_train_masks/IL_8349712_dermoscopic_mask.png,0.1785,valid,600x450,600x450
IL_8356407,IL_8356407,/marimo/milk10k/MILK10k_Training_Input/IL_8356407/ISIC_0657679.jpg,/marimo/milk10k_train_masks/IL_8356407_dermoscopic_mask.png,0.3917333333333333,valid,600x450,600x450
IL_8357154,IL_8357154,/marimo/milk10k/MILK10k_Training_Input/IL_8357154/ISIC_3715127.jpg,/marimo/milk10k_train_masks/IL_8357154_dermoscopic_mask.png,0.5142037037037037,valid,600x450,600x450
IL_8357719,IL_8357719,/marimo/milk10k/MILK10k_Training_Input/IL_8357719/ISIC_1635697.jpg,/marimo/milk10k_train_masks/IL_8357719_dermoscopic_mask.png,0.3872814814814815,valid,600x450,600x450
IL_8358886,IL_8358886,/marimo/milk10k/MILK10k_Training_Input/IL_8358886/ISIC_0846122.jpg,/marimo/milk10k_train_masks/IL_8358886_dermoscopic_mask.png,0.36891111111111113,valid,600x450,600x450
IL_8359695,IL_8359695,/marimo/milk10k/MILK10k_Training_Input/IL_8359695/ISIC_6378396.jpg,/marimo/milk10k_train_masks/IL_8359695_dermoscopic_mask.png,0.1093925925925926,valid,600x450,600x450
IL_8359841,IL_8359841,/marimo/milk10k/MILK10k_Training_Input/IL_8359841/ISIC_5761443.jpg,/marimo/milk10k_train_masks/IL_8359841_dermoscopic_mask.png,0.6657703703703703,valid,600x450,600x450
IL_8364095,IL_8364095,/marimo/milk10k/MILK10k_Training_Input/IL_8364095/ISIC_2181342.jpg,/marimo/milk10k_train_masks/IL_8364095_dermoscopic_mask.png,0.16944074074074075,valid,600x450,600x450
IL_8364526,IL_8364526,/marimo/milk10k/MILK10k_Training_Input/IL_8364526/ISIC_6318524.jpg,/marimo/milk10k_train_masks/IL_8364526_dermoscopic_mask.png,0.26247777777777775,valid,600x450,600x450
IL_8366708,IL_8366708,/marimo/milk10k/MILK10k_Training_Input/IL_8366708/ISIC_1762147.jpg,/marimo/milk10k_train_masks/IL_8366708_dermoscopic_mask.png,0.46574444444444446,valid,600x450,600x450
IL_8368045,IL_8368045,/marimo/milk10k/MILK10k_Training_Input/IL_8368045/ISIC_4378485.jpg,/marimo/milk10k_train_masks/IL_8368045_dermoscopic_mask.png,0.19395925925925925,valid,600x450,600x450
IL_8370192,IL_8370192,/marimo/milk10k/MILK10k_Training_Input/IL_8370192/ISIC_8226322.jpg,/marimo/milk10k_train_masks/IL_8370192_dermoscopic_mask.png,0.5998666666666667,valid,600x450,600x450
IL_8374443,IL_8374443,/marimo/milk10k/MILK10k_Training_Input/IL_8374443/ISIC_4597054.jpg,/marimo/milk10k_train_masks/IL_8374443_dermoscopic_mask.png,0.5730777777777778,valid,600x450,600x450
IL_8375718,IL_8375718,/marimo/milk10k/MILK10k_Training_Input/IL_8375718/ISIC_5681371.jpg,/marimo/milk10k_train_masks/IL_8375718_dermoscopic_mask.png,0.1282851851851852,valid,600x450,600x450
IL_8375905,IL_8375905,/marimo/milk10k/MILK10k_Training_Input/IL_8375905/ISIC_0871073.jpg,/marimo/milk10k_train_masks/IL_8375905_dermoscopic_mask.png,0.06794444444444445,valid,600x450,600x450
IL_8376298,IL_8376298,/marimo/milk10k/MILK10k_Training_Input/IL_8376298/ISIC_3418096.jpg,/marimo/milk10k_train_masks/IL_8376298_dermoscopic_mask.png,0.5781518518518518,valid,600x450,600x450
IL_8379111,IL_8379111,/marimo/milk10k/MILK10k_Training_Input/IL_8379111/ISIC_6688178.jpg,/marimo/milk10k_train_masks/IL_8379111_dermoscopic_mask.png,0.10819629629629629,valid,600x450,600x450
IL_8380351,IL_8380351,/marimo/milk10k/MILK10k_Training_Input/IL_8380351/ISIC_9181159.jpg,/marimo/milk10k_train_masks/IL_8380351_dermoscopic_mask.png,0.2190148148148148,valid,600x450,600x450
IL_8380493,IL_8380493,/marimo/milk10k/MILK10k_Training_Input/IL_8380493/ISIC_8153849.jpg,/marimo/milk10k_train_masks/IL_8380493_dermoscopic_mask.png,0.799074074074074,valid,600x450,600x450
IL_8381192,IL_8381192,/marimo/milk10k/MILK10k_Training_Input/IL_8381192/ISIC_0282178.jpg,/marimo/milk10k_train_masks/IL_8381192_dermoscopic_mask.png,0.26635555555555557,valid,600x450,600x450
IL_8383981,IL_8383981,/marimo/milk10k/MILK10k_Training_Input/IL_8383981/ISIC_5624559.jpg,/marimo/milk10k_train_masks/IL_8383981_dermoscopic_mask.png,0.3053592592592593,valid,600x450,600x450
IL_8384410,IL_8384410,/marimo/milk10k/MILK10k_Training_Input/IL_8384410/ISIC_0984507.jpg,/marimo/milk10k_train_masks/IL_8384410_dermoscopic_mask.png,0.3834296296296296,valid,600x450,600x450
IL_8386286,IL_8386286,/marimo/milk10k/MILK10k_Training_Input/IL_8386286/ISIC_8263244.jpg,/marimo/milk10k_train_masks/IL_8386286_dermoscopic_mask.png,0.6975074074074074,valid,600x450,600x450
IL_8387787,IL_8387787,/marimo/milk10k/MILK10k_Training_Input/IL_8387787/ISIC_6866299.jpg,/marimo/milk10k_train_masks/IL_8387787_dermoscopic_mask.png,0.3313740740740741,valid,600x450,600x450
IL_8389564,IL_8389564,/marimo/milk10k/MILK10k_Training_Input/IL_8389564/ISIC_6615782.jpg,/marimo/milk10k_train_masks/IL_8389564_dermoscopic_mask.png,0.43465925925925925,valid,600x450,600x450
IL_8391202,IL_8391202,/marimo/milk10k/MILK10k_Training_Input/IL_8391202/ISIC_9594918.jpg,/marimo/milk10k_train_masks/IL_8391202_dermoscopic_mask.png,0.44457407407407407,valid,600x450,600x450
IL_8396815,IL_8396815,/marimo/milk10k/MILK10k_Training_Input/IL_8396815/ISIC_6567490.jpg,/marimo/milk10k_train_masks/IL_8396815_dermoscopic_mask.png,0.14364814814814814,valid,600x450,600x450
IL_8401238,IL_8401238,/marimo/milk10k/MILK10k_Training_Input/IL_8401238/ISIC_9931617.jpg,/marimo/milk10k_train_masks/IL_8401238_dermoscopic_mask.png,0.2777148148148148,valid,600x450,600x450
IL_8401362,IL_8401362,/marimo/milk10k/MILK10k_Training_Input/IL_8401362/ISIC_2925746.jpg,/marimo/milk10k_train_masks/IL_8401362_dermoscopic_mask.png,0.16493333333333332,valid,600x450,600x450
IL_8401805,IL_8401805,/marimo/milk10k/MILK10k_Training_Input/IL_8401805/ISIC_0346352.jpg,/marimo/milk10k_train_masks/IL_8401805_dermoscopic_mask.png,0.1832148148148148,valid,600x450,600x450
IL_8402366,IL_8402366,/marimo/milk10k/MILK10k_Training_Input/IL_8402366/ISIC_9842192.jpg,/marimo/milk10k_train_masks/IL_8402366_dermoscopic_mask.png,0.07064444444444444,valid,600x450,600x450
IL_8403780,IL_8403780,/marimo/milk10k/MILK10k_Training_Input/IL_8403780/ISIC_7838537.jpg,/marimo/milk10k_train_masks/IL_8403780_dermoscopic_mask.png,0.2410037037037037,valid,600x450,600x450
IL_8419591,IL_8419591,/marimo/milk10k/MILK10k_Training_Input/IL_8419591/ISIC_1069584.jpg,/marimo/milk10k_train_masks/IL_8419591_dermoscopic_mask.png,0.3935074074074074,valid,600x450,600x450
IL_8421292,IL_8421292,/marimo/milk10k/MILK10k_Training_Input/IL_8421292/ISIC_8310935.jpg,/marimo/milk10k_train_masks/IL_8421292_dermoscopic_mask.png,0.12448518518518518,valid,600x450,600x450
IL_8423018,IL_8423018,/marimo/milk10k/MILK10k_Training_Input/IL_8423018/ISIC_9824409.jpg,/marimo/milk10k_train_masks/IL_8423018_dermoscopic_mask.png,0.47075555555555554,valid,600x450,600x450
IL_8423250,IL_8423250,/marimo/milk10k/MILK10k_Training_Input/IL_8423250/ISIC_1860202.jpg,/marimo/milk10k_train_masks/IL_8423250_dermoscopic_mask.png,0.4240555555555556,valid,600x450,600x450
IL_8428753,IL_8428753,/marimo/milk10k/MILK10k_Training_Input/IL_8428753/ISIC_9816160.jpg,/marimo/milk10k_train_masks/IL_8428753_dermoscopic_mask.png,0.5398148148148149,valid,600x450,600x450
IL_8429143,IL_8429143,/marimo/milk10k/MILK10k_Training_Input/IL_8429143/ISIC_2119364.jpg,/marimo/milk10k_train_masks/IL_8429143_dermoscopic_mask.png,0.08737777777777778,valid,600x450,600x450
IL_8434747,IL_8434747,/marimo/milk10k/MILK10k_Training_Input/IL_8434747/ISIC_1550198.jpg,/marimo/milk10k_train_masks/IL_8434747_dermoscopic_mask.png,0.48412962962962963,valid,600x450,600x450
IL_8439517,IL_8439517,/marimo/milk10k/MILK10k_Training_Input/IL_8439517/ISIC_0311944.jpg,/marimo/milk10k_train_masks/IL_8439517_dermoscopic_mask.png,0.08118148148148148,valid,600x450,600x450
IL_8444340,IL_8444340,/marimo/milk10k/MILK10k_Training_Input/IL_8444340/ISIC_0637655.jpg,/marimo/milk10k_train_masks/IL_8444340_dermoscopic_mask.png,0.22064814814814815,valid,600x450,600x450
IL_8444586,IL_8444586,/marimo/milk10k/MILK10k_Training_Input/IL_8444586/ISIC_8334297.jpg,/marimo/milk10k_train_masks/IL_8444586_dermoscopic_mask.png,0.4500074074074074,valid,600x450,600x450
IL_8445981,IL_8445981,/marimo/milk10k/MILK10k_Training_Input/IL_8445981/ISIC_4599594.jpg,/marimo/milk10k_train_masks/IL_8445981_dermoscopic_mask.png,0.2103962962962963,valid,600x450,600x450
IL_8448417,IL_8448417,/marimo/milk10k/MILK10k_Training_Input/IL_8448417/ISIC_0885674.jpg,/marimo/milk10k_train_masks/IL_8448417_dermoscopic_mask.png,0.04905925925925926,valid,600x450,600x450
IL_8448627,IL_8448627,/marimo/milk10k/MILK10k_Training_Input/IL_8448627/ISIC_8308325.jpg,/marimo/milk10k_train_masks/IL_8448627_dermoscopic_mask.png,0.3546037037037037,valid,600x450,600x450
IL_8449031,IL_8449031,/marimo/milk10k/MILK10k_Training_Input/IL_8449031/ISIC_1373525.jpg,/marimo/milk10k_train_masks/IL_8449031_dermoscopic_mask.png,0.49844444444444447,valid,600x450,600x450
IL_8449378,IL_8449378,/marimo/milk10k/MILK10k_Training_Input/IL_8449378/ISIC_7110687.jpg,/marimo/milk10k_train_masks/IL_8449378_dermoscopic_mask.png,0.05291851851851852,valid,600x450,600x450
IL_8449966,IL_8449966,/marimo/milk10k/MILK10k_Training_Input/IL_8449966/ISIC_2372470.jpg,/marimo/milk10k_train_masks/IL_8449966_dermoscopic_mask.png,0.10863333333333333,valid,600x450,600x450
IL_8454481,IL_8454481,/marimo/milk10k/MILK10k_Training_Input/IL_8454481/ISIC_7915016.jpg,/marimo/milk10k_train_masks/IL_8454481_dermoscopic_mask.png,0.5023703703703704,valid,600x450,600x450
IL_8454574,IL_8454574,/marimo/milk10k/MILK10k_Training_Input/IL_8454574/ISIC_1220536.jpg,/marimo/milk10k_train_masks/IL_8454574_dermoscopic_mask.png,0.4157592592592593,valid,600x450,600x450
IL_8455587,IL_8455587,/marimo/milk10k/MILK10k_Training_Input/IL_8455587/ISIC_6522135.jpg,/marimo/milk10k_train_masks/IL_8455587_dermoscopic_mask.png,0.07275925925925926,valid,600x450,600x450
IL_8456514,IL_8456514,/marimo/milk10k/MILK10k_Training_Input/IL_8456514/ISIC_0913648.jpg,/marimo/milk10k_train_masks/IL_8456514_dermoscopic_mask.png,0.09770370370370371,valid,600x450,600x450
IL_8459572,IL_8459572,/marimo/milk10k/MILK10k_Training_Input/IL_8459572/ISIC_5093195.jpg,/marimo/milk10k_train_masks/IL_8459572_dermoscopic_mask.png,0.28935185185185186,valid,600x450,600x450
IL_8460509,IL_8460509,/marimo/milk10k/MILK10k_Training_Input/IL_8460509/ISIC_4082328.jpg,/marimo/milk10k_train_masks/IL_8460509_dermoscopic_mask.png,0.12197407407407407,valid,600x450,600x450
IL_8461423,IL_8461423,/marimo/milk10k/MILK10k_Training_Input/IL_8461423/ISIC_5493908.jpg,/marimo/milk10k_train_masks/IL_8461423_dermoscopic_mask.png,0.41166296296296295,valid,600x450,600x450
IL_8461776,IL_8461776,/marimo/milk10k/MILK10k_Training_Input/IL_8461776/ISIC_5876786.jpg,/marimo/milk10k_train_masks/IL_8461776_dermoscopic_mask.png,0.543525925925926,valid,600x450,600x450
IL_8462731,IL_8462731,/marimo/milk10k/MILK10k_Training_Input/IL_8462731/ISIC_3428486.jpg,/marimo/milk10k_train_masks/IL_8462731_dermoscopic_mask.png,0.39734444444444444,valid,600x450,600x450
IL_8464135,IL_8464135,/marimo/milk10k/MILK10k_Training_Input/IL_8464135/ISIC_6484641.jpg,/marimo/milk10k_train_masks/IL_8464135_dermoscopic_mask.png,0.04158888888888889,valid,600x450,600x450
IL_8465058,IL_8465058,/marimo/milk10k/MILK10k_Training_Input/IL_8465058/ISIC_7621482.jpg,/marimo/milk10k_train_masks/IL_8465058_dermoscopic_mask.png,0.6486777777777778,valid,600x450,600x450
IL_8466700,IL_8466700,/marimo/milk10k/MILK10k_Training_Input/IL_8466700/ISIC_7771236.jpg,/marimo/milk10k_train_masks/IL_8466700_dermoscopic_mask.png,0.23585925925925927,valid,600x450,600x450
IL_8472677,IL_8472677,/marimo/milk10k/MILK10k_Training_Input/IL_8472677/ISIC_0680433.jpg,/marimo/milk10k_train_masks/IL_8472677_dermoscopic_mask.png,0.42173333333333335,valid,600x450,600x450
IL_8478424,IL_8478424,/marimo/milk10k/MILK10k_Training_Input/IL_8478424/ISIC_9611209.jpg,/marimo/milk10k_train_masks/IL_8478424_dermoscopic_mask.png,0.46323333333333333,valid,600x450,600x450
IL_8480988,IL_8480988,/marimo/milk10k/MILK10k_Training_Input/IL_8480988/ISIC_0416329.jpg,/marimo/milk10k_train_masks/IL_8480988_dermoscopic_mask.png,0.17145555555555556,valid,600x450,600x450
IL_8482465,IL_8482465,/marimo/milk10k/MILK10k_Training_Input/IL_8482465/ISIC_7583370.jpg,/marimo/milk10k_train_masks/IL_8482465_dermoscopic_mask.png,0.08448148148148148,valid,600x450,600x450
IL_8482913,IL_8482913,/marimo/milk10k/MILK10k_Training_Input/IL_8482913/ISIC_0920424.jpg,/marimo/milk10k_train_masks/IL_8482913_dermoscopic_mask.png,0.11668148148148148,valid,600x450,600x450
IL_8484491,IL_8484491,/marimo/milk10k/MILK10k_Training_Input/IL_8484491/ISIC_4589630.jpg,/marimo/milk10k_train_masks/IL_8484491_dermoscopic_mask.png,0.09861851851851852,valid,600x450,600x450
IL_8486036,IL_8486036,/marimo/milk10k/MILK10k_Training_Input/IL_8486036/ISIC_6043649.jpg,/marimo/milk10k_train_masks/IL_8486036_dermoscopic_mask.png,0.31847037037037035,valid,600x450,600x450
IL_8487012,IL_8487012,/marimo/milk10k/MILK10k_Training_Input/IL_8487012/ISIC_3799953.jpg,/marimo/milk10k_train_masks/IL_8487012_dermoscopic_mask.png,0.4450222222222222,valid,600x450,600x450
IL_8491993,IL_8491993,/marimo/milk10k/MILK10k_Training_Input/IL_8491993/ISIC_1627498.jpg,/marimo/milk10k_train_masks/IL_8491993_dermoscopic_mask.png,0.427562962962963,valid,600x450,600x450
IL_8495529,IL_8495529,/marimo/milk10k/MILK10k_Training_Input/IL_8495529/ISIC_8741674.jpg,/marimo/milk10k_train_masks/IL_8495529_dermoscopic_mask.png,0.15288518518518518,valid,600x450,600x450
IL_8497763,IL_8497763,/marimo/milk10k/MILK10k_Training_Input/IL_8497763/ISIC_2465614.jpg,/marimo/milk10k_train_masks/IL_8497763_dermoscopic_mask.png,0.19164444444444445,valid,600x450,600x450
IL_8500079,IL_8500079,/marimo/milk10k/MILK10k_Training_Input/IL_8500079/ISIC_5772488.jpg,/marimo/milk10k_train_masks/IL_8500079_dermoscopic_mask.png,0.3464962962962963,valid,600x450,600x450
IL_8500465,IL_8500465,/marimo/milk10k/MILK10k_Training_Input/IL_8500465/ISIC_1416314.jpg,/marimo/milk10k_train_masks/IL_8500465_dermoscopic_mask.png,0.6664333333333333,valid,600x450,600x450
IL_8500877,IL_8500877,/marimo/milk10k/MILK10k_Training_Input/IL_8500877/ISIC_8946169.jpg,/marimo/milk10k_train_masks/IL_8500877_dermoscopic_mask.png,0.0568,valid,600x450,600x450
IL_8504644,IL_8504644,/marimo/milk10k/MILK10k_Training_Input/IL_8504644/ISIC_7105876.jpg,/marimo/milk10k_train_masks/IL_8504644_dermoscopic_mask.png,0.38935555555555557,valid,600x450,600x450
IL_8505577,IL_8505577,/marimo/milk10k/MILK10k_Training_Input/IL_8505577/ISIC_6327728.jpg,/marimo/milk10k_train_masks/IL_8505577_dermoscopic_mask.png,0.2248888888888889,valid,600x450,600x450
IL_8506800,IL_8506800,/marimo/milk10k/MILK10k_Training_Input/IL_8506800/ISIC_4920461.jpg,/marimo/milk10k_train_masks/IL_8506800_dermoscopic_mask.png,0.35588888888888887,valid,600x450,600x450
IL_8507702,IL_8507702,/marimo/milk10k/MILK10k_Training_Input/IL_8507702/ISIC_7241294.jpg,/marimo/milk10k_train_masks/IL_8507702_dermoscopic_mask.png,0.3704296296296296,valid,600x450,600x450
IL_8507909,IL_8507909,/marimo/milk10k/MILK10k_Training_Input/IL_8507909/ISIC_6405078.jpg,/marimo/milk10k_train_masks/IL_8507909_dermoscopic_mask.png,0.3791851851851852,valid,600x450,600x450
IL_8508107,IL_8508107,/marimo/milk10k/MILK10k_Training_Input/IL_8508107/ISIC_8368960.jpg,/marimo/milk10k_train_masks/IL_8508107_dermoscopic_mask.png,0.12068148148148149,valid,600x450,600x450
IL_8509050,IL_8509050,/marimo/milk10k/MILK10k_Training_Input/IL_8509050/ISIC_1460872.jpg,/marimo/milk10k_train_masks/IL_8509050_dermoscopic_mask.png,0.11728888888888889,valid,600x450,600x450
IL_8509848,IL_8509848,/marimo/milk10k/MILK10k_Training_Input/IL_8509848/ISIC_5767870.jpg,/marimo/milk10k_train_masks/IL_8509848_dermoscopic_mask.png,0.49970740740740743,valid,600x450,600x450
IL_8511602,IL_8511602,/marimo/milk10k/MILK10k_Training_Input/IL_8511602/ISIC_2260901.jpg,/marimo/milk10k_train_masks/IL_8511602_dermoscopic_mask.png,0.3471666666666667,valid,600x450,600x450
IL_8515603,IL_8515603,/marimo/milk10k/MILK10k_Training_Input/IL_8515603/ISIC_8946719.jpg,/marimo/milk10k_train_masks/IL_8515603_dermoscopic_mask.png,0.07352222222222222,valid,600x450,600x450
IL_8516254,IL_8516254,/marimo/milk10k/MILK10k_Training_Input/IL_8516254/ISIC_8823892.jpg,/marimo/milk10k_train_masks/IL_8516254_dermoscopic_mask.png,0.3164666666666667,valid,600x450,600x450
IL_8529152,IL_8529152,/marimo/milk10k/MILK10k_Training_Input/IL_8529152/ISIC_8525826.jpg,/marimo/milk10k_train_masks/IL_8529152_dermoscopic_mask.png,0.4476,valid,600x450,600x450
IL_8535419,IL_8535419,/marimo/milk10k/MILK10k_Training_Input/IL_8535419/ISIC_7880723.jpg,/marimo/milk10k_train_masks/IL_8535419_dermoscopic_mask.png,0.2940185185185185,valid,600x450,600x450
IL_8535894,IL_8535894,/marimo/milk10k/MILK10k_Training_Input/IL_8535894/ISIC_9777954.jpg,/marimo/milk10k_train_masks/IL_8535894_dermoscopic_mask.png,0.40526666666666666,valid,600x450,600x450
IL_8538407,IL_8538407,/marimo/milk10k/MILK10k_Training_Input/IL_8538407/ISIC_7208610.jpg,/marimo/milk10k_train_masks/IL_8538407_dermoscopic_mask.png,0.2790111111111111,valid,600x450,600x450
IL_8538421,IL_8538421,/marimo/milk10k/MILK10k_Training_Input/IL_8538421/ISIC_9215935.jpg,/marimo/milk10k_train_masks/IL_8538421_dermoscopic_mask.png,0.17745555555555556,valid,600x450,600x450
IL_8540879,IL_8540879,/marimo/milk10k/MILK10k_Training_Input/IL_8540879/ISIC_7987908.jpg,/marimo/milk10k_train_masks/IL_8540879_dermoscopic_mask.png,0.3078148148148148,valid,600x450,600x450
IL_8543215,IL_8543215,/marimo/milk10k/MILK10k_Training_Input/IL_8543215/ISIC_4523525.jpg,/marimo/milk10k_train_masks/IL_8543215_dermoscopic_mask.png,0.16977777777777778,valid,600x450,600x450
IL_8544201,IL_8544201,/marimo/milk10k/MILK10k_Training_Input/IL_8544201/ISIC_0146278.jpg,/marimo/milk10k_train_masks/IL_8544201_dermoscopic_mask.png,0.3607851851851852,valid,600x450,600x450
IL_8544444,IL_8544444,/marimo/milk10k/MILK10k_Training_Input/IL_8544444/ISIC_2202736.jpg,/marimo/milk10k_train_masks/IL_8544444_dermoscopic_mask.png,0.3133222222222222,valid,600x450,600x450
IL_8548746,IL_8548746,/marimo/milk10k/MILK10k_Training_Input/IL_8548746/ISIC_2306278.jpg,/marimo/milk10k_train_masks/IL_8548746_dermoscopic_mask.png,0.745325925925926,valid,600x450,600x450
IL_8549030,IL_8549030,/marimo/milk10k/MILK10k_Training_Input/IL_8549030/ISIC_7242284.jpg,/marimo/milk10k_train_masks/IL_8549030_dermoscopic_mask.png,0.16432222222222223,valid,600x450,600x450
IL_8550472,IL_8550472,/marimo/milk10k/MILK10k_Training_Input/IL_8550472/ISIC_5935086.jpg,/marimo/milk10k_train_masks/IL_8550472_dermoscopic_mask.png,0.5217814814814815,valid,600x450,600x450
IL_8553410,IL_8553410,/marimo/milk10k/MILK10k_Training_Input/IL_8553410/ISIC_7483655.jpg,/marimo/milk10k_train_masks/IL_8553410_dermoscopic_mask.png,0.18122592592592593,valid,600x450,600x450
IL_8553966,IL_8553966,/marimo/milk10k/MILK10k_Training_Input/IL_8553966/ISIC_7038723.jpg,/marimo/milk10k_train_masks/IL_8553966_dermoscopic_mask.png,0.49575185185185183,valid,600x450,600x450
IL_8554205,IL_8554205,/marimo/milk10k/MILK10k_Training_Input/IL_8554205/ISIC_8218617.jpg,/marimo/milk10k_train_masks/IL_8554205_dermoscopic_mask.png,0.6909666666666666,valid,600x450,600x450
IL_8554627,IL_8554627,/marimo/milk10k/MILK10k_Training_Input/IL_8554627/ISIC_4300672.jpg,/marimo/milk10k_train_masks/IL_8554627_dermoscopic_mask.png,0.07425555555555556,valid,600x450,600x450
IL_8557195,IL_8557195,/marimo/milk10k/MILK10k_Training_Input/IL_8557195/ISIC_4923934.jpg,/marimo/milk10k_train_masks/IL_8557195_dermoscopic_mask.png,0.34453333333333336,valid,600x450,600x450
IL_8562069,IL_8562069,/marimo/milk10k/MILK10k_Training_Input/IL_8562069/ISIC_4609417.jpg,/marimo/milk10k_train_masks/IL_8562069_dermoscopic_mask.png,0.2590037037037037,valid,600x450,600x450
IL_8562262,IL_8562262,/marimo/milk10k/MILK10k_Training_Input/IL_8562262/ISIC_8790878.jpg,/marimo/milk10k_train_masks/IL_8562262_dermoscopic_mask.png,0.39994444444444444,valid,600x450,600x450
IL_8562914,IL_8562914,/marimo/milk10k/MILK10k_Training_Input/IL_8562914/ISIC_5923228.jpg,/marimo/milk10k_train_masks/IL_8562914_dermoscopic_mask.png,0.15225555555555556,valid,600x450,600x450
IL_8565372,IL_8565372,/marimo/milk10k/MILK10k_Training_Input/IL_8565372/ISIC_4573337.jpg,/marimo/milk10k_train_masks/IL_8565372_dermoscopic_mask.png,0.7072111111111111,valid,600x450,600x450
IL_8566175,IL_8566175,/marimo/milk10k/MILK10k_Training_Input/IL_8566175/ISIC_4780938.jpg,/marimo/milk10k_train_masks/IL_8566175_dermoscopic_mask.png,0.2393925925925926,valid,600x450,600x450
IL_8568128,IL_8568128,/marimo/milk10k/MILK10k_Training_Input/IL_8568128/ISIC_9512388.jpg,/marimo/milk10k_train_masks/IL_8568128_dermoscopic_mask.png,0.33562592592592594,valid,600x450,600x450
IL_8569561,IL_8569561,/marimo/milk10k/MILK10k_Training_Input/IL_8569561/ISIC_8178501.jpg,/marimo/milk10k_train_masks/IL_8569561_dermoscopic_mask.png,0.3524555555555556,valid,600x450,600x450
IL_8569852,IL_8569852,/marimo/milk10k/MILK10k_Training_Input/IL_8569852/ISIC_3331148.jpg,/marimo/milk10k_train_masks/IL_8569852_dermoscopic_mask.png,0.38331481481481483,valid,600x450,600x450
IL_8570577,IL_8570577,/marimo/milk10k/MILK10k_Training_Input/IL_8570577/ISIC_7974869.jpg,/marimo/milk10k_train_masks/IL_8570577_dermoscopic_mask.png,0.18857407407407406,valid,600x450,600x450
IL_8572700,IL_8572700,/marimo/milk10k/MILK10k_Training_Input/IL_8572700/ISIC_2839614.jpg,/marimo/milk10k_train_masks/IL_8572700_dermoscopic_mask.png,0.2890888888888889,valid,600x450,600x450
IL_8574394,IL_8574394,/marimo/milk10k/MILK10k_Training_Input/IL_8574394/ISIC_3539795.jpg,/marimo/milk10k_train_masks/IL_8574394_dermoscopic_mask.png,0.20664444444444444,valid,600x450,600x450
IL_8576220,IL_8576220,/marimo/milk10k/MILK10k_Training_Input/IL_8576220/ISIC_4637440.jpg,/marimo/milk10k_train_masks/IL_8576220_dermoscopic_mask.png,0.48088148148148147,valid,600x450,600x450
IL_8577352,IL_8577352,/marimo/milk10k/MILK10k_Training_Input/IL_8577352/ISIC_5036259.jpg,/marimo/milk10k_train_masks/IL_8577352_dermoscopic_mask.png,0.16252222222222223,valid,600x450,600x450
IL_8578083,IL_8578083,/marimo/milk10k/MILK10k_Training_Input/IL_8578083/ISIC_6553055.jpg,/marimo/milk10k_train_masks/IL_8578083_dermoscopic_mask.png,0.18605925925925926,valid,600x450,600x450
IL_8578513,IL_8578513,/marimo/milk10k/MILK10k_Training_Input/IL_8578513/ISIC_9849120.jpg,/marimo/milk10k_train_masks/IL_8578513_dermoscopic_mask.png,0.08109629629629629,valid,600x450,600x450
IL_8578812,IL_8578812,/marimo/milk10k/MILK10k_Training_Input/IL_8578812/ISIC_2417592.jpg,/marimo/milk10k_train_masks/IL_8578812_dermoscopic_mask.png,0.4176111111111111,valid,600x450,600x450
IL_8581204,IL_8581204,/marimo/milk10k/MILK10k_Training_Input/IL_8581204/ISIC_0161474.jpg,/marimo/milk10k_train_masks/IL_8581204_dermoscopic_mask.png,0.3700962962962963,valid,600x450,600x450
IL_8581964,IL_8581964,/marimo/milk10k/MILK10k_Training_Input/IL_8581964/ISIC_6678187.jpg,/marimo/milk10k_train_masks/IL_8581964_dermoscopic_mask.png,0.14154814814814815,valid,600x450,600x450
IL_8583674,IL_8583674,/marimo/milk10k/MILK10k_Training_Input/IL_8583674/ISIC_7454892.jpg,/marimo/milk10k_train_masks/IL_8583674_dermoscopic_mask.png,0.4855888888888889,valid,600x450,600x450
IL_8584799,IL_8584799,/marimo/milk10k/MILK10k_Training_Input/IL_8584799/ISIC_4311703.jpg,/marimo/milk10k_train_masks/IL_8584799_dermoscopic_mask.png,0.6974259259259259,valid,600x450,600x450
IL_8585271,IL_8585271,/marimo/milk10k/MILK10k_Training_Input/IL_8585271/ISIC_7962171.jpg,/marimo/milk10k_train_masks/IL_8585271_dermoscopic_mask.png,0.3240703703703704,valid,600x450,600x450
IL_8588152,IL_8588152,/marimo/milk10k/MILK10k_Training_Input/IL_8588152/ISIC_9041525.jpg,/marimo/milk10k_train_masks/IL_8588152_dermoscopic_mask.png,0.20577407407407408,valid,600x450,600x450
IL_8588315,IL_8588315,/marimo/milk10k/MILK10k_Training_Input/IL_8588315/ISIC_7548342.jpg,/marimo/milk10k_train_masks/IL_8588315_dermoscopic_mask.png,0.17733333333333334,valid,600x450,600x450
IL_8590734,IL_8590734,/marimo/milk10k/MILK10k_Training_Input/IL_8590734/ISIC_8513973.jpg,/marimo/milk10k_train_masks/IL_8590734_dermoscopic_mask.png,0.38886296296296297,valid,600x450,600x450
IL_8591988,IL_8591988,/marimo/milk10k/MILK10k_Training_Input/IL_8591988/ISIC_7472301.jpg,/marimo/milk10k_train_masks/IL_8591988_dermoscopic_mask.png,0.3325888888888889,valid,600x450,600x450
IL_8595325,IL_8595325,/marimo/milk10k/MILK10k_Training_Input/IL_8595325/ISIC_5270147.jpg,/marimo/milk10k_train_masks/IL_8595325_dermoscopic_mask.png,0.5879,valid,600x450,600x450
IL_8596118,IL_8596118,/marimo/milk10k/MILK10k_Training_Input/IL_8596118/ISIC_3201153.jpg,/marimo/milk10k_train_masks/IL_8596118_dermoscopic_mask.png,0.17894444444444443,valid,600x450,600x450
IL_8601267,IL_8601267,/marimo/milk10k/MILK10k_Training_Input/IL_8601267/ISIC_6940173.jpg,/marimo/milk10k_train_masks/IL_8601267_dermoscopic_mask.png,0.4790962962962963,valid,600x450,600x450
IL_8601379,IL_8601379,/marimo/milk10k/MILK10k_Training_Input/IL_8601379/ISIC_3479083.jpg,/marimo/milk10k_train_masks/IL_8601379_dermoscopic_mask.png,0.3105148148148148,valid,600x450,600x450
IL_8601984,IL_8601984,/marimo/milk10k/MILK10k_Training_Input/IL_8601984/ISIC_9701048.jpg,/marimo/milk10k_train_masks/IL_8601984_dermoscopic_mask.png,0.6966518518518519,valid,600x450,600x450
IL_8602483,IL_8602483,/marimo/milk10k/MILK10k_Training_Input/IL_8602483/ISIC_0204389.jpg,/marimo/milk10k_train_masks/IL_8602483_dermoscopic_mask.png,0.24022222222222223,valid,600x450,600x450
IL_8602598,IL_8602598,/marimo/milk10k/MILK10k_Training_Input/IL_8602598/ISIC_1073412.jpg,/marimo/milk10k_train_masks/IL_8602598_dermoscopic_mask.png,0.29986296296296294,valid,600x450,600x450
IL_8604749,IL_8604749,/marimo/milk10k/MILK10k_Training_Input/IL_8604749/ISIC_4654586.jpg,/marimo/milk10k_train_masks/IL_8604749_dermoscopic_mask.png,0.4341333333333333,valid,600x450,600x450
IL_8604901,IL_8604901,/marimo/milk10k/MILK10k_Training_Input/IL_8604901/ISIC_8090800.jpg,/marimo/milk10k_train_masks/IL_8604901_dermoscopic_mask.png,0.723674074074074,valid,600x450,600x450
IL_8604928,IL_8604928,/marimo/milk10k/MILK10k_Training_Input/IL_8604928/ISIC_7974271.jpg,/marimo/milk10k_train_masks/IL_8604928_dermoscopic_mask.png,0.47630370370370373,valid,600x450,600x450
IL_8606392,IL_8606392,/marimo/milk10k/MILK10k_Training_Input/IL_8606392/ISIC_4235697.jpg,/marimo/milk10k_train_masks/IL_8606392_dermoscopic_mask.png,0.23815185185185186,valid,600x450,600x450
IL_8608497,IL_8608497,/marimo/milk10k/MILK10k_Training_Input/IL_8608497/ISIC_7188705.jpg,/marimo/milk10k_train_masks/IL_8608497_dermoscopic_mask.png,0.05945185185185185,valid,600x450,600x450
IL_8610229,IL_8610229,/marimo/milk10k/MILK10k_Training_Input/IL_8610229/ISIC_0204717.jpg,/marimo/milk10k_train_masks/IL_8610229_dermoscopic_mask.png,0.22646296296296295,valid,600x450,600x450
IL_8610456,IL_8610456,/marimo/milk10k/MILK10k_Training_Input/IL_8610456/ISIC_5070126.jpg,/marimo/milk10k_train_masks/IL_8610456_dermoscopic_mask.png,0.19440370370370372,valid,600x450,600x450
IL_8611519,IL_8611519,/marimo/milk10k/MILK10k_Training_Input/IL_8611519/ISIC_4733269.jpg,/marimo/milk10k_train_masks/IL_8611519_dermoscopic_mask.png,0.08095185185185186,valid,600x450,600x450
IL_8611712,IL_8611712,/marimo/milk10k/MILK10k_Training_Input/IL_8611712/ISIC_9586991.jpg,/marimo/milk10k_train_masks/IL_8611712_dermoscopic_mask.png,0.12965925925925925,valid,600x450,600x450
IL_8612216,IL_8612216,/marimo/milk10k/MILK10k_Training_Input/IL_8612216/ISIC_3247057.jpg,/marimo/milk10k_train_masks/IL_8612216_dermoscopic_mask.png,0.22043703703703704,valid,600x450,600x450
IL_8613876,IL_8613876,/marimo/milk10k/MILK10k_Training_Input/IL_8613876/ISIC_7318590.jpg,/marimo/milk10k_train_masks/IL_8613876_dermoscopic_mask.png,0.14008518518518517,valid,600x450,600x450
IL_8618190,IL_8618190,/marimo/milk10k/MILK10k_Training_Input/IL_8618190/ISIC_2900622.jpg,/marimo/milk10k_train_masks/IL_8618190_dermoscopic_mask.png,0.6430666666666667,valid,600x450,600x450
IL_8618325,IL_8618325,/marimo/milk10k/MILK10k_Training_Input/IL_8618325/ISIC_5018463.jpg,/marimo/milk10k_train_masks/IL_8618325_dermoscopic_mask.png,0.16516296296296296,valid,600x450,600x450
IL_8619767,IL_8619767,/marimo/milk10k/MILK10k_Training_Input/IL_8619767/ISIC_2550058.jpg,/marimo/milk10k_train_masks/IL_8619767_dermoscopic_mask.png,0.11925185185185184,valid,600x450,600x450
IL_8620816,IL_8620816,/marimo/milk10k/MILK10k_Training_Input/IL_8620816/ISIC_2928924.jpg,/marimo/milk10k_train_masks/IL_8620816_dermoscopic_mask.png,0.18368518518518517,valid,600x450,600x450
IL_8621198,IL_8621198,/marimo/milk10k/MILK10k_Training_Input/IL_8621198/ISIC_0651228.jpg,/marimo/milk10k_train_masks/IL_8621198_dermoscopic_mask.png,0.1254222222222222,valid,600x450,600x450
IL_8622725,IL_8622725,/marimo/milk10k/MILK10k_Training_Input/IL_8622725/ISIC_8186630.jpg,/marimo/milk10k_train_masks/IL_8622725_dermoscopic_mask.png,0.1855,valid,600x450,600x450
IL_8623276,IL_8623276,/marimo/milk10k/MILK10k_Training_Input/IL_8623276/ISIC_3032936.jpg,/marimo/milk10k_train_masks/IL_8623276_dermoscopic_mask.png,0.4197074074074074,valid,600x450,600x450
IL_8625871,IL_8625871,/marimo/milk10k/MILK10k_Training_Input/IL_8625871/ISIC_1986655.jpg,/marimo/milk10k_train_masks/IL_8625871_dermoscopic_mask.png,0.22441851851851852,valid,600x450,600x450
IL_8626747,IL_8626747,/marimo/milk10k/MILK10k_Training_Input/IL_8626747/ISIC_2298923.jpg,/marimo/milk10k_train_masks/IL_8626747_dermoscopic_mask.png,0.30934814814814815,valid,600x450,600x450
IL_8630897,IL_8630897,/marimo/milk10k/MILK10k_Training_Input/IL_8630897/ISIC_6458884.jpg,/marimo/milk10k_train_masks/IL_8630897_dermoscopic_mask.png,0.17778888888888889,valid,600x450,600x450
IL_8631628,IL_8631628,/marimo/milk10k/MILK10k_Training_Input/IL_8631628/ISIC_7547900.jpg,/marimo/milk10k_train_masks/IL_8631628_dermoscopic_mask.png,0.41475185185185187,valid,600x450,600x450
IL_8637878,IL_8637878,/marimo/milk10k/MILK10k_Training_Input/IL_8637878/ISIC_5463407.jpg,/marimo/milk10k_train_masks/IL_8637878_dermoscopic_mask.png,0.24532962962962962,valid,600x450,600x450
IL_8638441,IL_8638441,/marimo/milk10k/MILK10k_Training_Input/IL_8638441/ISIC_5283239.jpg,/marimo/milk10k_train_masks/IL_8638441_dermoscopic_mask.png,0.27670370370370373,valid,600x450,600x450
IL_8638873,IL_8638873,/marimo/milk10k/MILK10k_Training_Input/IL_8638873/ISIC_3436668.jpg,/marimo/milk10k_train_masks/IL_8638873_dermoscopic_mask.png,0.6340111111111111,valid,600x450,600x450
IL_8642808,IL_8642808,/marimo/milk10k/MILK10k_Training_Input/IL_8642808/ISIC_2046323.jpg,/marimo/milk10k_train_masks/IL_8642808_dermoscopic_mask.png,0.30905555555555553,valid,600x450,600x450
IL_8642891,IL_8642891,/marimo/milk10k/MILK10k_Training_Input/IL_8642891/ISIC_5607139.jpg,/marimo/milk10k_train_masks/IL_8642891_dermoscopic_mask.png,0.05991111111111111,valid,600x450,600x450
IL_8643718,IL_8643718,/marimo/milk10k/MILK10k_Training_Input/IL_8643718/ISIC_5126567.jpg,/marimo/milk10k_train_masks/IL_8643718_dermoscopic_mask.png,0.8181518518518518,valid,600x450,600x450
IL_8644938,IL_8644938,/marimo/milk10k/MILK10k_Training_Input/IL_8644938/ISIC_1329438.jpg,/marimo/milk10k_train_masks/IL_8644938_dermoscopic_mask.png,0.5483222222222223,valid,600x450,600x450
IL_8646739,IL_8646739,/marimo/milk10k/MILK10k_Training_Input/IL_8646739/ISIC_7473131.jpg,/marimo/milk10k_train_masks/IL_8646739_dermoscopic_mask.png,0.14723703703703703,valid,600x450,600x450
IL_8647582,IL_8647582,/marimo/milk10k/MILK10k_Training_Input/IL_8647582/ISIC_2569198.jpg,/marimo/milk10k_train_masks/IL_8647582_dermoscopic_mask.png,0.2555962962962963,valid,600x450,600x450
IL_8647816,IL_8647816,/marimo/milk10k/MILK10k_Training_Input/IL_8647816/ISIC_5145664.jpg,/marimo/milk10k_train_masks/IL_8647816_dermoscopic_mask.png,0.3795962962962963,valid,600x450,600x450
IL_8648373,IL_8648373,/marimo/milk10k/MILK10k_Training_Input/IL_8648373/ISIC_3020882.jpg,/marimo/milk10k_train_masks/IL_8648373_dermoscopic_mask.png,0.145,valid,600x450,600x450
IL_8650225,IL_8650225,/marimo/milk10k/MILK10k_Training_Input/IL_8650225/ISIC_5866836.jpg,/marimo/milk10k_train_masks/IL_8650225_dermoscopic_mask.png,0.07575185185185185,valid,600x450,600x450
IL_8650948,IL_8650948,/marimo/milk10k/MILK10k_Training_Input/IL_8650948/ISIC_4032370.jpg,/marimo/milk10k_train_masks/IL_8650948_dermoscopic_mask.png,0.21124814814814816,valid,600x450,600x450
IL_8653374,IL_8653374,/marimo/milk10k/MILK10k_Training_Input/IL_8653374/ISIC_7401818.jpg,/marimo/milk10k_train_masks/IL_8653374_dermoscopic_mask.png,0.22083703703703703,valid,600x450,600x450
IL_8657794,IL_8657794,/marimo/milk10k/MILK10k_Training_Input/IL_8657794/ISIC_2927179.jpg,/marimo/milk10k_train_masks/IL_8657794_dermoscopic_mask.png,0.009485185185185185,too_small,600x450,600x450
IL_8658177,IL_8658177,/marimo/milk10k/MILK10k_Training_Input/IL_8658177/ISIC_3405243.jpg,/marimo/milk10k_train_masks/IL_8658177_dermoscopic_mask.png,0.25637037037037036,valid,600x450,600x450
IL_8659124,IL_8659124,/marimo/milk10k/MILK10k_Training_Input/IL_8659124/ISIC_1909053.jpg,/marimo/milk10k_train_masks/IL_8659124_dermoscopic_mask.png,0.2660925925925926,valid,600x450,600x450
IL_8660536,IL_8660536,/marimo/milk10k/MILK10k_Training_Input/IL_8660536/ISIC_1983761.jpg,/marimo/milk10k_train_masks/IL_8660536_dermoscopic_mask.png,0.30797407407407407,valid,600x450,600x450
IL_8662195,IL_8662195,/marimo/milk10k/MILK10k_Training_Input/IL_8662195/ISIC_8035327.jpg,/marimo/milk10k_train_masks/IL_8662195_dermoscopic_mask.png,0.4521925925925926,valid,600x450,600x450
IL_8662506,IL_8662506,/marimo/milk10k/MILK10k_Training_Input/IL_8662506/ISIC_2320042.jpg,/marimo/milk10k_train_masks/IL_8662506_dermoscopic_mask.png,0.20827407407407408,valid,600x450,600x450
IL_8663536,IL_8663536,/marimo/milk10k/MILK10k_Training_Input/IL_8663536/ISIC_1074795.jpg,/marimo/milk10k_train_masks/IL_8663536_dermoscopic_mask.png,0.5042,valid,600x450,600x450
IL_8666651,IL_8666651,/marimo/milk10k/MILK10k_Training_Input/IL_8666651/ISIC_1607500.jpg,/marimo/milk10k_train_masks/IL_8666651_dermoscopic_mask.png,0.2720962962962963,valid,600x450,600x450
IL_8671827,IL_8671827,/marimo/milk10k/MILK10k_Training_Input/IL_8671827/ISIC_6906027.jpg,/marimo/milk10k_train_masks/IL_8671827_dermoscopic_mask.png,0.03328888888888889,valid,600x450,600x450
IL_8674399,IL_8674399,/marimo/milk10k/MILK10k_Training_Input/IL_8674399/ISIC_4444955.jpg,/marimo/milk10k_train_masks/IL_8674399_dermoscopic_mask.png,0.23932962962962964,valid,600x450,600x450
IL_8675438,IL_8675438,/marimo/milk10k/MILK10k_Training_Input/IL_8675438/ISIC_1159427.jpg,/marimo/milk10k_train_masks/IL_8675438_dermoscopic_mask.png,0.36066296296296296,valid,600x450,600x450
IL_8678010,IL_8678010,/marimo/milk10k/MILK10k_Training_Input/IL_8678010/ISIC_3022005.jpg,/marimo/milk10k_train_masks/IL_8678010_dermoscopic_mask.png,0.27107777777777775,valid,600x450,600x450
IL_8679455,IL_8679455,/marimo/milk10k/MILK10k_Training_Input/IL_8679455/ISIC_4481385.jpg,/marimo/milk10k_train_masks/IL_8679455_dermoscopic_mask.png,0.23952592592592592,valid,600x450,600x450
IL_8679586,IL_8679586,/marimo/milk10k/MILK10k_Training_Input/IL_8679586/ISIC_7929528.jpg,/marimo/milk10k_train_masks/IL_8679586_dermoscopic_mask.png,0.24845555555555557,valid,600x450,600x450
IL_8681344,IL_8681344,/marimo/milk10k/MILK10k_Training_Input/IL_8681344/ISIC_4788552.jpg,/marimo/milk10k_train_masks/IL_8681344_dermoscopic_mask.png,0.5639148148148149,valid,600x450,600x450
IL_8683855,IL_8683855,/marimo/milk10k/MILK10k_Training_Input/IL_8683855/ISIC_5427398.jpg,/marimo/milk10k_train_masks/IL_8683855_dermoscopic_mask.png,0.15733703703703703,valid,600x450,600x450
IL_8684310,IL_8684310,/marimo/milk10k/MILK10k_Training_Input/IL_8684310/ISIC_1967830.jpg,/marimo/milk10k_train_masks/IL_8684310_dermoscopic_mask.png,0.14607777777777778,valid,600x450,600x450
IL_8689446,IL_8689446,/marimo/milk10k/MILK10k_Training_Input/IL_8689446/ISIC_9445672.jpg,/marimo/milk10k_train_masks/IL_8689446_dermoscopic_mask.png,0.20028888888888888,valid,600x450,600x450
IL_8692782,IL_8692782,/marimo/milk10k/MILK10k_Training_Input/IL_8692782/ISIC_7918518.jpg,/marimo/milk10k_train_masks/IL_8692782_dermoscopic_mask.png,0.3157074074074074,valid,600x450,600x450
IL_8695505,IL_8695505,/marimo/milk10k/MILK10k_Training_Input/IL_8695505/ISIC_1491798.jpg,/marimo/milk10k_train_masks/IL_8695505_dermoscopic_mask.png,0.4712074074074074,valid,600x450,600x450
IL_8698516,IL_8698516,/marimo/milk10k/MILK10k_Training_Input/IL_8698516/ISIC_3860071.jpg,/marimo/milk10k_train_masks/IL_8698516_dermoscopic_mask.png,0.35094444444444445,valid,600x450,600x450
IL_8702046,IL_8702046,/marimo/milk10k/MILK10k_Training_Input/IL_8702046/ISIC_8642318.jpg,/marimo/milk10k_train_masks/IL_8702046_dermoscopic_mask.png,0.40483703703703705,valid,600x450,600x450
IL_8702117,IL_8702117,/marimo/milk10k/MILK10k_Training_Input/IL_8702117/ISIC_0897372.jpg,/marimo/milk10k_train_masks/IL_8702117_dermoscopic_mask.png,0.16033703703703703,valid,600x450,600x450
IL_8703940,IL_8703940,/marimo/milk10k/MILK10k_Training_Input/IL_8703940/ISIC_0116442.jpg,/marimo/milk10k_train_masks/IL_8703940_dermoscopic_mask.png,0.5836148148148148,valid,600x450,600x450
IL_8706105,IL_8706105,/marimo/milk10k/MILK10k_Training_Input/IL_8706105/ISIC_0082638.jpg,/marimo/milk10k_train_masks/IL_8706105_dermoscopic_mask.png,0.36767037037037037,valid,600x450,600x450
IL_8711548,IL_8711548,/marimo/milk10k/MILK10k_Training_Input/IL_8711548/ISIC_1955962.jpg,/marimo/milk10k_train_masks/IL_8711548_dermoscopic_mask.png,0.3348074074074074,valid,600x450,600x450
IL_8711838,IL_8711838,/marimo/milk10k/MILK10k_Training_Input/IL_8711838/ISIC_3735481.jpg,/marimo/milk10k_train_masks/IL_8711838_dermoscopic_mask.png,0.22240740740740741,valid,600x450,600x450
IL_8713171,IL_8713171,/marimo/milk10k/MILK10k_Training_Input/IL_8713171/ISIC_1199167.jpg,/marimo/milk10k_train_masks/IL_8713171_dermoscopic_mask.png,0.1950888888888889,valid,600x450,600x450
IL_8714765,IL_8714765,/marimo/milk10k/MILK10k_Training_Input/IL_8714765/ISIC_7675736.jpg,/marimo/milk10k_train_masks/IL_8714765_dermoscopic_mask.png,0.9297925925925926,valid,600x450,600x450
IL_8716299,IL_8716299,/marimo/milk10k/MILK10k_Training_Input/IL_8716299/ISIC_2568976.jpg,/marimo/milk10k_train_masks/IL_8716299_dermoscopic_mask.png,0.3486888888888889,valid,600x450,600x450
IL_8717569,IL_8717569,/marimo/milk10k/MILK10k_Training_Input/IL_8717569/ISIC_1861788.jpg,/marimo/milk10k_train_masks/IL_8717569_dermoscopic_mask.png,0.6857148148148148,valid,600x450,600x450
IL_8717683,IL_8717683,/marimo/milk10k/MILK10k_Training_Input/IL_8717683/ISIC_9714916.jpg,/marimo/milk10k_train_masks/IL_8717683_dermoscopic_mask.png,0.539,valid,600x450,600x450
IL_8719061,IL_8719061,/marimo/milk10k/MILK10k_Training_Input/IL_8719061/ISIC_8890680.jpg,/marimo/milk10k_train_masks/IL_8719061_dermoscopic_mask.png,0.15593703703703704,valid,600x450,600x450
IL_8720951,IL_8720951,/marimo/milk10k/MILK10k_Training_Input/IL_8720951/ISIC_4891216.jpg,/marimo/milk10k_train_masks/IL_8720951_dermoscopic_mask.png,0.0514962962962963,valid,600x450,600x450
IL_8723146,IL_8723146,/marimo/milk10k/MILK10k_Training_Input/IL_8723146/ISIC_2340494.jpg,/marimo/milk10k_train_masks/IL_8723146_dermoscopic_mask.png,0.2142111111111111,valid,600x450,600x450
IL_8725130,IL_8725130,/marimo/milk10k/MILK10k_Training_Input/IL_8725130/ISIC_8059473.jpg,/marimo/milk10k_train_masks/IL_8725130_dermoscopic_mask.png,0.9300703703703703,valid,600x450,600x450
IL_8726676,IL_8726676,/marimo/milk10k/MILK10k_Training_Input/IL_8726676/ISIC_5042080.jpg,/marimo/milk10k_train_masks/IL_8726676_dermoscopic_mask.png,0.10039259259259259,valid,600x450,600x450
IL_8727543,IL_8727543,/marimo/milk10k/MILK10k_Training_Input/IL_8727543/ISIC_1136271.jpg,/marimo/milk10k_train_masks/IL_8727543_dermoscopic_mask.png,0.20091111111111112,valid,600x450,600x450
IL_8732835,IL_8732835,/marimo/milk10k/MILK10k_Training_Input/IL_8732835/ISIC_6854604.jpg,/marimo/milk10k_train_masks/IL_8732835_dermoscopic_mask.png,0.20144074074074075,valid,600x450,600x450
IL_8735984,IL_8735984,/marimo/milk10k/MILK10k_Training_Input/IL_8735984/ISIC_3545744.jpg,/marimo/milk10k_train_masks/IL_8735984_dermoscopic_mask.png,0.2682074074074074,valid,600x450,600x450
IL_8736766,IL_8736766,/marimo/milk10k/MILK10k_Training_Input/IL_8736766/ISIC_6955501.jpg,/marimo/milk10k_train_masks/IL_8736766_dermoscopic_mask.png,0.15813333333333332,valid,600x450,600x450
IL_8739695,IL_8739695,/marimo/milk10k/MILK10k_Training_Input/IL_8739695/ISIC_6958882.jpg,/marimo/milk10k_train_masks/IL_8739695_dermoscopic_mask.png,0.19961481481481483,valid,600x450,600x450
IL_8747849,IL_8747849,/marimo/milk10k/MILK10k_Training_Input/IL_8747849/ISIC_5157183.jpg,/marimo/milk10k_train_masks/IL_8747849_dermoscopic_mask.png,0.1637111111111111,valid,600x450,600x450
IL_8748283,IL_8748283,/marimo/milk10k/MILK10k_Training_Input/IL_8748283/ISIC_2530103.jpg,/marimo/milk10k_train_masks/IL_8748283_dermoscopic_mask.png,0.6869851851851851,valid,600x450,600x450
IL_8752697,IL_8752697,/marimo/milk10k/MILK10k_Training_Input/IL_8752697/ISIC_2209183.jpg,/marimo/milk10k_train_masks/IL_8752697_dermoscopic_mask.png,0.3400925925925926,valid,600x450,600x450
IL_8756948,IL_8756948,/marimo/milk10k/MILK10k_Training_Input/IL_8756948/ISIC_2426257.jpg,/marimo/milk10k_train_masks/IL_8756948_dermoscopic_mask.png,0.2194074074074074,valid,600x450,600x450
IL_8758801,IL_8758801,/marimo/milk10k/MILK10k_Training_Input/IL_8758801/ISIC_6693138.jpg,/marimo/milk10k_train_masks/IL_8758801_dermoscopic_mask.png,0.435437037037037,valid,600x450,600x450
IL_8758907,IL_8758907,/marimo/milk10k/MILK10k_Training_Input/IL_8758907/ISIC_6272354.jpg,/marimo/milk10k_train_masks/IL_8758907_dermoscopic_mask.png,0.15274814814814816,valid,600x450,600x450
IL_8760239,IL_8760239,/marimo/milk10k/MILK10k_Training_Input/IL_8760239/ISIC_9826615.jpg,/marimo/milk10k_train_masks/IL_8760239_dermoscopic_mask.png,0.5829296296296296,valid,600x450,600x450
IL_8762954,IL_8762954,/marimo/milk10k/MILK10k_Training_Input/IL_8762954/ISIC_5480309.jpg,/marimo/milk10k_train_masks/IL_8762954_dermoscopic_mask.png,0.06960370370370371,valid,600x450,600x450
IL_8767965,IL_8767965,/marimo/milk10k/MILK10k_Training_Input/IL_8767965/ISIC_2368450.jpg,/marimo/milk10k_train_masks/IL_8767965_dermoscopic_mask.png,0.742437037037037,valid,600x450,600x450
IL_8778181,IL_8778181,/marimo/milk10k/MILK10k_Training_Input/IL_8778181/ISIC_4378484.jpg,/marimo/milk10k_train_masks/IL_8778181_dermoscopic_mask.png,0.06194074074074074,valid,600x450,600x450
IL_8783042,IL_8783042,/marimo/milk10k/MILK10k_Training_Input/IL_8783042/ISIC_9597152.jpg,/marimo/milk10k_train_masks/IL_8783042_dermoscopic_mask.png,0.13793333333333332,valid,600x450,600x450
IL_8783670,IL_8783670,/marimo/milk10k/MILK10k_Training_Input/IL_8783670/ISIC_3596524.jpg,/marimo/milk10k_train_masks/IL_8783670_dermoscopic_mask.png,0.21447777777777777,valid,600x450,600x450
IL_8784300,IL_8784300,/marimo/milk10k/MILK10k_Training_Input/IL_8784300/ISIC_0531382.jpg,/marimo/milk10k_train_masks/IL_8784300_dermoscopic_mask.png,0.1250925925925926,valid,600x450,600x450
IL_8784837,IL_8784837,/marimo/milk10k/MILK10k_Training_Input/IL_8784837/ISIC_3178739.jpg,/marimo/milk10k_train_masks/IL_8784837_dermoscopic_mask.png,0.34154814814814816,valid,600x450,600x450
IL_8788016,IL_8788016,/marimo/milk10k/MILK10k_Training_Input/IL_8788016/ISIC_3094600.jpg,/marimo/milk10k_train_masks/IL_8788016_dermoscopic_mask.png,0.22512592592592592,valid,600x450,600x450
IL_8788883,IL_8788883,/marimo/milk10k/MILK10k_Training_Input/IL_8788883/ISIC_1749046.jpg,/marimo/milk10k_train_masks/IL_8788883_dermoscopic_mask.png,0.48594074074074073,valid,600x450,600x450
IL_8790863,IL_8790863,/marimo/milk10k/MILK10k_Training_Input/IL_8790863/ISIC_6769979.jpg,/marimo/milk10k_train_masks/IL_8790863_dermoscopic_mask.png,0.1943,valid,600x450,600x450
IL_8793301,IL_8793301,/marimo/milk10k/MILK10k_Training_Input/IL_8793301/ISIC_8802957.jpg,/marimo/milk10k_train_masks/IL_8793301_dermoscopic_mask.png,0.13955185185185184,valid,600x450,600x450
IL_8800243,IL_8800243,/marimo/milk10k/MILK10k_Training_Input/IL_8800243/ISIC_7347180.jpg,/marimo/milk10k_train_masks/IL_8800243_dermoscopic_mask.png,0.4351851851851852,valid,600x450,600x450
IL_8803152,IL_8803152,/marimo/milk10k/MILK10k_Training_Input/IL_8803152/ISIC_4949237.jpg,/marimo/milk10k_train_masks/IL_8803152_dermoscopic_mask.png,0.5269666666666667,valid,600x450,600x450
IL_8803533,IL_8803533,/marimo/milk10k/MILK10k_Training_Input/IL_8803533/ISIC_5424675.jpg,/marimo/milk10k_train_masks/IL_8803533_dermoscopic_mask.png,0.2745185185185185,valid,600x450,600x450
IL_8805142,IL_8805142,/marimo/milk10k/MILK10k_Training_Input/IL_8805142/ISIC_4602849.jpg,/marimo/milk10k_train_masks/IL_8805142_dermoscopic_mask.png,0.4970925925925926,valid,600x450,600x450
IL_8808528,IL_8808528,/marimo/milk10k/MILK10k_Training_Input/IL_8808528/ISIC_7214986.jpg,/marimo/milk10k_train_masks/IL_8808528_dermoscopic_mask.png,0.3413962962962963,valid,600x450,600x450
IL_8813361,IL_8813361,/marimo/milk10k/MILK10k_Training_Input/IL_8813361/ISIC_3122081.jpg,/marimo/milk10k_train_masks/IL_8813361_dermoscopic_mask.png,0.1837851851851852,valid,600x450,600x450
IL_8814250,IL_8814250,/marimo/milk10k/MILK10k_Training_Input/IL_8814250/ISIC_2240759.jpg,/marimo/milk10k_train_masks/IL_8814250_dermoscopic_mask.png,0.1437037037037037,valid,600x450,600x450
IL_8819924,IL_8819924,/marimo/milk10k/MILK10k_Training_Input/IL_8819924/ISIC_9281043.jpg,/marimo/milk10k_train_masks/IL_8819924_dermoscopic_mask.png,0.1293,valid,600x450,600x450
IL_8821899,IL_8821899,/marimo/milk10k/MILK10k_Training_Input/IL_8821899/ISIC_1664514.jpg,/marimo/milk10k_train_masks/IL_8821899_dermoscopic_mask.png,0.21482962962962962,valid,600x450,600x450
IL_8822249,IL_8822249,/marimo/milk10k/MILK10k_Training_Input/IL_8822249/ISIC_1642723.jpg,/marimo/milk10k_train_masks/IL_8822249_dermoscopic_mask.png,0.13406296296296297,valid,600x450,600x450
IL_8823164,IL_8823164,/marimo/milk10k/MILK10k_Training_Input/IL_8823164/ISIC_2925612.jpg,/marimo/milk10k_train_masks/IL_8823164_dermoscopic_mask.png,0.3233333333333333,valid,600x450,600x450
IL_8824711,IL_8824711,/marimo/milk10k/MILK10k_Training_Input/IL_8824711/ISIC_1217694.jpg,/marimo/milk10k_train_masks/IL_8824711_dermoscopic_mask.png,0.40005555555555555,valid,600x450,600x450
IL_8825058,IL_8825058,/marimo/milk10k/MILK10k_Training_Input/IL_8825058/ISIC_3042275.jpg,/marimo/milk10k_train_masks/IL_8825058_dermoscopic_mask.png,0.03051111111111111,valid,600x450,600x450
IL_8826018,IL_8826018,/marimo/milk10k/MILK10k_Training_Input/IL_8826018/ISIC_9250781.jpg,/marimo/milk10k_train_masks/IL_8826018_dermoscopic_mask.png,0.6279666666666667,valid,600x450,600x450
IL_8834020,IL_8834020,/marimo/milk10k/MILK10k_Training_Input/IL_8834020/ISIC_8168496.jpg,/marimo/milk10k_train_masks/IL_8834020_dermoscopic_mask.png,0.5878037037037037,valid,600x450,600x450
IL_8835996,IL_8835996,/marimo/milk10k/MILK10k_Training_Input/IL_8835996/ISIC_9931935.jpg,/marimo/milk10k_train_masks/IL_8835996_dermoscopic_mask.png,0.27148518518518516,valid,600x450,600x450
IL_8839163,IL_8839163,/marimo/milk10k/MILK10k_Training_Input/IL_8839163/ISIC_8433656.jpg,/marimo/milk10k_train_masks/IL_8839163_dermoscopic_mask.png,0.4670111111111111,valid,600x450,600x450
IL_8843384,IL_8843384,/marimo/milk10k/MILK10k_Training_Input/IL_8843384/ISIC_0422017.jpg,/marimo/milk10k_train_masks/IL_8843384_dermoscopic_mask.png,0.21035555555555555,valid,600x450,600x450
IL_8845564,IL_8845564,/marimo/milk10k/MILK10k_Training_Input/IL_8845564/ISIC_4235290.jpg,/marimo/milk10k_train_masks/IL_8845564_dermoscopic_mask.png,0.05085555555555556,valid,600x450,600x450
IL_8845602,IL_8845602,/marimo/milk10k/MILK10k_Training_Input/IL_8845602/ISIC_8618352.jpg,/marimo/milk10k_train_masks/IL_8845602_dermoscopic_mask.png,0.22493703703703705,valid,600x450,600x450
IL_8846733,IL_8846733,/marimo/milk10k/MILK10k_Training_Input/IL_8846733/ISIC_7298601.jpg,/marimo/milk10k_train_masks/IL_8846733_dermoscopic_mask.png,0.21797407407407407,valid,600x450,600x450
IL_8848308,IL_8848308,/marimo/milk10k/MILK10k_Training_Input/IL_8848308/ISIC_0251142.jpg,/marimo/milk10k_train_masks/IL_8848308_dermoscopic_mask.png,0.08421111111111111,valid,600x450,600x450
IL_8850331,IL_8850331,/marimo/milk10k/MILK10k_Training_Input/IL_8850331/ISIC_8874166.jpg,/marimo/milk10k_train_masks/IL_8850331_dermoscopic_mask.png,0.7471481481481481,valid,600x450,600x450
IL_8850639,IL_8850639,/marimo/milk10k/MILK10k_Training_Input/IL_8850639/ISIC_8437510.jpg,/marimo/milk10k_train_masks/IL_8850639_dermoscopic_mask.png,0.5160148148148148,valid,600x450,600x450
IL_8853986,IL_8853986,/marimo/milk10k/MILK10k_Training_Input/IL_8853986/ISIC_5093862.jpg,/marimo/milk10k_train_masks/IL_8853986_dermoscopic_mask.png,0.4573814814814815,valid,600x450,600x450
IL_8854327,IL_8854327,/marimo/milk10k/MILK10k_Training_Input/IL_8854327/ISIC_0645934.jpg,/marimo/milk10k_train_masks/IL_8854327_dermoscopic_mask.png,0.38989259259259257,valid,600x450,600x450
IL_8854625,IL_8854625,/marimo/milk10k/MILK10k_Training_Input/IL_8854625/ISIC_1649481.jpg,/marimo/milk10k_train_masks/IL_8854625_dermoscopic_mask.png,0.6192222222222222,valid,600x450,600x450
IL_8855847,IL_8855847,/marimo/milk10k/MILK10k_Training_Input/IL_8855847/ISIC_8708228.jpg,/marimo/milk10k_train_masks/IL_8855847_dermoscopic_mask.png,0.251937037037037,valid,600x450,600x450
IL_8859314,IL_8859314,/marimo/milk10k/MILK10k_Training_Input/IL_8859314/ISIC_6795963.jpg,/marimo/milk10k_train_masks/IL_8859314_dermoscopic_mask.png,0.2906444444444444,valid,600x450,600x450
IL_8861890,IL_8861890,/marimo/milk10k/MILK10k_Training_Input/IL_8861890/ISIC_7902320.jpg,/marimo/milk10k_train_masks/IL_8861890_dermoscopic_mask.png,0.11821851851851851,valid,600x450,600x450
IL_8863654,IL_8863654,/marimo/milk10k/MILK10k_Training_Input/IL_8863654/ISIC_8134181.jpg,/marimo/milk10k_train_masks/IL_8863654_dermoscopic_mask.png,0.47272592592592594,valid,600x450,600x450
IL_8863823,IL_8863823,/marimo/milk10k/MILK10k_Training_Input/IL_8863823/ISIC_1658137.jpg,/marimo/milk10k_train_masks/IL_8863823_dermoscopic_mask.png,0.3018037037037037,valid,600x450,600x450
IL_8864520,IL_8864520,/marimo/milk10k/MILK10k_Training_Input/IL_8864520/ISIC_7907324.jpg,/marimo/milk10k_train_masks/IL_8864520_dermoscopic_mask.png,0.6000592592592593,valid,600x450,600x450
IL_8864623,IL_8864623,/marimo/milk10k/MILK10k_Training_Input/IL_8864623/ISIC_3113033.jpg,/marimo/milk10k_train_masks/IL_8864623_dermoscopic_mask.png,0.019974074074074075,valid,600x450,600x450
IL_8869831,IL_8869831,/marimo/milk10k/MILK10k_Training_Input/IL_8869831/ISIC_7890222.jpg,/marimo/milk10k_train_masks/IL_8869831_dermoscopic_mask.png,0.47677037037037034,valid,600x450,600x450
IL_8869881,IL_8869881,/marimo/milk10k/MILK10k_Training_Input/IL_8869881/ISIC_4377239.jpg,/marimo/milk10k_train_masks/IL_8869881_dermoscopic_mask.png,0.501362962962963,valid,600x450,600x450
IL_8875677,IL_8875677,/marimo/milk10k/MILK10k_Training_Input/IL_8875677/ISIC_0650927.jpg,/marimo/milk10k_train_masks/IL_8875677_dermoscopic_mask.png,0.565274074074074,valid,600x450,600x450
IL_8876337,IL_8876337,/marimo/milk10k/MILK10k_Training_Input/IL_8876337/ISIC_4349004.jpg,/marimo/milk10k_train_masks/IL_8876337_dermoscopic_mask.png,0.2258962962962963,valid,600x450,600x450
IL_8876914,IL_8876914,/marimo/milk10k/MILK10k_Training_Input/IL_8876914/ISIC_4370676.jpg,/marimo/milk10k_train_masks/IL_8876914_dermoscopic_mask.png,0.19744814814814815,valid,600x450,600x450
IL_8877629,IL_8877629,/marimo/milk10k/MILK10k_Training_Input/IL_8877629/ISIC_5932820.jpg,/marimo/milk10k_train_masks/IL_8877629_dermoscopic_mask.png,0.7956111111111112,valid,600x450,600x450
IL_8880456,IL_8880456,/marimo/milk10k/MILK10k_Training_Input/IL_8880456/ISIC_2973607.jpg,/marimo/milk10k_train_masks/IL_8880456_dermoscopic_mask.png,0.18883333333333333,valid,600x450,600x450
IL_8885600,IL_8885600,/marimo/milk10k/MILK10k_Training_Input/IL_8885600/ISIC_5200686.jpg,/marimo/milk10k_train_masks/IL_8885600_dermoscopic_mask.png,0.47902962962962964,valid,600x450,600x450
IL_8887845,IL_8887845,/marimo/milk10k/MILK10k_Training_Input/IL_8887845/ISIC_5372934.jpg,/marimo/milk10k_train_masks/IL_8887845_dermoscopic_mask.png,0.23700740740740742,valid,600x450,600x450
IL_8890308,IL_8890308,/marimo/milk10k/MILK10k_Training_Input/IL_8890308/ISIC_9918302.jpg,/marimo/milk10k_train_masks/IL_8890308_dermoscopic_mask.png,0.0004111111111111111,too_small,600x450,600x450
IL_8890453,IL_8890453,/marimo/milk10k/MILK10k_Training_Input/IL_8890453/ISIC_1326092.jpg,/marimo/milk10k_train_masks/IL_8890453_dermoscopic_mask.png,0.3434740740740741,valid,600x450,600x450
IL_8891423,IL_8891423,/marimo/milk10k/MILK10k_Training_Input/IL_8891423/ISIC_8470224.jpg,/marimo/milk10k_train_masks/IL_8891423_dermoscopic_mask.png,0.33197777777777776,valid,600x450,600x450
IL_8892581,IL_8892581,/marimo/milk10k/MILK10k_Training_Input/IL_8892581/ISIC_3905157.jpg,/marimo/milk10k_train_masks/IL_8892581_dermoscopic_mask.png,0.27424074074074073,valid,600x450,600x450
IL_8893510,IL_8893510,/marimo/milk10k/MILK10k_Training_Input/IL_8893510/ISIC_1208071.jpg,/marimo/milk10k_train_masks/IL_8893510_dermoscopic_mask.png,0.5949925925925926,valid,600x450,600x450
IL_8893522,IL_8893522,/marimo/milk10k/MILK10k_Training_Input/IL_8893522/ISIC_7042940.jpg,/marimo/milk10k_train_masks/IL_8893522_dermoscopic_mask.png,0.4162888888888889,valid,600x450,600x450
IL_8894950,IL_8894950,/marimo/milk10k/MILK10k_Training_Input/IL_8894950/ISIC_7535768.jpg,/marimo/milk10k_train_masks/IL_8894950_dermoscopic_mask.png,0.6507185185185185,valid,600x450,600x450
IL_8903764,IL_8903764,/marimo/milk10k/MILK10k_Training_Input/IL_8903764/ISIC_7885691.jpg,/marimo/milk10k_train_masks/IL_8903764_dermoscopic_mask.png,0.7635481481481482,valid,600x450,600x450
IL_8904932,IL_8904932,/marimo/milk10k/MILK10k_Training_Input/IL_8904932/ISIC_8339951.jpg,/marimo/milk10k_train_masks/IL_8904932_dermoscopic_mask.png,0.4993592592592593,valid,600x450,600x450
IL_8907892,IL_8907892,/marimo/milk10k/MILK10k_Training_Input/IL_8907892/ISIC_2187348.jpg,/marimo/milk10k_train_masks/IL_8907892_dermoscopic_mask.png,0.5881518518518518,valid,600x450,600x450
IL_8908533,IL_8908533,/marimo/milk10k/MILK10k_Training_Input/IL_8908533/ISIC_0974866.jpg,/marimo/milk10k_train_masks/IL_8908533_dermoscopic_mask.png,0.3269666666666667,valid,600x450,600x450
IL_8908582,IL_8908582,/marimo/milk10k/MILK10k_Training_Input/IL_8908582/ISIC_2724480.jpg,/marimo/milk10k_train_masks/IL_8908582_dermoscopic_mask.png,0.25586296296296296,valid,600x450,600x450
IL_8914005,IL_8914005,/marimo/milk10k/MILK10k_Training_Input/IL_8914005/ISIC_5944362.jpg,/marimo/milk10k_train_masks/IL_8914005_dermoscopic_mask.png,0.40698518518518517,valid,600x450,600x450
IL_8918294,IL_8918294,/marimo/milk10k/MILK10k_Training_Input/IL_8918294/ISIC_0715665.jpg,/marimo/milk10k_train_masks/IL_8918294_dermoscopic_mask.png,0.17135555555555557,valid,600x450,600x450
IL_8918323,IL_8918323,/marimo/milk10k/MILK10k_Training_Input/IL_8918323/ISIC_5997052.jpg,/marimo/milk10k_train_masks/IL_8918323_dermoscopic_mask.png,0.23075185185185185,valid,600x450,600x450
IL_8922194,IL_8922194,/marimo/milk10k/MILK10k_Training_Input/IL_8922194/ISIC_8472225.jpg,/marimo/milk10k_train_masks/IL_8922194_dermoscopic_mask.png,0.09788888888888889,valid,600x450,600x450
IL_8925719,IL_8925719,/marimo/milk10k/MILK10k_Training_Input/IL_8925719/ISIC_2202519.jpg,/marimo/milk10k_train_masks/IL_8925719_dermoscopic_mask.png,0.046092592592592595,valid,600x450,600x450
IL_8927794,IL_8927794,/marimo/milk10k/MILK10k_Training_Input/IL_8927794/ISIC_7105949.jpg,/marimo/milk10k_train_masks/IL_8927794_dermoscopic_mask.png,0.4351037037037037,valid,600x450,600x450
IL_8931844,IL_8931844,/marimo/milk10k/MILK10k_Training_Input/IL_8931844/ISIC_0373682.jpg,/marimo/milk10k_train_masks/IL_8931844_dermoscopic_mask.png,0.3160851851851852,valid,600x450,600x450
IL_8932098,IL_8932098,/marimo/milk10k/MILK10k_Training_Input/IL_8932098/ISIC_2311991.jpg,/marimo/milk10k_train_masks/IL_8932098_dermoscopic_mask.png,0.09347407407407407,valid,600x450,600x450
IL_8933396,IL_8933396,/marimo/milk10k/MILK10k_Training_Input/IL_8933396/ISIC_8981897.jpg,/marimo/milk10k_train_masks/IL_8933396_dermoscopic_mask.png,0.4423074074074074,valid,600x450,600x450
IL_8937379,IL_8937379,/marimo/milk10k/MILK10k_Training_Input/IL_8937379/ISIC_1102915.jpg,/marimo/milk10k_train_masks/IL_8937379_dermoscopic_mask.png,0.1878037037037037,valid,600x450,600x450
IL_8939898,IL_8939898,/marimo/milk10k/MILK10k_Training_Input/IL_8939898/ISIC_9098782.jpg,/marimo/milk10k_train_masks/IL_8939898_dermoscopic_mask.png,0.07304074074074074,valid,600x450,600x450
IL_8944802,IL_8944802,/marimo/milk10k/MILK10k_Training_Input/IL_8944802/ISIC_0690986.jpg,/marimo/milk10k_train_masks/IL_8944802_dermoscopic_mask.png,0.17350740740740742,valid,600x450,600x450
IL_8946416,IL_8946416,/marimo/milk10k/MILK10k_Training_Input/IL_8946416/ISIC_8137029.jpg,/marimo/milk10k_train_masks/IL_8946416_dermoscopic_mask.png,0.42611481481481484,valid,600x450,600x450
IL_8950937,IL_8950937,/marimo/milk10k/MILK10k_Training_Input/IL_8950937/ISIC_6751355.jpg,/marimo/milk10k_train_masks/IL_8950937_dermoscopic_mask.png,0.5290111111111111,valid,600x450,600x450
IL_8951938,IL_8951938,/marimo/milk10k/MILK10k_Training_Input/IL_8951938/ISIC_4935816.jpg,/marimo/milk10k_train_masks/IL_8951938_dermoscopic_mask.png,0.34926666666666667,valid,600x450,600x450
IL_8954957,IL_8954957,/marimo/milk10k/MILK10k_Training_Input/IL_8954957/ISIC_8448006.jpg,/marimo/milk10k_train_masks/IL_8954957_dermoscopic_mask.png,0.3546,valid,600x450,600x450
IL_8955960,IL_8955960,/marimo/milk10k/MILK10k_Training_Input/IL_8955960/ISIC_4354115.jpg,/marimo/milk10k_train_masks/IL_8955960_dermoscopic_mask.png,0.2597814814814815,valid,600x450,600x450
IL_8957515,IL_8957515,/marimo/milk10k/MILK10k_Training_Input/IL_8957515/ISIC_8686696.jpg,/marimo/milk10k_train_masks/IL_8957515_dermoscopic_mask.png,0.2712148148148148,valid,600x450,600x450
IL_8962270,IL_8962270,/marimo/milk10k/MILK10k_Training_Input/IL_8962270/ISIC_5950652.jpg,/marimo/milk10k_train_masks/IL_8962270_dermoscopic_mask.png,0.2587888888888889,valid,600x450,600x450
IL_8970458,IL_8970458,/marimo/milk10k/MILK10k_Training_Input/IL_8970458/ISIC_4485467.jpg,/marimo/milk10k_train_masks/IL_8970458_dermoscopic_mask.png,0.603362962962963,valid,600x450,600x450
IL_8971740,IL_8971740,/marimo/milk10k/MILK10k_Training_Input/IL_8971740/ISIC_2515838.jpg,/marimo/milk10k_train_masks/IL_8971740_dermoscopic_mask.png,0.41085185185185186,valid,600x450,600x450
IL_8973483,IL_8973483,/marimo/milk10k/MILK10k_Training_Input/IL_8973483/ISIC_5328474.jpg,/marimo/milk10k_train_masks/IL_8973483_dermoscopic_mask.png,0.6331666666666667,valid,600x450,600x450
IL_8976985,IL_8976985,/marimo/milk10k/MILK10k_Training_Input/IL_8976985/ISIC_2184268.jpg,/marimo/milk10k_train_masks/IL_8976985_dermoscopic_mask.png,0.6210777777777777,valid,600x450,600x450
IL_8978471,IL_8978471,/marimo/milk10k/MILK10k_Training_Input/IL_8978471/ISIC_0101955.jpg,/marimo/milk10k_train_masks/IL_8978471_dermoscopic_mask.png,0.4628074074074074,valid,600x450,600x450
IL_8980429,IL_8980429,/marimo/milk10k/MILK10k_Training_Input/IL_8980429/ISIC_5739264.jpg,/marimo/milk10k_train_masks/IL_8980429_dermoscopic_mask.png,0.09912592592592592,valid,600x450,600x450
IL_8983305,IL_8983305,/marimo/milk10k/MILK10k_Training_Input/IL_8983305/ISIC_7365593.jpg,/marimo/milk10k_train_masks/IL_8983305_dermoscopic_mask.png,0.3227481481481482,valid,600x450,600x450
IL_8984570,IL_8984570,/marimo/milk10k/MILK10k_Training_Input/IL_8984570/ISIC_1845922.jpg,/marimo/milk10k_train_masks/IL_8984570_dermoscopic_mask.png,0.23036296296296296,valid,600x450,600x450
IL_8987309,IL_8987309,/marimo/milk10k/MILK10k_Training_Input/IL_8987309/ISIC_0664879.jpg,/marimo/milk10k_train_masks/IL_8987309_dermoscopic_mask.png,0.7440148148148148,valid,600x450,600x450
IL_8988340,IL_8988340,/marimo/milk10k/MILK10k_Training_Input/IL_8988340/ISIC_6401647.jpg,/marimo/milk10k_train_masks/IL_8988340_dermoscopic_mask.png,0.49645925925925927,valid,600x450,600x450
IL_8991149,IL_8991149,/marimo/milk10k/MILK10k_Training_Input/IL_8991149/ISIC_0632001.jpg,/marimo/milk10k_train_masks/IL_8991149_dermoscopic_mask.png,0.5430296296296296,valid,600x450,600x450
IL_8991771,IL_8991771,/marimo/milk10k/MILK10k_Training_Input/IL_8991771/ISIC_1111477.jpg,/marimo/milk10k_train_masks/IL_8991771_dermoscopic_mask.png,0.43275555555555556,valid,600x450,600x450
IL_8993407,IL_8993407,/marimo/milk10k/MILK10k_Training_Input/IL_8993407/ISIC_2264421.jpg,/marimo/milk10k_train_masks/IL_8993407_dermoscopic_mask.png,0.36574814814814816,valid,600x450,600x450
IL_8994019,IL_8994019,/marimo/milk10k/MILK10k_Training_Input/IL_8994019/ISIC_6873786.jpg,/marimo/milk10k_train_masks/IL_8994019_dermoscopic_mask.png,0.3404,valid,600x450,600x450
IL_8994291,IL_8994291,/marimo/milk10k/MILK10k_Training_Input/IL_8994291/ISIC_2506667.jpg,/marimo/milk10k_train_masks/IL_8994291_dermoscopic_mask.png,0.11341851851851852,valid,600x450,600x450
IL_8998802,IL_8998802,/marimo/milk10k/MILK10k_Training_Input/IL_8998802/ISIC_1940714.jpg,/marimo/milk10k_train_masks/IL_8998802_dermoscopic_mask.png,0.6041296296296297,valid,600x450,600x450
IL_9003508,IL_9003508,/marimo/milk10k/MILK10k_Training_Input/IL_9003508/ISIC_3933164.jpg,/marimo/milk10k_train_masks/IL_9003508_dermoscopic_mask.png,0.4139037037037037,valid,600x450,600x450
IL_9005268,IL_9005268,/marimo/milk10k/MILK10k_Training_Input/IL_9005268/ISIC_6910029.jpg,/marimo/milk10k_train_masks/IL_9005268_dermoscopic_mask.png,0.4174962962962963,valid,600x450,600x450
IL_9007318,IL_9007318,/marimo/milk10k/MILK10k_Training_Input/IL_9007318/ISIC_6639016.jpg,/marimo/milk10k_train_masks/IL_9007318_dermoscopic_mask.png,0.19761481481481483,valid,600x450,600x450
IL_9010382,IL_9010382,/marimo/milk10k/MILK10k_Training_Input/IL_9010382/ISIC_0770326.jpg,/marimo/milk10k_train_masks/IL_9010382_dermoscopic_mask.png,0.6988481481481481,valid,600x450,600x450
IL_9013007,IL_9013007,/marimo/milk10k/MILK10k_Training_Input/IL_9013007/ISIC_2616471.jpg,/marimo/milk10k_train_masks/IL_9013007_dermoscopic_mask.png,0.5262111111111111,valid,600x450,600x450
IL_9013946,IL_9013946,/marimo/milk10k/MILK10k_Training_Input/IL_9013946/ISIC_2305541.jpg,/marimo/milk10k_train_masks/IL_9013946_dermoscopic_mask.png,0.2551962962962963,valid,600x450,600x450
IL_9017752,IL_9017752,/marimo/milk10k/MILK10k_Training_Input/IL_9017752/ISIC_3210975.jpg,/marimo/milk10k_train_masks/IL_9017752_dermoscopic_mask.png,0.11409259259259259,valid,600x450,600x450
IL_9018029,IL_9018029,/marimo/milk10k/MILK10k_Training_Input/IL_9018029/ISIC_6715416.jpg,/marimo/milk10k_train_masks/IL_9018029_dermoscopic_mask.png,0.11822962962962963,valid,600x450,600x450
IL_9021517,IL_9021517,/marimo/milk10k/MILK10k_Training_Input/IL_9021517/ISIC_4235575.jpg,/marimo/milk10k_train_masks/IL_9021517_dermoscopic_mask.png,0.6260518518518519,valid,600x450,600x450
IL_9024292,IL_9024292,/marimo/milk10k/MILK10k_Training_Input/IL_9024292/ISIC_4760443.jpg,/marimo/milk10k_train_masks/IL_9024292_dermoscopic_mask.png,0.16612962962962963,valid,600x450,600x450
IL_9025368,IL_9025368,/marimo/milk10k/MILK10k_Training_Input/IL_9025368/ISIC_1892349.jpg,/marimo/milk10k_train_masks/IL_9025368_dermoscopic_mask.png,0.5127259259259259,valid,600x450,600x450
IL_9026324,IL_9026324,/marimo/milk10k/MILK10k_Training_Input/IL_9026324/ISIC_8180214.jpg,/marimo/milk10k_train_masks/IL_9026324_dermoscopic_mask.png,0.6023962962962963,valid,600x450,600x450
IL_9027780,IL_9027780,/marimo/milk10k/MILK10k_Training_Input/IL_9027780/ISIC_0497574.jpg,/marimo/milk10k_train_masks/IL_9027780_dermoscopic_mask.png,0.45661111111111113,valid,600x450,600x450
IL_9029664,IL_9029664,/marimo/milk10k/MILK10k_Training_Input/IL_9029664/ISIC_4563142.jpg,/marimo/milk10k_train_masks/IL_9029664_dermoscopic_mask.png,0.31772962962962964,valid,600x450,600x450
IL_9031003,IL_9031003,/marimo/milk10k/MILK10k_Training_Input/IL_9031003/ISIC_4231378.jpg,/marimo/milk10k_train_masks/IL_9031003_dermoscopic_mask.png,0.038233333333333334,valid,600x450,600x450
IL_9032748,IL_9032748,/marimo/milk10k/MILK10k_Training_Input/IL_9032748/ISIC_1891312.jpg,/marimo/milk10k_train_masks/IL_9032748_dermoscopic_mask.png,0.1617888888888889,valid,600x450,600x450
IL_9035179,IL_9035179,/marimo/milk10k/MILK10k_Training_Input/IL_9035179/ISIC_9939897.jpg,/marimo/milk10k_train_masks/IL_9035179_dermoscopic_mask.png,0.6027925925925925,valid,600x450,600x450
IL_9035810,IL_9035810,/marimo/milk10k/MILK10k_Training_Input/IL_9035810/ISIC_3513521.jpg,/marimo/milk10k_train_masks/IL_9035810_dermoscopic_mask.png,0.3529703703703704,valid,600x450,600x450
IL_9036149,IL_9036149,/marimo/milk10k/MILK10k_Training_Input/IL_9036149/ISIC_0290183.jpg,/marimo/milk10k_train_masks/IL_9036149_dermoscopic_mask.png,0.22597777777777778,valid,600x450,600x450
IL_9038692,IL_9038692,/marimo/milk10k/MILK10k_Training_Input/IL_9038692/ISIC_2457583.jpg,/marimo/milk10k_train_masks/IL_9038692_dermoscopic_mask.png,0.04348148148148148,valid,600x450,600x450
IL_9041590,IL_9041590,/marimo/milk10k/MILK10k_Training_Input/IL_9041590/ISIC_2645316.jpg,/marimo/milk10k_train_masks/IL_9041590_dermoscopic_mask.png,0.13505555555555557,valid,600x450,600x450
IL_9052165,IL_9052165,/marimo/milk10k/MILK10k_Training_Input/IL_9052165/ISIC_5990006.jpg,/marimo/milk10k_train_masks/IL_9052165_dermoscopic_mask.png,0.2797703703703704,valid,600x450,600x450
IL_9057925,IL_9057925,/marimo/milk10k/MILK10k_Training_Input/IL_9057925/ISIC_0174869.jpg,/marimo/milk10k_train_masks/IL_9057925_dermoscopic_mask.png,0.4896740740740741,valid,600x450,600x450
IL_9059255,IL_9059255,/marimo/milk10k/MILK10k_Training_Input/IL_9059255/ISIC_3713055.jpg,/marimo/milk10k_train_masks/IL_9059255_dermoscopic_mask.png,0.0035407407407407406,too_small,600x450,600x450
IL_9063052,IL_9063052,/marimo/milk10k/MILK10k_Training_Input/IL_9063052/ISIC_0634232.jpg,/marimo/milk10k_train_masks/IL_9063052_dermoscopic_mask.png,0.5161481481481481,valid,600x450,600x450
IL_9064391,IL_9064391,/marimo/milk10k/MILK10k_Training_Input/IL_9064391/ISIC_0506795.jpg,/marimo/milk10k_train_masks/IL_9064391_dermoscopic_mask.png,0.5287518518518518,valid,600x450,600x450
IL_9064607,IL_9064607,/marimo/milk10k/MILK10k_Training_Input/IL_9064607/ISIC_6933070.jpg,/marimo/milk10k_train_masks/IL_9064607_dermoscopic_mask.png,0.36154444444444445,valid,600x450,600x450
IL_9066229,IL_9066229,/marimo/milk10k/MILK10k_Training_Input/IL_9066229/ISIC_3395847.jpg,/marimo/milk10k_train_masks/IL_9066229_dermoscopic_mask.png,0.055266666666666665,valid,600x450,600x450
IL_9067051,IL_9067051,/marimo/milk10k/MILK10k_Training_Input/IL_9067051/ISIC_3138874.jpg,/marimo/milk10k_train_masks/IL_9067051_dermoscopic_mask.png,0.15552962962962963,valid,600x450,600x450
IL_9067447,IL_9067447,/marimo/milk10k/MILK10k_Training_Input/IL_9067447/ISIC_5993206.jpg,/marimo/milk10k_train_masks/IL_9067447_dermoscopic_mask.png,0.24121851851851853,valid,600x450,600x450
IL_9070034,IL_9070034,/marimo/milk10k/MILK10k_Training_Input/IL_9070034/ISIC_9209458.jpg,/marimo/milk10k_train_masks/IL_9070034_dermoscopic_mask.png,0.36823703703703703,valid,600x450,600x450
IL_9070099,IL_9070099,/marimo/milk10k/MILK10k_Training_Input/IL_9070099/ISIC_6856028.jpg,/marimo/milk10k_train_masks/IL_9070099_dermoscopic_mask.png,0.045592592592592594,valid,600x450,600x450
IL_9072038,IL_9072038,/marimo/milk10k/MILK10k_Training_Input/IL_9072038/ISIC_2134211.jpg,/marimo/milk10k_train_masks/IL_9072038_dermoscopic_mask.png,0.4299148148148148,valid,600x450,600x450
IL_9075898,IL_9075898,/marimo/milk10k/MILK10k_Training_Input/IL_9075898/ISIC_7109494.jpg,/marimo/milk10k_train_masks/IL_9075898_dermoscopic_mask.png,0.13043333333333335,valid,600x450,600x450
IL_9077071,IL_9077071,/marimo/milk10k/MILK10k_Training_Input/IL_9077071/ISIC_7888447.jpg,/marimo/milk10k_train_masks/IL_9077071_dermoscopic_mask.png,0.08373703703703704,valid,600x450,600x450
IL_9083220,IL_9083220,/marimo/milk10k/MILK10k_Training_Input/IL_9083220/ISIC_0101062.jpg,/marimo/milk10k_train_masks/IL_9083220_dermoscopic_mask.png,0.463362962962963,valid,600x450,600x450
IL_9084119,IL_9084119,/marimo/milk10k/MILK10k_Training_Input/IL_9084119/ISIC_6374674.jpg,/marimo/milk10k_train_masks/IL_9084119_dermoscopic_mask.png,0.18665925925925925,valid,600x450,600x450
IL_9086799,IL_9086799,/marimo/milk10k/MILK10k_Training_Input/IL_9086799/ISIC_0872261.jpg,/marimo/milk10k_train_masks/IL_9086799_dermoscopic_mask.png,0.2909259259259259,valid,600x450,600x450
IL_9086913,IL_9086913,/marimo/milk10k/MILK10k_Training_Input/IL_9086913/ISIC_2212922.jpg,/marimo/milk10k_train_masks/IL_9086913_dermoscopic_mask.png,0.5412703703703704,valid,600x450,600x450
IL_9087461,IL_9087461,/marimo/milk10k/MILK10k_Training_Input/IL_9087461/ISIC_7259000.jpg,/marimo/milk10k_train_masks/IL_9087461_dermoscopic_mask.png,0.30485555555555555,valid,600x450,600x450
IL_9088569,IL_9088569,/marimo/milk10k/MILK10k_Training_Input/IL_9088569/ISIC_6965635.jpg,/marimo/milk10k_train_masks/IL_9088569_dermoscopic_mask.png,0.22393333333333335,valid,600x450,600x450
IL_9091693,IL_9091693,/marimo/milk10k/MILK10k_Training_Input/IL_9091693/ISIC_2803954.jpg,/marimo/milk10k_train_masks/IL_9091693_dermoscopic_mask.png,0.11746296296296296,valid,600x450,600x450
IL_9092829,IL_9092829,/marimo/milk10k/MILK10k_Training_Input/IL_9092829/ISIC_4890139.jpg,/marimo/milk10k_train_masks/IL_9092829_dermoscopic_mask.png,0.2039074074074074,valid,600x450,600x450
IL_9094394,IL_9094394,/marimo/milk10k/MILK10k_Training_Input/IL_9094394/ISIC_9978058.jpg,/marimo/milk10k_train_masks/IL_9094394_dermoscopic_mask.png,0.0603,valid,600x450,600x450
IL_9095433,IL_9095433,/marimo/milk10k/MILK10k_Training_Input/IL_9095433/ISIC_9483507.jpg,/marimo/milk10k_train_masks/IL_9095433_dermoscopic_mask.png,0.6269296296296296,valid,600x450,600x450
IL_9099614,IL_9099614,/marimo/milk10k/MILK10k_Training_Input/IL_9099614/ISIC_5293815.jpg,/marimo/milk10k_train_masks/IL_9099614_dermoscopic_mask.png,0.01801111111111111,valid,600x450,600x450
IL_9101590,IL_9101590,/marimo/milk10k/MILK10k_Training_Input/IL_9101590/ISIC_7925520.jpg,/marimo/milk10k_train_masks/IL_9101590_dermoscopic_mask.png,0.4159148148148148,valid,600x450,600x450
IL_9101838,IL_9101838,/marimo/milk10k/MILK10k_Training_Input/IL_9101838/ISIC_1832093.jpg,/marimo/milk10k_train_masks/IL_9101838_dermoscopic_mask.png,0.1494037037037037,valid,600x450,600x450
IL_9102116,IL_9102116,/marimo/milk10k/MILK10k_Training_Input/IL_9102116/ISIC_3832062.jpg,/marimo/milk10k_train_masks/IL_9102116_dermoscopic_mask.png,0.489,valid,600x450,600x450
IL_9104485,IL_9104485,/marimo/milk10k/MILK10k_Training_Input/IL_9104485/ISIC_4106032.jpg,/marimo/milk10k_train_masks/IL_9104485_dermoscopic_mask.png,0.3323740740740741,valid,600x450,600x450
IL_9106162,IL_9106162,/marimo/milk10k/MILK10k_Training_Input/IL_9106162/ISIC_8883217.jpg,/marimo/milk10k_train_masks/IL_9106162_dermoscopic_mask.png,0.1495037037037037,valid,600x450,600x450
IL_9106447,IL_9106447,/marimo/milk10k/MILK10k_Training_Input/IL_9106447/ISIC_6025998.jpg,/marimo/milk10k_train_masks/IL_9106447_dermoscopic_mask.png,0.22812592592592593,valid,600x450,600x450
IL_9109267,IL_9109267,/marimo/milk10k/MILK10k_Training_Input/IL_9109267/ISIC_1715773.jpg,/marimo/milk10k_train_masks/IL_9109267_dermoscopic_mask.png,0.07831481481481481,valid,600x450,600x450
IL_9113822,IL_9113822,/marimo/milk10k/MILK10k_Training_Input/IL_9113822/ISIC_4185473.jpg,/marimo/milk10k_train_masks/IL_9113822_dermoscopic_mask.png,0.10391481481481482,valid,600x450,600x450
IL_9119843,IL_9119843,/marimo/milk10k/MILK10k_Training_Input/IL_9119843/ISIC_6161975.jpg,/marimo/milk10k_train_masks/IL_9119843_dermoscopic_mask.png,0.5199,valid,600x450,600x450
IL_9120764,IL_9120764,/marimo/milk10k/MILK10k_Training_Input/IL_9120764/ISIC_1364975.jpg,/marimo/milk10k_train_masks/IL_9120764_dermoscopic_mask.png,0.08281851851851851,valid,600x450,600x450
IL_9122534,IL_9122534,/marimo/milk10k/MILK10k_Training_Input/IL_9122534/ISIC_4803004.jpg,/marimo/milk10k_train_masks/IL_9122534_dermoscopic_mask.png,0.22077037037037037,valid,600x450,600x450
IL_9124015,IL_9124015,/marimo/milk10k/MILK10k_Training_Input/IL_9124015/ISIC_3394938.jpg,/marimo/milk10k_train_masks/IL_9124015_dermoscopic_mask.png,0.22764074074074075,valid,600x450,600x450
IL_9124411,IL_9124411,/marimo/milk10k/MILK10k_Training_Input/IL_9124411/ISIC_8054499.jpg,/marimo/milk10k_train_masks/IL_9124411_dermoscopic_mask.png,0.3089037037037037,valid,600x450,600x450
IL_9125215,IL_9125215,/marimo/milk10k/MILK10k_Training_Input/IL_9125215/ISIC_6654586.jpg,/marimo/milk10k_train_masks/IL_9125215_dermoscopic_mask.png,0.1182962962962963,valid,600x450,600x450
IL_9126795,IL_9126795,/marimo/milk10k/MILK10k_Training_Input/IL_9126795/ISIC_9249196.jpg,/marimo/milk10k_train_masks/IL_9126795_dermoscopic_mask.png,0.1295111111111111,valid,600x450,600x450
IL_9127211,IL_9127211,/marimo/milk10k/MILK10k_Training_Input/IL_9127211/ISIC_3267303.jpg,/marimo/milk10k_train_masks/IL_9127211_dermoscopic_mask.png,0.14725185185185186,valid,600x450,600x450
IL_9130306,IL_9130306,/marimo/milk10k/MILK10k_Training_Input/IL_9130306/ISIC_1396159.jpg,/marimo/milk10k_train_masks/IL_9130306_dermoscopic_mask.png,0.3570740740740741,valid,600x450,600x450
IL_9130724,IL_9130724,/marimo/milk10k/MILK10k_Training_Input/IL_9130724/ISIC_1606234.jpg,/marimo/milk10k_train_masks/IL_9130724_dermoscopic_mask.png,0.31834814814814816,valid,600x450,600x450
IL_9130901,IL_9130901,/marimo/milk10k/MILK10k_Training_Input/IL_9130901/ISIC_6348068.jpg,/marimo/milk10k_train_masks/IL_9130901_dermoscopic_mask.png,0.033962962962962966,valid,600x450,600x450
IL_9131328,IL_9131328,/marimo/milk10k/MILK10k_Training_Input/IL_9131328/ISIC_5817907.jpg,/marimo/milk10k_train_masks/IL_9131328_dermoscopic_mask.png,0.3136185185185185,valid,600x450,600x450
IL_9132121,IL_9132121,/marimo/milk10k/MILK10k_Training_Input/IL_9132121/ISIC_0811596.jpg,/marimo/milk10k_train_masks/IL_9132121_dermoscopic_mask.png,0.4313925925925926,valid,600x450,600x450
IL_9136481,IL_9136481,/marimo/milk10k/MILK10k_Training_Input/IL_9136481/ISIC_2600012.jpg,/marimo/milk10k_train_masks/IL_9136481_dermoscopic_mask.png,0.30822962962962963,valid,600x450,600x450
IL_9142917,IL_9142917,/marimo/milk10k/MILK10k_Training_Input/IL_9142917/ISIC_3769180.jpg,/marimo/milk10k_train_masks/IL_9142917_dermoscopic_mask.png,0.1467037037037037,valid,600x450,600x450
IL_9143908,IL_9143908,/marimo/milk10k/MILK10k_Training_Input/IL_9143908/ISIC_5972709.jpg,/marimo/milk10k_train_masks/IL_9143908_dermoscopic_mask.png,0.2725666666666667,valid,600x450,600x450
IL_9145163,IL_9145163,/marimo/milk10k/MILK10k_Training_Input/IL_9145163/ISIC_1602614.jpg,/marimo/milk10k_train_masks/IL_9145163_dermoscopic_mask.png,0.11335555555555556,valid,600x450,600x450
IL_9146194,IL_9146194,/marimo/milk10k/MILK10k_Training_Input/IL_9146194/ISIC_9274292.jpg,/marimo/milk10k_train_masks/IL_9146194_dermoscopic_mask.png,0.2602074074074074,valid,600x450,600x450
IL_9147878,IL_9147878,/marimo/milk10k/MILK10k_Training_Input/IL_9147878/ISIC_5467966.jpg,/marimo/milk10k_train_masks/IL_9147878_dermoscopic_mask.png,0.4194259259259259,valid,600x450,600x450
IL_9149489,IL_9149489,/marimo/milk10k/MILK10k_Training_Input/IL_9149489/ISIC_8500794.jpg,/marimo/milk10k_train_masks/IL_9149489_dermoscopic_mask.png,0.13421481481481481,valid,600x450,600x450
IL_9150101,IL_9150101,/marimo/milk10k/MILK10k_Training_Input/IL_9150101/ISIC_0230087.jpg,/marimo/milk10k_train_masks/IL_9150101_dermoscopic_mask.png,0.37506666666666666,valid,600x450,600x450
IL_9150280,IL_9150280,/marimo/milk10k/MILK10k_Training_Input/IL_9150280/ISIC_4443638.jpg,/marimo/milk10k_train_masks/IL_9150280_dermoscopic_mask.png,0.07941481481481481,valid,600x450,600x450
IL_9150805,IL_9150805,/marimo/milk10k/MILK10k_Training_Input/IL_9150805/ISIC_7913268.jpg,/marimo/milk10k_train_masks/IL_9150805_dermoscopic_mask.png,0.9408,valid,600x450,600x450
IL_9152183,IL_9152183,/marimo/milk10k/MILK10k_Training_Input/IL_9152183/ISIC_0528949.jpg,/marimo/milk10k_train_masks/IL_9152183_dermoscopic_mask.png,0.2583925925925926,valid,600x450,600x450
IL_9156080,IL_9156080,/marimo/milk10k/MILK10k_Training_Input/IL_9156080/ISIC_2556744.jpg,/marimo/milk10k_train_masks/IL_9156080_dermoscopic_mask.png,0.2513,valid,600x450,600x450
IL_9157359,IL_9157359,/marimo/milk10k/MILK10k_Training_Input/IL_9157359/ISIC_0304311.jpg,/marimo/milk10k_train_masks/IL_9157359_dermoscopic_mask.png,0.12361481481481482,valid,600x450,600x450
IL_9157797,IL_9157797,/marimo/milk10k/MILK10k_Training_Input/IL_9157797/ISIC_2283574.jpg,/marimo/milk10k_train_masks/IL_9157797_dermoscopic_mask.png,0.26805555555555555,valid,600x450,600x450
IL_9158276,IL_9158276,/marimo/milk10k/MILK10k_Training_Input/IL_9158276/ISIC_0442849.jpg,/marimo/milk10k_train_masks/IL_9158276_dermoscopic_mask.png,0.4915925925925926,valid,600x450,600x450
IL_9158531,IL_9158531,/marimo/milk10k/MILK10k_Training_Input/IL_9158531/ISIC_8615694.jpg,/marimo/milk10k_train_masks/IL_9158531_dermoscopic_mask.png,0.40115555555555554,valid,600x450,600x450
IL_9162610,IL_9162610,/marimo/milk10k/MILK10k_Training_Input/IL_9162610/ISIC_8238316.jpg,/marimo/milk10k_train_masks/IL_9162610_dermoscopic_mask.png,0.20843703703703703,valid,600x450,600x450
IL_9166161,IL_9166161,/marimo/milk10k/MILK10k_Training_Input/IL_9166161/ISIC_1953687.jpg,/marimo/milk10k_train_masks/IL_9166161_dermoscopic_mask.png,0.33213703703703706,valid,600x450,600x450
IL_9166527,IL_9166527,/marimo/milk10k/MILK10k_Training_Input/IL_9166527/ISIC_8344886.jpg,/marimo/milk10k_train_masks/IL_9166527_dermoscopic_mask.png,0.010807407407407408,valid,600x450,600x450
IL_9167025,IL_9167025,/marimo/milk10k/MILK10k_Training_Input/IL_9167025/ISIC_1490956.jpg,/marimo/milk10k_train_masks/IL_9167025_dermoscopic_mask.png,0.3779666666666667,valid,600x450,600x450
IL_9167075,IL_9167075,/marimo/milk10k/MILK10k_Training_Input/IL_9167075/ISIC_2533061.jpg,/marimo/milk10k_train_masks/IL_9167075_dermoscopic_mask.png,0.08183703703703704,valid,600x450,600x450
IL_9167718,IL_9167718,/marimo/milk10k/MILK10k_Training_Input/IL_9167718/ISIC_9553909.jpg,/marimo/milk10k_train_masks/IL_9167718_dermoscopic_mask.png,0.33382962962962964,valid,600x450,600x450
IL_9168364,IL_9168364,/marimo/milk10k/MILK10k_Training_Input/IL_9168364/ISIC_0569529.jpg,/marimo/milk10k_train_masks/IL_9168364_dermoscopic_mask.png,0.47458518518518517,valid,600x450,600x450
IL_9171073,IL_9171073,/marimo/milk10k/MILK10k_Training_Input/IL_9171073/ISIC_1770277.jpg,/marimo/milk10k_train_masks/IL_9171073_dermoscopic_mask.png,0.28371111111111114,valid,600x450,600x450
IL_9173239,IL_9173239,/marimo/milk10k/MILK10k_Training_Input/IL_9173239/ISIC_7939848.jpg,/marimo/milk10k_train_masks/IL_9173239_dermoscopic_mask.png,0.035196296296296295,valid,600x450,600x450
IL_9173333,IL_9173333,/marimo/milk10k/MILK10k_Training_Input/IL_9173333/ISIC_4888771.jpg,/marimo/milk10k_train_masks/IL_9173333_dermoscopic_mask.png,0.251662962962963,valid,600x450,600x450
IL_9173728,IL_9173728,/marimo/milk10k/MILK10k_Training_Input/IL_9173728/ISIC_2305246.jpg,/marimo/milk10k_train_masks/IL_9173728_dermoscopic_mask.png,0.35414814814814816,valid,600x450,600x450
IL_9179021,IL_9179021,/marimo/milk10k/MILK10k_Training_Input/IL_9179021/ISIC_3210379.jpg,/marimo/milk10k_train_masks/IL_9179021_dermoscopic_mask.png,0.40205555555555555,valid,600x450,600x450
IL_9179227,IL_9179227,/marimo/milk10k/MILK10k_Training_Input/IL_9179227/ISIC_7217395.jpg,/marimo/milk10k_train_masks/IL_9179227_dermoscopic_mask.png,0.5996407407407407,valid,600x450,600x450
IL_9180123,IL_9180123,/marimo/milk10k/MILK10k_Training_Input/IL_9180123/ISIC_3162488.jpg,/marimo/milk10k_train_masks/IL_9180123_dermoscopic_mask.png,0.2758703703703704,valid,600x450,600x450
IL_9180201,IL_9180201,/marimo/milk10k/MILK10k_Training_Input/IL_9180201/ISIC_7374190.jpg,/marimo/milk10k_train_masks/IL_9180201_dermoscopic_mask.png,0.3580259259259259,valid,600x450,600x450
IL_9180227,IL_9180227,/marimo/milk10k/MILK10k_Training_Input/IL_9180227/ISIC_3910778.jpg,/marimo/milk10k_train_masks/IL_9180227_dermoscopic_mask.png,0.6018407407407408,valid,600x450,600x450
IL_9184351,IL_9184351,/marimo/milk10k/MILK10k_Training_Input/IL_9184351/ISIC_4760114.jpg,/marimo/milk10k_train_masks/IL_9184351_dermoscopic_mask.png,0.593825925925926,valid,600x450,600x450
IL_9186164,IL_9186164,/marimo/milk10k/MILK10k_Training_Input/IL_9186164/ISIC_6434822.jpg,/marimo/milk10k_train_masks/IL_9186164_dermoscopic_mask.png,0.10076666666666667,valid,600x450,600x450
IL_9190120,IL_9190120,/marimo/milk10k/MILK10k_Training_Input/IL_9190120/ISIC_3365241.jpg,/marimo/milk10k_train_masks/IL_9190120_dermoscopic_mask.png,0.2793037037037037,valid,600x450,600x450
IL_9191697,IL_9191697,/marimo/milk10k/MILK10k_Training_Input/IL_9191697/ISIC_2959395.jpg,/marimo/milk10k_train_masks/IL_9191697_dermoscopic_mask.png,0.3516518518518518,valid,600x450,600x450
IL_9192355,IL_9192355,/marimo/milk10k/MILK10k_Training_Input/IL_9192355/ISIC_0321371.jpg,/marimo/milk10k_train_masks/IL_9192355_dermoscopic_mask.png,0.26454074074074074,valid,600x450,600x450
IL_9193873,IL_9193873,/marimo/milk10k/MILK10k_Training_Input/IL_9193873/ISIC_8356776.jpg,/marimo/milk10k_train_masks/IL_9193873_dermoscopic_mask.png,0.46762592592592594,valid,600x450,600x450
IL_9194841,IL_9194841,/marimo/milk10k/MILK10k_Training_Input/IL_9194841/ISIC_6754150.jpg,/marimo/milk10k_train_masks/IL_9194841_dermoscopic_mask.png,0.4627925925925926,valid,600x450,600x450
IL_9195034,IL_9195034,/marimo/milk10k/MILK10k_Training_Input/IL_9195034/ISIC_8260302.jpg,/marimo/milk10k_train_masks/IL_9195034_dermoscopic_mask.png,0.28500740740740743,valid,600x450,600x450
IL_9195436,IL_9195436,/marimo/milk10k/MILK10k_Training_Input/IL_9195436/ISIC_9816395.jpg,/marimo/milk10k_train_masks/IL_9195436_dermoscopic_mask.png,0.4158703703703704,valid,600x450,600x450
IL_9199460,IL_9199460,/marimo/milk10k/MILK10k_Training_Input/IL_9199460/ISIC_4341118.jpg,/marimo/milk10k_train_masks/IL_9199460_dermoscopic_mask.png,0.5723481481481482,valid,600x450,600x450
IL_9202251,IL_9202251,/marimo/milk10k/MILK10k_Training_Input/IL_9202251/ISIC_6384870.jpg,/marimo/milk10k_train_masks/IL_9202251_dermoscopic_mask.png,0.2028111111111111,valid,600x450,600x450
IL_9202762,IL_9202762,/marimo/milk10k/MILK10k_Training_Input/IL_9202762/ISIC_4492759.jpg,/marimo/milk10k_train_masks/IL_9202762_dermoscopic_mask.png,0.1569074074074074,valid,600x450,600x450
IL_9205436,IL_9205436,/marimo/milk10k/MILK10k_Training_Input/IL_9205436/ISIC_9504198.jpg,/marimo/milk10k_train_masks/IL_9205436_dermoscopic_mask.png,0.3489148148148148,valid,600x450,600x450
IL_9207228,IL_9207228,/marimo/milk10k/MILK10k_Training_Input/IL_9207228/ISIC_9778651.jpg,/marimo/milk10k_train_masks/IL_9207228_dermoscopic_mask.png,0.018844444444444445,valid,600x450,600x450
IL_9208680,IL_9208680,/marimo/milk10k/MILK10k_Training_Input/IL_9208680/ISIC_7977103.jpg,/marimo/milk10k_train_masks/IL_9208680_dermoscopic_mask.png,0.1639,valid,600x450,600x450
IL_9209825,IL_9209825,/marimo/milk10k/MILK10k_Training_Input/IL_9209825/ISIC_5665189.jpg,/marimo/milk10k_train_masks/IL_9209825_dermoscopic_mask.png,0.15284444444444445,valid,600x450,600x450
IL_9209914,IL_9209914,/marimo/milk10k/MILK10k_Training_Input/IL_9209914/ISIC_1376581.jpg,/marimo/milk10k_train_masks/IL_9209914_dermoscopic_mask.png,0.5658555555555556,valid,600x450,600x450
IL_9210134,IL_9210134,/marimo/milk10k/MILK10k_Training_Input/IL_9210134/ISIC_9450429.jpg,/marimo/milk10k_train_masks/IL_9210134_dermoscopic_mask.png,0.3644777777777778,valid,600x450,600x450
IL_9211790,IL_9211790,/marimo/milk10k/MILK10k_Training_Input/IL_9211790/ISIC_0819008.jpg,/marimo/milk10k_train_masks/IL_9211790_dermoscopic_mask.png,0.3261222222222222,valid,600x450,600x450
IL_9213417,IL_9213417,/marimo/milk10k/MILK10k_Training_Input/IL_9213417/ISIC_9521072.jpg,/marimo/milk10k_train_masks/IL_9213417_dermoscopic_mask.png,0.4819,valid,600x450,600x450
IL_9216457,IL_9216457,/marimo/milk10k/MILK10k_Training_Input/IL_9216457/ISIC_4262185.jpg,/marimo/milk10k_train_masks/IL_9216457_dermoscopic_mask.png,0.3675888888888889,valid,600x450,600x450
IL_9217480,IL_9217480,/marimo/milk10k/MILK10k_Training_Input/IL_9217480/ISIC_8462237.jpg,/marimo/milk10k_train_masks/IL_9217480_dermoscopic_mask.png,0.5044185185185185,valid,600x450,600x450
IL_9221055,IL_9221055,/marimo/milk10k/MILK10k_Training_Input/IL_9221055/ISIC_9693001.jpg,/marimo/milk10k_train_masks/IL_9221055_dermoscopic_mask.png,0.23174074074074075,valid,600x450,600x450
IL_9221409,IL_9221409,/marimo/milk10k/MILK10k_Training_Input/IL_9221409/ISIC_9001735.jpg,/marimo/milk10k_train_masks/IL_9221409_dermoscopic_mask.png,0.7566592592592593,valid,600x450,600x450
IL_9222383,IL_9222383,/marimo/milk10k/MILK10k_Training_Input/IL_9222383/ISIC_8635663.jpg,/marimo/milk10k_train_masks/IL_9222383_dermoscopic_mask.png,0.4068333333333333,valid,600x450,600x450
IL_9224528,IL_9224528,/marimo/milk10k/MILK10k_Training_Input/IL_9224528/ISIC_7777861.jpg,/marimo/milk10k_train_masks/IL_9224528_dermoscopic_mask.png,0.23895555555555556,valid,600x450,600x450
IL_9229110,IL_9229110,/marimo/milk10k/MILK10k_Training_Input/IL_9229110/ISIC_3248418.jpg,/marimo/milk10k_train_masks/IL_9229110_dermoscopic_mask.png,0.2740518518518518,valid,600x450,600x450
IL_9230375,IL_9230375,/marimo/milk10k/MILK10k_Training_Input/IL_9230375/ISIC_3445231.jpg,/marimo/milk10k_train_masks/IL_9230375_dermoscopic_mask.png,0.33643703703703703,valid,600x450,600x450
IL_9231229,IL_9231229,/marimo/milk10k/MILK10k_Training_Input/IL_9231229/ISIC_4641356.jpg,/marimo/milk10k_train_masks/IL_9231229_dermoscopic_mask.png,0.6188814814814815,valid,600x450,600x450
IL_9232367,IL_9232367,/marimo/milk10k/MILK10k_Training_Input/IL_9232367/ISIC_7245189.jpg,/marimo/milk10k_train_masks/IL_9232367_dermoscopic_mask.png,0.14937407407407408,valid,600x450,600x450
IL_9233957,IL_9233957,/marimo/milk10k/MILK10k_Training_Input/IL_9233957/ISIC_1538266.jpg,/marimo/milk10k_train_masks/IL_9233957_dermoscopic_mask.png,0.571374074074074,valid,600x450,600x450
IL_9235680,IL_9235680,/marimo/milk10k/MILK10k_Training_Input/IL_9235680/ISIC_7116414.jpg,/marimo/milk10k_train_masks/IL_9235680_dermoscopic_mask.png,0.729925925925926,valid,600x450,600x450
IL_9241811,IL_9241811,/marimo/milk10k/MILK10k_Training_Input/IL_9241811/ISIC_7461685.jpg,/marimo/milk10k_train_masks/IL_9241811_dermoscopic_mask.png,0.18797037037037037,valid,600x450,600x450
IL_9245016,IL_9245016,/marimo/milk10k/MILK10k_Training_Input/IL_9245016/ISIC_7827973.jpg,/marimo/milk10k_train_masks/IL_9245016_dermoscopic_mask.png,0.2816296296296296,valid,600x450,600x450
IL_9247349,IL_9247349,/marimo/milk10k/MILK10k_Training_Input/IL_9247349/ISIC_4823638.jpg,/marimo/milk10k_train_masks/IL_9247349_dermoscopic_mask.png,0.5776592592592592,valid,600x450,600x450
IL_9249618,IL_9249618,/marimo/milk10k/MILK10k_Training_Input/IL_9249618/ISIC_1881240.jpg,/marimo/milk10k_train_masks/IL_9249618_dermoscopic_mask.png,0.6854851851851852,valid,600x450,600x450
IL_9250210,IL_9250210,/marimo/milk10k/MILK10k_Training_Input/IL_9250210/ISIC_5529223.jpg,/marimo/milk10k_train_masks/IL_9250210_dermoscopic_mask.png,0.3399888888888889,valid,600x450,600x450
IL_9250980,IL_9250980,/marimo/milk10k/MILK10k_Training_Input/IL_9250980/ISIC_0220890.jpg,/marimo/milk10k_train_masks/IL_9250980_dermoscopic_mask.png,0.07441851851851852,valid,600x450,600x450
IL_9251474,IL_9251474,/marimo/milk10k/MILK10k_Training_Input/IL_9251474/ISIC_9891275.jpg,/marimo/milk10k_train_masks/IL_9251474_dermoscopic_mask.png,0.5066888888888889,valid,600x450,600x450
IL_9255472,IL_9255472,/marimo/milk10k/MILK10k_Training_Input/IL_9255472/ISIC_7725065.jpg,/marimo/milk10k_train_masks/IL_9255472_dermoscopic_mask.png,0.07279259259259259,valid,600x450,600x450
IL_9258319,IL_9258319,/marimo/milk10k/MILK10k_Training_Input/IL_9258319/ISIC_0435506.jpg,/marimo/milk10k_train_masks/IL_9258319_dermoscopic_mask.png,0.3054037037037037,valid,600x450,600x450
IL_9262506,IL_9262506,/marimo/milk10k/MILK10k_Training_Input/IL_9262506/ISIC_6897010.jpg,/marimo/milk10k_train_masks/IL_9262506_dermoscopic_mask.png,0.5206407407407407,valid,600x450,600x450
IL_9264602,IL_9264602,/marimo/milk10k/MILK10k_Training_Input/IL_9264602/ISIC_2087722.jpg,/marimo/milk10k_train_masks/IL_9264602_dermoscopic_mask.png,0.06157037037037037,valid,600x450,600x450
IL_9265331,IL_9265331,/marimo/milk10k/MILK10k_Training_Input/IL_9265331/ISIC_3905088.jpg,/marimo/milk10k_train_masks/IL_9265331_dermoscopic_mask.png,0.2522888888888889,valid,600x450,600x450
IL_9266140,IL_9266140,/marimo/milk10k/MILK10k_Training_Input/IL_9266140/ISIC_8028890.jpg,/marimo/milk10k_train_masks/IL_9266140_dermoscopic_mask.png,0.5745370370370371,valid,600x450,600x450
IL_9269726,IL_9269726,/marimo/milk10k/MILK10k_Training_Input/IL_9269726/ISIC_1928560.jpg,/marimo/milk10k_train_masks/IL_9269726_dermoscopic_mask.png,0.1169111111111111,valid,600x450,600x450
IL_9270970,IL_9270970,/marimo/milk10k/MILK10k_Training_Input/IL_9270970/ISIC_7304977.jpg,/marimo/milk10k_train_masks/IL_9270970_dermoscopic_mask.png,0.5831962962962963,valid,600x450,600x450
IL_9271885,IL_9271885,/marimo/milk10k/MILK10k_Training_Input/IL_9271885/ISIC_6296087.jpg,/marimo/milk10k_train_masks/IL_9271885_dermoscopic_mask.png,0.19634444444444443,valid,600x450,600x450
IL_9274006,IL_9274006,/marimo/milk10k/MILK10k_Training_Input/IL_9274006/ISIC_5488940.jpg,/marimo/milk10k_train_masks/IL_9274006_dermoscopic_mask.png,0.2439,valid,600x450,600x450
IL_9275908,IL_9275908,/marimo/milk10k/MILK10k_Training_Input/IL_9275908/ISIC_8151706.jpg,/marimo/milk10k_train_masks/IL_9275908_dermoscopic_mask.png,0.18345185185185184,valid,600x450,600x450
IL_9275941,IL_9275941,/marimo/milk10k/MILK10k_Training_Input/IL_9275941/ISIC_5428941.jpg,/marimo/milk10k_train_masks/IL_9275941_dermoscopic_mask.png,0.39414074074074074,valid,600x450,600x450
IL_9276974,IL_9276974,/marimo/milk10k/MILK10k_Training_Input/IL_9276974/ISIC_1797900.jpg,/marimo/milk10k_train_masks/IL_9276974_dermoscopic_mask.png,0.3199148148148148,valid,600x450,600x450
IL_9278038,IL_9278038,/marimo/milk10k/MILK10k_Training_Input/IL_9278038/ISIC_4148797.jpg,/marimo/milk10k_train_masks/IL_9278038_dermoscopic_mask.png,0.2831,valid,600x450,600x450
IL_9288651,IL_9288651,/marimo/milk10k/MILK10k_Training_Input/IL_9288651/ISIC_6358411.jpg,/marimo/milk10k_train_masks/IL_9288651_dermoscopic_mask.png,0.40544444444444444,valid,600x450,600x450
IL_9289406,IL_9289406,/marimo/milk10k/MILK10k_Training_Input/IL_9289406/ISIC_3762126.jpg,/marimo/milk10k_train_masks/IL_9289406_dermoscopic_mask.png,0.3143296296296296,valid,600x450,600x450
IL_9292701,IL_9292701,/marimo/milk10k/MILK10k_Training_Input/IL_9292701/ISIC_4690427.jpg,/marimo/milk10k_train_masks/IL_9292701_dermoscopic_mask.png,0.21196666666666666,valid,600x450,600x450
IL_9294619,IL_9294619,/marimo/milk10k/MILK10k_Training_Input/IL_9294619/ISIC_8876261.jpg,/marimo/milk10k_train_masks/IL_9294619_dermoscopic_mask.png,0.1963814814814815,valid,600x450,600x450
IL_9297501,IL_9297501,/marimo/milk10k/MILK10k_Training_Input/IL_9297501/ISIC_2618411.jpg,/marimo/milk10k_train_masks/IL_9297501_dermoscopic_mask.png,0.25837777777777776,valid,600x450,600x450
IL_9300408,IL_9300408,/marimo/milk10k/MILK10k_Training_Input/IL_9300408/ISIC_7806262.jpg,/marimo/milk10k_train_masks/IL_9300408_dermoscopic_mask.png,0.4381074074074074,valid,600x450,600x450
IL_9300549,IL_9300549,/marimo/milk10k/MILK10k_Training_Input/IL_9300549/ISIC_0406149.jpg,/marimo/milk10k_train_masks/IL_9300549_dermoscopic_mask.png,0.4393740740740741,valid,600x450,600x450
IL_9300732,IL_9300732,/marimo/milk10k/MILK10k_Training_Input/IL_9300732/ISIC_3623141.jpg,/marimo/milk10k_train_masks/IL_9300732_dermoscopic_mask.png,0.3088518518518519,valid,600x450,600x450
IL_9303237,IL_9303237,/marimo/milk10k/MILK10k_Training_Input/IL_9303237/ISIC_9521117.jpg,/marimo/milk10k_train_masks/IL_9303237_dermoscopic_mask.png,0.46414074074074074,valid,600x450,600x450
IL_9307518,IL_9307518,/marimo/milk10k/MILK10k_Training_Input/IL_9307518/ISIC_1887299.jpg,/marimo/milk10k_train_masks/IL_9307518_dermoscopic_mask.png,0.1269074074074074,valid,600x450,600x450
IL_9308328,IL_9308328,/marimo/milk10k/MILK10k_Training_Input/IL_9308328/ISIC_3225420.jpg,/marimo/milk10k_train_masks/IL_9308328_dermoscopic_mask.png,0.26516666666666666,valid,600x450,600x450
IL_9310196,IL_9310196,/marimo/milk10k/MILK10k_Training_Input/IL_9310196/ISIC_6210274.jpg,/marimo/milk10k_train_masks/IL_9310196_dermoscopic_mask.png,0.5475851851851852,valid,600x450,600x450
IL_9312646,IL_9312646,/marimo/milk10k/MILK10k_Training_Input/IL_9312646/ISIC_2409346.jpg,/marimo/milk10k_train_masks/IL_9312646_dermoscopic_mask.png,0.030881481481481482,valid,600x450,600x450
IL_9313120,IL_9313120,/marimo/milk10k/MILK10k_Training_Input/IL_9313120/ISIC_7413595.jpg,/marimo/milk10k_train_masks/IL_9313120_dermoscopic_mask.png,0.30217037037037037,valid,600x450,600x450
IL_9313247,IL_9313247,/marimo/milk10k/MILK10k_Training_Input/IL_9313247/ISIC_1536385.jpg,/marimo/milk10k_train_masks/IL_9313247_dermoscopic_mask.png,0.2564962962962963,valid,600x450,600x450
IL_9321885,IL_9321885,/marimo/milk10k/MILK10k_Training_Input/IL_9321885/ISIC_6941420.jpg,/marimo/milk10k_train_masks/IL_9321885_dermoscopic_mask.png,0.4856333333333333,valid,600x450,600x450
IL_9322216,IL_9322216,/marimo/milk10k/MILK10k_Training_Input/IL_9322216/ISIC_4896814.jpg,/marimo/milk10k_train_masks/IL_9322216_dermoscopic_mask.png,0.15125925925925926,valid,600x450,600x450
IL_9323193,IL_9323193,/marimo/milk10k/MILK10k_Training_Input/IL_9323193/ISIC_6745607.jpg,/marimo/milk10k_train_masks/IL_9323193_dermoscopic_mask.png,0.14574074074074075,valid,600x450,600x450
IL_9324505,IL_9324505,/marimo/milk10k/MILK10k_Training_Input/IL_9324505/ISIC_2775534.jpg,/marimo/milk10k_train_masks/IL_9324505_dermoscopic_mask.png,0.37155555555555553,valid,600x450,600x450
IL_9324964,IL_9324964,/marimo/milk10k/MILK10k_Training_Input/IL_9324964/ISIC_3024690.jpg,/marimo/milk10k_train_masks/IL_9324964_dermoscopic_mask.png,0.475862962962963,valid,600x450,600x450
IL_9325305,IL_9325305,/marimo/milk10k/MILK10k_Training_Input/IL_9325305/ISIC_2854469.jpg,/marimo/milk10k_train_masks/IL_9325305_dermoscopic_mask.png,0.5373,valid,600x450,600x450
IL_9328701,IL_9328701,/marimo/milk10k/MILK10k_Training_Input/IL_9328701/ISIC_6409954.jpg,/marimo/milk10k_train_masks/IL_9328701_dermoscopic_mask.png,0.10945185185185186,valid,600x450,600x450
IL_9331050,IL_9331050,/marimo/milk10k/MILK10k_Training_Input/IL_9331050/ISIC_8726132.jpg,/marimo/milk10k_train_masks/IL_9331050_dermoscopic_mask.png,0.1813,valid,600x450,600x450
IL_9331537,IL_9331537,/marimo/milk10k/MILK10k_Training_Input/IL_9331537/ISIC_2505856.jpg,/marimo/milk10k_train_masks/IL_9331537_dermoscopic_mask.png,0.3734074074074074,valid,600x450,600x450
IL_9333874,IL_9333874,/marimo/milk10k/MILK10k_Training_Input/IL_9333874/ISIC_8743028.jpg,/marimo/milk10k_train_masks/IL_9333874_dermoscopic_mask.png,0.5518592592592593,valid,600x450,600x450
IL_9334838,IL_9334838,/marimo/milk10k/MILK10k_Training_Input/IL_9334838/ISIC_2001195.jpg,/marimo/milk10k_train_masks/IL_9334838_dermoscopic_mask.png,0.43724814814814816,valid,600x450,600x450
IL_9336389,IL_9336389,/marimo/milk10k/MILK10k_Training_Input/IL_9336389/ISIC_7340333.jpg,/marimo/milk10k_train_masks/IL_9336389_dermoscopic_mask.png,0.12012592592592593,valid,600x450,600x450
IL_9341365,IL_9341365,/marimo/milk10k/MILK10k_Training_Input/IL_9341365/ISIC_4277194.jpg,/marimo/milk10k_train_masks/IL_9341365_dermoscopic_mask.png,0.033292592592592596,valid,600x450,600x450
IL_9344336,IL_9344336,/marimo/milk10k/MILK10k_Training_Input/IL_9344336/ISIC_2846004.jpg,/marimo/milk10k_train_masks/IL_9344336_dermoscopic_mask.png,0.17046666666666666,valid,600x450,600x450
IL_9347875,IL_9347875,/marimo/milk10k/MILK10k_Training_Input/IL_9347875/ISIC_8154140.jpg,/marimo/milk10k_train_masks/IL_9347875_dermoscopic_mask.png,0.4482333333333333,valid,600x450,600x450
IL_9348044,IL_9348044,/marimo/milk10k/MILK10k_Training_Input/IL_9348044/ISIC_3003648.jpg,/marimo/milk10k_train_masks/IL_9348044_dermoscopic_mask.png,0.6213962962962963,valid,600x450,600x450
IL_9349173,IL_9349173,/marimo/milk10k/MILK10k_Training_Input/IL_9349173/ISIC_6693050.jpg,/marimo/milk10k_train_masks/IL_9349173_dermoscopic_mask.png,0.27992222222222224,valid,600x450,600x450
IL_9349651,IL_9349651,/marimo/milk10k/MILK10k_Training_Input/IL_9349651/ISIC_2049806.jpg,/marimo/milk10k_train_masks/IL_9349651_dermoscopic_mask.png,0.5784148148148148,valid,600x450,600x450
IL_9352958,IL_9352958,/marimo/milk10k/MILK10k_Training_Input/IL_9352958/ISIC_7289828.jpg,/marimo/milk10k_train_masks/IL_9352958_dermoscopic_mask.png,0.10127037037037037,valid,600x450,600x450
IL_9353162,IL_9353162,/marimo/milk10k/MILK10k_Training_Input/IL_9353162/ISIC_9242872.jpg,/marimo/milk10k_train_masks/IL_9353162_dermoscopic_mask.png,0.21787777777777778,valid,600x450,600x450
IL_9353548,IL_9353548,/marimo/milk10k/MILK10k_Training_Input/IL_9353548/ISIC_3050024.jpg,/marimo/milk10k_train_masks/IL_9353548_dermoscopic_mask.png,0.0772962962962963,valid,600x450,600x450
IL_9356761,IL_9356761,/marimo/milk10k/MILK10k_Training_Input/IL_9356761/ISIC_8830166.jpg,/marimo/milk10k_train_masks/IL_9356761_dermoscopic_mask.png,0.2010888888888889,valid,600x450,600x450
IL_9358381,IL_9358381,/marimo/milk10k/MILK10k_Training_Input/IL_9358381/ISIC_2894216.jpg,/marimo/milk10k_train_masks/IL_9358381_dermoscopic_mask.png,0.07877407407407408,valid,600x450,600x450
IL_9363651,IL_9363651,/marimo/milk10k/MILK10k_Training_Input/IL_9363651/ISIC_1303477.jpg,/marimo/milk10k_train_masks/IL_9363651_dermoscopic_mask.png,0.3284037037037037,valid,600x450,600x450
IL_9363657,IL_9363657,/marimo/milk10k/MILK10k_Training_Input/IL_9363657/ISIC_4599000.jpg,/marimo/milk10k_train_masks/IL_9363657_dermoscopic_mask.png,0.2682148148148148,valid,600x450,600x450
IL_9364150,IL_9364150,/marimo/milk10k/MILK10k_Training_Input/IL_9364150/ISIC_7871224.jpg,/marimo/milk10k_train_masks/IL_9364150_dermoscopic_mask.png,0.6165703703703703,valid,600x450,600x450
IL_9364222,IL_9364222,/marimo/milk10k/MILK10k_Training_Input/IL_9364222/ISIC_4409610.jpg,/marimo/milk10k_train_masks/IL_9364222_dermoscopic_mask.png,0.16543333333333332,valid,600x450,600x450
IL_9366811,IL_9366811,/marimo/milk10k/MILK10k_Training_Input/IL_9366811/ISIC_3466904.jpg,/marimo/milk10k_train_masks/IL_9366811_dermoscopic_mask.png,0.19533703703703703,valid,600x450,600x450
IL_9367343,IL_9367343,/marimo/milk10k/MILK10k_Training_Input/IL_9367343/ISIC_7779579.jpg,/marimo/milk10k_train_masks/IL_9367343_dermoscopic_mask.png,0.1559925925925926,valid,600x450,600x450
IL_9367787,IL_9367787,/marimo/milk10k/MILK10k_Training_Input/IL_9367787/ISIC_1309626.jpg,/marimo/milk10k_train_masks/IL_9367787_dermoscopic_mask.png,0.22002962962962963,valid,600x450,600x450
IL_9367800,IL_9367800,/marimo/milk10k/MILK10k_Training_Input/IL_9367800/ISIC_0656805.jpg,/marimo/milk10k_train_masks/IL_9367800_dermoscopic_mask.png,0.36517037037037037,valid,600x450,600x450
IL_9368143,IL_9368143,/marimo/milk10k/MILK10k_Training_Input/IL_9368143/ISIC_9104095.jpg,/marimo/milk10k_train_masks/IL_9368143_dermoscopic_mask.png,0.29902962962962965,valid,600x450,600x450
IL_9368782,IL_9368782,/marimo/milk10k/MILK10k_Training_Input/IL_9368782/ISIC_4363333.jpg,/marimo/milk10k_train_masks/IL_9368782_dermoscopic_mask.png,0.44221481481481484,valid,600x450,600x450
IL_9372364,IL_9372364,/marimo/milk10k/MILK10k_Training_Input/IL_9372364/ISIC_1805429.jpg,/marimo/milk10k_train_masks/IL_9372364_dermoscopic_mask.png,0.14253333333333335,valid,600x450,600x450
IL_9374643,IL_9374643,/marimo/milk10k/MILK10k_Training_Input/IL_9374643/ISIC_0831157.jpg,/marimo/milk10k_train_masks/IL_9374643_dermoscopic_mask.png,0.037533333333333335,valid,600x450,600x450
IL_9375634,IL_9375634,/marimo/milk10k/MILK10k_Training_Input/IL_9375634/ISIC_6160419.jpg,/marimo/milk10k_train_masks/IL_9375634_dermoscopic_mask.png,0.6212518518518518,valid,600x450,600x450
IL_9375676,IL_9375676,/marimo/milk10k/MILK10k_Training_Input/IL_9375676/ISIC_3066491.jpg,/marimo/milk10k_train_masks/IL_9375676_dermoscopic_mask.png,0.22993703703703705,valid,600x450,600x450
IL_9378068,IL_9378068,/marimo/milk10k/MILK10k_Training_Input/IL_9378068/ISIC_9649323.jpg,/marimo/milk10k_train_masks/IL_9378068_dermoscopic_mask.png,0.041825925925925926,valid,600x450,600x450
IL_9379211,IL_9379211,/marimo/milk10k/MILK10k_Training_Input/IL_9379211/ISIC_3208305.jpg,/marimo/milk10k_train_masks/IL_9379211_dermoscopic_mask.png,0.24423703703703703,valid,600x450,600x450
IL_9379939,IL_9379939,/marimo/milk10k/MILK10k_Training_Input/IL_9379939/ISIC_2144270.jpg,/marimo/milk10k_train_masks/IL_9379939_dermoscopic_mask.png,0.3308333333333333,valid,600x450,600x450
IL_9380593,IL_9380593,/marimo/milk10k/MILK10k_Training_Input/IL_9380593/ISIC_8111688.jpg,/marimo/milk10k_train_masks/IL_9380593_dermoscopic_mask.png,0.3978074074074074,valid,600x450,600x450
IL_9383072,IL_9383072,/marimo/milk10k/MILK10k_Training_Input/IL_9383072/ISIC_7397137.jpg,/marimo/milk10k_train_masks/IL_9383072_dermoscopic_mask.png,0.3656814814814815,valid,600x450,600x450
IL_9385086,IL_9385086,/marimo/milk10k/MILK10k_Training_Input/IL_9385086/ISIC_2128019.jpg,/marimo/milk10k_train_masks/IL_9385086_dermoscopic_mask.png,0.4078,valid,600x450,600x450
IL_9385765,IL_9385765,/marimo/milk10k/MILK10k_Training_Input/IL_9385765/ISIC_9523126.jpg,/marimo/milk10k_train_masks/IL_9385765_dermoscopic_mask.png,0.3794925925925926,valid,600x450,600x450
IL_9387962,IL_9387962,/marimo/milk10k/MILK10k_Training_Input/IL_9387962/ISIC_6562880.jpg,/marimo/milk10k_train_masks/IL_9387962_dermoscopic_mask.png,0.39776666666666666,valid,600x450,600x450
IL_9390250,IL_9390250,/marimo/milk10k/MILK10k_Training_Input/IL_9390250/ISIC_2658100.jpg,/marimo/milk10k_train_masks/IL_9390250_dermoscopic_mask.png,0.3829851851851852,valid,600x450,600x450
IL_9391328,IL_9391328,/marimo/milk10k/MILK10k_Training_Input/IL_9391328/ISIC_4480326.jpg,/marimo/milk10k_train_masks/IL_9391328_dermoscopic_mask.png,0.09654444444444445,valid,600x450,600x450
IL_9395136,IL_9395136,/marimo/milk10k/MILK10k_Training_Input/IL_9395136/ISIC_8410933.jpg,/marimo/milk10k_train_masks/IL_9395136_dermoscopic_mask.png,0.06978888888888889,valid,600x450,600x450
IL_9395505,IL_9395505,/marimo/milk10k/MILK10k_Training_Input/IL_9395505/ISIC_8280602.jpg,/marimo/milk10k_train_masks/IL_9395505_dermoscopic_mask.png,0.1698888888888889,valid,600x450,600x450
IL_9395839,IL_9395839,/marimo/milk10k/MILK10k_Training_Input/IL_9395839/ISIC_0097262.jpg,/marimo/milk10k_train_masks/IL_9395839_dermoscopic_mask.png,0.3509888888888889,valid,600x450,600x450
IL_9399990,IL_9399990,/marimo/milk10k/MILK10k_Training_Input/IL_9399990/ISIC_6784471.jpg,/marimo/milk10k_train_masks/IL_9399990_dermoscopic_mask.png,0.5265222222222222,valid,600x450,600x450
IL_9400268,IL_9400268,/marimo/milk10k/MILK10k_Training_Input/IL_9400268/ISIC_7358297.jpg,/marimo/milk10k_train_masks/IL_9400268_dermoscopic_mask.png,0.33244444444444443,valid,600x450,600x450
IL_9400728,IL_9400728,/marimo/milk10k/MILK10k_Training_Input/IL_9400728/ISIC_8271684.jpg,/marimo/milk10k_train_masks/IL_9400728_dermoscopic_mask.png,0.6007222222222223,valid,600x450,600x450
IL_9401383,IL_9401383,/marimo/milk10k/MILK10k_Training_Input/IL_9401383/ISIC_0546382.jpg,/marimo/milk10k_train_masks/IL_9401383_dermoscopic_mask.png,0.16586296296296296,valid,600x450,600x450
IL_9402270,IL_9402270,/marimo/milk10k/MILK10k_Training_Input/IL_9402270/ISIC_0687223.jpg,/marimo/milk10k_train_masks/IL_9402270_dermoscopic_mask.png,0.8204592592592592,valid,600x450,600x450
IL_9402967,IL_9402967,/marimo/milk10k/MILK10k_Training_Input/IL_9402967/ISIC_9472574.jpg,/marimo/milk10k_train_masks/IL_9402967_dermoscopic_mask.png,0.5870777777777778,valid,600x450,600x450
IL_9403422,IL_9403422,/marimo/milk10k/MILK10k_Training_Input/IL_9403422/ISIC_3609001.jpg,/marimo/milk10k_train_masks/IL_9403422_dermoscopic_mask.png,0.15387037037037038,valid,600x450,600x450
IL_9404638,IL_9404638,/marimo/milk10k/MILK10k_Training_Input/IL_9404638/ISIC_1313208.jpg,/marimo/milk10k_train_masks/IL_9404638_dermoscopic_mask.png,0.2316814814814815,valid,600x450,600x450
IL_9408309,IL_9408309,/marimo/milk10k/MILK10k_Training_Input/IL_9408309/ISIC_0742972.jpg,/marimo/milk10k_train_masks/IL_9408309_dermoscopic_mask.png,0.4488962962962963,valid,600x450,600x450
IL_9408951,IL_9408951,/marimo/milk10k/MILK10k_Training_Input/IL_9408951/ISIC_4183641.jpg,/marimo/milk10k_train_masks/IL_9408951_dermoscopic_mask.png,0.29416296296296296,valid,600x450,600x450
IL_9409547,IL_9409547,/marimo/milk10k/MILK10k_Training_Input/IL_9409547/ISIC_9596173.jpg,/marimo/milk10k_train_masks/IL_9409547_dermoscopic_mask.png,0.4246037037037037,valid,600x450,600x450
IL_9411177,IL_9411177,/marimo/milk10k/MILK10k_Training_Input/IL_9411177/ISIC_5665171.jpg,/marimo/milk10k_train_masks/IL_9411177_dermoscopic_mask.png,0.28806296296296297,valid,600x450,600x450
IL_9413629,IL_9413629,/marimo/milk10k/MILK10k_Training_Input/IL_9413629/ISIC_2754763.jpg,/marimo/milk10k_train_masks/IL_9413629_dermoscopic_mask.png,0.5813296296296296,valid,600x450,600x450
IL_9413829,IL_9413829,/marimo/milk10k/MILK10k_Training_Input/IL_9413829/ISIC_5828606.jpg,/marimo/milk10k_train_masks/IL_9413829_dermoscopic_mask.png,0.36803703703703705,valid,600x450,600x450
IL_9417077,IL_9417077,/marimo/milk10k/MILK10k_Training_Input/IL_9417077/ISIC_9002358.jpg,/marimo/milk10k_train_masks/IL_9417077_dermoscopic_mask.png,0.28402962962962963,valid,600x450,600x450
IL_9420011,IL_9420011,/marimo/milk10k/MILK10k_Training_Input/IL_9420011/ISIC_1189485.jpg,/marimo/milk10k_train_masks/IL_9420011_dermoscopic_mask.png,0.34555185185185183,valid,600x450,600x450
IL_9420839,IL_9420839,/marimo/milk10k/MILK10k_Training_Input/IL_9420839/ISIC_9294763.jpg,/marimo/milk10k_train_masks/IL_9420839_dermoscopic_mask.png,0.24308888888888888,valid,600x450,600x450
IL_9421860,IL_9421860,/marimo/milk10k/MILK10k_Training_Input/IL_9421860/ISIC_7234241.jpg,/marimo/milk10k_train_masks/IL_9421860_dermoscopic_mask.png,0.06507777777777778,valid,600x450,600x450
IL_9421903,IL_9421903,/marimo/milk10k/MILK10k_Training_Input/IL_9421903/ISIC_1818006.jpg,/marimo/milk10k_train_masks/IL_9421903_dermoscopic_mask.png,0.19875555555555555,valid,600x450,600x450
IL_9422892,IL_9422892,/marimo/milk10k/MILK10k_Training_Input/IL_9422892/ISIC_6648628.jpg,/marimo/milk10k_train_masks/IL_9422892_dermoscopic_mask.png,0.44413703703703705,valid,600x450,600x450
IL_9423427,IL_9423427,/marimo/milk10k/MILK10k_Training_Input/IL_9423427/ISIC_6781208.jpg,/marimo/milk10k_train_masks/IL_9423427_dermoscopic_mask.png,0.22842592592592592,valid,600x450,600x450
IL_9425710,IL_9425710,/marimo/milk10k/MILK10k_Training_Input/IL_9425710/ISIC_9997661.jpg,/marimo/milk10k_train_masks/IL_9425710_dermoscopic_mask.png,0.5226925925925926,valid,600x450,600x450
IL_9426275,IL_9426275,/marimo/milk10k/MILK10k_Training_Input/IL_9426275/ISIC_5296244.jpg,/marimo/milk10k_train_masks/IL_9426275_dermoscopic_mask.png,0.0505037037037037,valid,600x450,600x450
IL_9428549,IL_9428549,/marimo/milk10k/MILK10k_Training_Input/IL_9428549/ISIC_2921012.jpg,/marimo/milk10k_train_masks/IL_9428549_dermoscopic_mask.png,0.1216962962962963,valid,600x450,600x450
IL_9430924,IL_9430924,/marimo/milk10k/MILK10k_Training_Input/IL_9430924/ISIC_5242235.jpg,/marimo/milk10k_train_masks/IL_9430924_dermoscopic_mask.png,0.06371111111111111,valid,600x450,600x450
IL_9433768,IL_9433768,/marimo/milk10k/MILK10k_Training_Input/IL_9433768/ISIC_5960820.jpg,/marimo/milk10k_train_masks/IL_9433768_dermoscopic_mask.png,0.33425185185185186,valid,600x450,600x450
IL_9437710,IL_9437710,/marimo/milk10k/MILK10k_Training_Input/IL_9437710/ISIC_5363218.jpg,/marimo/milk10k_train_masks/IL_9437710_dermoscopic_mask.png,0.402137037037037,valid,600x450,600x450
IL_9439030,IL_9439030,/marimo/milk10k/MILK10k_Training_Input/IL_9439030/ISIC_5054970.jpg,/marimo/milk10k_train_masks/IL_9439030_dermoscopic_mask.png,0.2257037037037037,valid,600x450,600x450
IL_9439154,IL_9439154,/marimo/milk10k/MILK10k_Training_Input/IL_9439154/ISIC_0124902.jpg,/marimo/milk10k_train_masks/IL_9439154_dermoscopic_mask.png,0.3232185185185185,valid,600x450,600x450
IL_9439470,IL_9439470,/marimo/milk10k/MILK10k_Training_Input/IL_9439470/ISIC_7521530.jpg,/marimo/milk10k_train_masks/IL_9439470_dermoscopic_mask.png,0.6034592592592593,valid,600x450,600x450
IL_9439533,IL_9439533,/marimo/milk10k/MILK10k_Training_Input/IL_9439533/ISIC_1375082.jpg,/marimo/milk10k_train_masks/IL_9439533_dermoscopic_mask.png,0.5935703703703704,valid,600x450,600x450
IL_9439639,IL_9439639,/marimo/milk10k/MILK10k_Training_Input/IL_9439639/ISIC_8126703.jpg,/marimo/milk10k_train_masks/IL_9439639_dermoscopic_mask.png,0.6261555555555556,valid,600x450,600x450
IL_9439830,IL_9439830,/marimo/milk10k/MILK10k_Training_Input/IL_9439830/ISIC_1603958.jpg,/marimo/milk10k_train_masks/IL_9439830_dermoscopic_mask.png,0.1903111111111111,valid,600x450,600x450
IL_9440413,IL_9440413,/marimo/milk10k/MILK10k_Training_Input/IL_9440413/ISIC_5823053.jpg,/marimo/milk10k_train_masks/IL_9440413_dermoscopic_mask.png,0.17918148148148147,valid,600x450,600x450
IL_9441829,IL_9441829,/marimo/milk10k/MILK10k_Training_Input/IL_9441829/ISIC_7729052.jpg,/marimo/milk10k_train_masks/IL_9441829_dermoscopic_mask.png,0.32604814814814814,valid,600x450,600x450
IL_9446823,IL_9446823,/marimo/milk10k/MILK10k_Training_Input/IL_9446823/ISIC_1048496.jpg,/marimo/milk10k_train_masks/IL_9446823_dermoscopic_mask.png,0.16568518518518519,valid,600x450,600x450
IL_9447279,IL_9447279,/marimo/milk10k/MILK10k_Training_Input/IL_9447279/ISIC_8906358.jpg,/marimo/milk10k_train_masks/IL_9447279_dermoscopic_mask.png,0.2717,valid,600x450,600x450
IL_9448011,IL_9448011,/marimo/milk10k/MILK10k_Training_Input/IL_9448011/ISIC_4281031.jpg,/marimo/milk10k_train_masks/IL_9448011_dermoscopic_mask.png,0.3663444444444444,valid,600x450,600x450
IL_9448117,IL_9448117,/marimo/milk10k/MILK10k_Training_Input/IL_9448117/ISIC_4914852.jpg,/marimo/milk10k_train_masks/IL_9448117_dermoscopic_mask.png,0.3701,valid,600x450,600x450
IL_9449213,IL_9449213,/marimo/milk10k/MILK10k_Training_Input/IL_9449213/ISIC_7347161.jpg,/marimo/milk10k_train_masks/IL_9449213_dermoscopic_mask.png,0.5553555555555556,valid,600x450,600x450
IL_9453153,IL_9453153,/marimo/milk10k/MILK10k_Training_Input/IL_9453153/ISIC_1116303.jpg,/marimo/milk10k_train_masks/IL_9453153_dermoscopic_mask.png,0.5470074074074074,valid,600x450,600x450
IL_9453273,IL_9453273,/marimo/milk10k/MILK10k_Training_Input/IL_9453273/ISIC_2647192.jpg,/marimo/milk10k_train_masks/IL_9453273_dermoscopic_mask.png,0.29192962962962965,valid,600x450,600x450
IL_9453516,IL_9453516,/marimo/milk10k/MILK10k_Training_Input/IL_9453516/ISIC_5813817.jpg,/marimo/milk10k_train_masks/IL_9453516_dermoscopic_mask.png,0.5018037037037038,valid,600x450,600x450
IL_9456591,IL_9456591,/marimo/milk10k/MILK10k_Training_Input/IL_9456591/ISIC_4427207.jpg,/marimo/milk10k_train_masks/IL_9456591_dermoscopic_mask.png,0.19623703703703704,valid,600x450,600x450
IL_9462627,IL_9462627,/marimo/milk10k/MILK10k_Training_Input/IL_9462627/ISIC_5686739.jpg,/marimo/milk10k_train_masks/IL_9462627_dermoscopic_mask.png,0.1980888888888889,valid,600x450,600x450
IL_9463449,IL_9463449,/marimo/milk10k/MILK10k_Training_Input/IL_9463449/ISIC_2427256.jpg,/marimo/milk10k_train_masks/IL_9463449_dermoscopic_mask.png,0.12134444444444445,valid,600x450,600x450
IL_9466832,IL_9466832,/marimo/milk10k/MILK10k_Training_Input/IL_9466832/ISIC_0768610.jpg,/marimo/milk10k_train_masks/IL_9466832_dermoscopic_mask.png,0.426337037037037,valid,600x450,600x450
IL_9471621,IL_9471621,/marimo/milk10k/MILK10k_Training_Input/IL_9471621/ISIC_2912041.jpg,/marimo/milk10k_train_masks/IL_9471621_dermoscopic_mask.png,0.45194074074074075,valid,600x450,600x450
IL_9471694,IL_9471694,/marimo/milk10k/MILK10k_Training_Input/IL_9471694/ISIC_2054135.jpg,/marimo/milk10k_train_masks/IL_9471694_dermoscopic_mask.png,0.34701481481481483,valid,600x450,600x450
IL_9473685,IL_9473685,/marimo/milk10k/MILK10k_Training_Input/IL_9473685/ISIC_2485685.jpg,/marimo/milk10k_train_masks/IL_9473685_dermoscopic_mask.png,0.3909814814814815,valid,600x450,600x450
IL_9475061,IL_9475061,/marimo/milk10k/MILK10k_Training_Input/IL_9475061/ISIC_8790740.jpg,/marimo/milk10k_train_masks/IL_9475061_dermoscopic_mask.png,0.6998481481481481,valid,600x450,600x450
IL_9477888,IL_9477888,/marimo/milk10k/MILK10k_Training_Input/IL_9477888/ISIC_7377763.jpg,/marimo/milk10k_train_masks/IL_9477888_dermoscopic_mask.png,0.46556296296296296,valid,600x450,600x450
IL_9480741,IL_9480741,/marimo/milk10k/MILK10k_Training_Input/IL_9480741/ISIC_9641859.jpg,/marimo/milk10k_train_masks/IL_9480741_dermoscopic_mask.png,0.28795185185185185,valid,600x450,600x450
IL_9481592,IL_9481592,/marimo/milk10k/MILK10k_Training_Input/IL_9481592/ISIC_9415828.jpg,/marimo/milk10k_train_masks/IL_9481592_dermoscopic_mask.png,0.10746666666666667,valid,600x450,600x450
IL_9482395,IL_9482395,/marimo/milk10k/MILK10k_Training_Input/IL_9482395/ISIC_1828351.jpg,/marimo/milk10k_train_masks/IL_9482395_dermoscopic_mask.png,0.3779037037037037,valid,600x450,600x450
IL_9483731,IL_9483731,/marimo/milk10k/MILK10k_Training_Input/IL_9483731/ISIC_1959902.jpg,/marimo/milk10k_train_masks/IL_9483731_dermoscopic_mask.png,0.2343851851851852,valid,600x450,600x450
IL_9485180,IL_9485180,/marimo/milk10k/MILK10k_Training_Input/IL_9485180/ISIC_1794713.jpg,/marimo/milk10k_train_masks/IL_9485180_dermoscopic_mask.png,0.03777777777777778,valid,600x450,600x450
IL_9486743,IL_9486743,/marimo/milk10k/MILK10k_Training_Input/IL_9486743/ISIC_4940127.jpg,/marimo/milk10k_train_masks/IL_9486743_dermoscopic_mask.png,0.2607333333333333,valid,600x450,600x450
IL_9487035,IL_9487035,/marimo/milk10k/MILK10k_Training_Input/IL_9487035/ISIC_9196525.jpg,/marimo/milk10k_train_masks/IL_9487035_dermoscopic_mask.png,0.2709740740740741,valid,600x450,600x450
IL_9489077,IL_9489077,/marimo/milk10k/MILK10k_Training_Input/IL_9489077/ISIC_6352343.jpg,/marimo/milk10k_train_masks/IL_9489077_dermoscopic_mask.png,0.20925555555555556,valid,600x450,600x450
IL_9489343,IL_9489343,/marimo/milk10k/MILK10k_Training_Input/IL_9489343/ISIC_2963084.jpg,/marimo/milk10k_train_masks/IL_9489343_dermoscopic_mask.png,0.4242962962962963,valid,600x450,600x450
IL_9497630,IL_9497630,/marimo/milk10k/MILK10k_Training_Input/IL_9497630/ISIC_4970256.jpg,/marimo/milk10k_train_masks/IL_9497630_dermoscopic_mask.png,0.3487925925925926,valid,600x450,600x450
IL_9500991,IL_9500991,/marimo/milk10k/MILK10k_Training_Input/IL_9500991/ISIC_2683683.jpg,/marimo/milk10k_train_masks/IL_9500991_dermoscopic_mask.png,0.4655814814814815,valid,600x450,600x450
IL_9504116,IL_9504116,/marimo/milk10k/MILK10k_Training_Input/IL_9504116/ISIC_9818203.jpg,/marimo/milk10k_train_masks/IL_9504116_dermoscopic_mask.png,0.13393703703703705,valid,600x450,600x450
IL_9505312,IL_9505312,/marimo/milk10k/MILK10k_Training_Input/IL_9505312/ISIC_9276896.jpg,/marimo/milk10k_train_masks/IL_9505312_dermoscopic_mask.png,0.4618037037037037,valid,600x450,600x450
IL_9508962,IL_9508962,/marimo/milk10k/MILK10k_Training_Input/IL_9508962/ISIC_8573497.jpg,/marimo/milk10k_train_masks/IL_9508962_dermoscopic_mask.png,0.5354037037037037,valid,600x450,600x450
IL_9509148,IL_9509148,/marimo/milk10k/MILK10k_Training_Input/IL_9509148/ISIC_6201208.jpg,/marimo/milk10k_train_masks/IL_9509148_dermoscopic_mask.png,0.33597777777777776,valid,600x450,600x450
IL_9509659,IL_9509659,/marimo/milk10k/MILK10k_Training_Input/IL_9509659/ISIC_6120702.jpg,/marimo/milk10k_train_masks/IL_9509659_dermoscopic_mask.png,0.5707185185185185,valid,600x450,600x450
IL_9512629,IL_9512629,/marimo/milk10k/MILK10k_Training_Input/IL_9512629/ISIC_0572875.jpg,/marimo/milk10k_train_masks/IL_9512629_dermoscopic_mask.png,0.23376296296296295,valid,600x450,600x450
IL_9513774,IL_9513774,/marimo/milk10k/MILK10k_Training_Input/IL_9513774/ISIC_2650547.jpg,/marimo/milk10k_train_masks/IL_9513774_dermoscopic_mask.png,0.48785185185185187,valid,600x450,600x450
IL_9513930,IL_9513930,/marimo/milk10k/MILK10k_Training_Input/IL_9513930/ISIC_1142211.jpg,/marimo/milk10k_train_masks/IL_9513930_dermoscopic_mask.png,0.1267111111111111,valid,600x450,600x450
IL_9516573,IL_9516573,/marimo/milk10k/MILK10k_Training_Input/IL_9516573/ISIC_7320560.jpg,/marimo/milk10k_train_masks/IL_9516573_dermoscopic_mask.png,0.1763962962962963,valid,600x450,600x450
IL_9520593,IL_9520593,/marimo/milk10k/MILK10k_Training_Input/IL_9520593/ISIC_6367091.jpg,/marimo/milk10k_train_masks/IL_9520593_dermoscopic_mask.png,0.32784814814814817,valid,600x450,600x450
IL_9523157,IL_9523157,/marimo/milk10k/MILK10k_Training_Input/IL_9523157/ISIC_4979533.jpg,/marimo/milk10k_train_masks/IL_9523157_dermoscopic_mask.png,0.3602037037037037,valid,600x450,600x450
IL_9524479,IL_9524479,/marimo/milk10k/MILK10k_Training_Input/IL_9524479/ISIC_6551027.jpg,/marimo/milk10k_train_masks/IL_9524479_dermoscopic_mask.png,0.5091666666666667,valid,600x450,600x450
IL_9524761,IL_9524761,/marimo/milk10k/MILK10k_Training_Input/IL_9524761/ISIC_3935025.jpg,/marimo/milk10k_train_masks/IL_9524761_dermoscopic_mask.png,0.0971962962962963,valid,600x450,600x450
IL_9529350,IL_9529350,/marimo/milk10k/MILK10k_Training_Input/IL_9529350/ISIC_7687674.jpg,/marimo/milk10k_train_masks/IL_9529350_dermoscopic_mask.png,0.22536296296296296,valid,600x450,600x450
IL_9529551,IL_9529551,/marimo/milk10k/MILK10k_Training_Input/IL_9529551/ISIC_6754024.jpg,/marimo/milk10k_train_masks/IL_9529551_dermoscopic_mask.png,0.1378962962962963,valid,600x450,600x450
IL_9531531,IL_9531531,/marimo/milk10k/MILK10k_Training_Input/IL_9531531/ISIC_5835958.jpg,/marimo/milk10k_train_masks/IL_9531531_dermoscopic_mask.png,0.1902074074074074,valid,600x450,600x450
IL_9534602,IL_9534602,/marimo/milk10k/MILK10k_Training_Input/IL_9534602/ISIC_1598799.jpg,/marimo/milk10k_train_masks/IL_9534602_dermoscopic_mask.png,0.4855259259259259,valid,600x450,600x450
IL_9537366,IL_9537366,/marimo/milk10k/MILK10k_Training_Input/IL_9537366/ISIC_0513969.jpg,/marimo/milk10k_train_masks/IL_9537366_dermoscopic_mask.png,0.04988148148148148,valid,600x450,600x450
IL_9540543,IL_9540543,/marimo/milk10k/MILK10k_Training_Input/IL_9540543/ISIC_6936920.jpg,/marimo/milk10k_train_masks/IL_9540543_dermoscopic_mask.png,0.2581851851851852,valid,600x450,600x450
IL_9540986,IL_9540986,/marimo/milk10k/MILK10k_Training_Input/IL_9540986/ISIC_4209803.jpg,/marimo/milk10k_train_masks/IL_9540986_dermoscopic_mask.png,0.34223333333333333,valid,600x450,600x450
IL_9541079,IL_9541079,/marimo/milk10k/MILK10k_Training_Input/IL_9541079/ISIC_1055162.jpg,/marimo/milk10k_train_masks/IL_9541079_dermoscopic_mask.png,0.06961481481481481,valid,600x450,600x450
IL_9542018,IL_9542018,/marimo/milk10k/MILK10k_Training_Input/IL_9542018/ISIC_8544097.jpg,/marimo/milk10k_train_masks/IL_9542018_dermoscopic_mask.png,0.26292592592592595,valid,600x450,600x450
IL_9549484,IL_9549484,/marimo/milk10k/MILK10k_Training_Input/IL_9549484/ISIC_1477798.jpg,/marimo/milk10k_train_masks/IL_9549484_dermoscopic_mask.png,0.3114296296296296,valid,600x450,600x450
IL_9550703,IL_9550703,/marimo/milk10k/MILK10k_Training_Input/IL_9550703/ISIC_9019664.jpg,/marimo/milk10k_train_masks/IL_9550703_dermoscopic_mask.png,0.27842222222222224,valid,600x450,600x450
IL_9552156,IL_9552156,/marimo/milk10k/MILK10k_Training_Input/IL_9552156/ISIC_4384547.jpg,/marimo/milk10k_train_masks/IL_9552156_dermoscopic_mask.png,0.34564074074074075,valid,600x450,600x450
IL_9554628,IL_9554628,/marimo/milk10k/MILK10k_Training_Input/IL_9554628/ISIC_8626277.jpg,/marimo/milk10k_train_masks/IL_9554628_dermoscopic_mask.png,0.5973925925925926,valid,600x450,600x450
IL_9554653,IL_9554653,/marimo/milk10k/MILK10k_Training_Input/IL_9554653/ISIC_4338535.jpg,/marimo/milk10k_train_masks/IL_9554653_dermoscopic_mask.png,0.08412222222222222,valid,600x450,600x450
IL_9556887,IL_9556887,/marimo/milk10k/MILK10k_Training_Input/IL_9556887/ISIC_2886495.jpg,/marimo/milk10k_train_masks/IL_9556887_dermoscopic_mask.png,0.3610777777777778,valid,600x450,600x450
IL_9563085,IL_9563085,/marimo/milk10k/MILK10k_Training_Input/IL_9563085/ISIC_0539206.jpg,/marimo/milk10k_train_masks/IL_9563085_dermoscopic_mask.png,0.41480370370370373,valid,600x450,600x450
IL_9563257,IL_9563257,/marimo/milk10k/MILK10k_Training_Input/IL_9563257/ISIC_8705648.jpg,/marimo/milk10k_train_masks/IL_9563257_dermoscopic_mask.png,0.25822222222222224,valid,600x450,600x450
IL_9563868,IL_9563868,/marimo/milk10k/MILK10k_Training_Input/IL_9563868/ISIC_7020196.jpg,/marimo/milk10k_train_masks/IL_9563868_dermoscopic_mask.png,0.07962592592592592,valid,600x450,600x450
IL_9565203,IL_9565203,/marimo/milk10k/MILK10k_Training_Input/IL_9565203/ISIC_7238849.jpg,/marimo/milk10k_train_masks/IL_9565203_dermoscopic_mask.png,0.3213888888888889,valid,600x450,600x450
IL_9565231,IL_9565231,/marimo/milk10k/MILK10k_Training_Input/IL_9565231/ISIC_2179705.jpg,/marimo/milk10k_train_masks/IL_9565231_dermoscopic_mask.png,0.38158888888888887,valid,600x450,600x450
IL_9565456,IL_9565456,/marimo/milk10k/MILK10k_Training_Input/IL_9565456/ISIC_2314682.jpg,/marimo/milk10k_train_masks/IL_9565456_dermoscopic_mask.png,0.4520814814814815,valid,600x450,600x450
IL_9569942,IL_9569942,/marimo/milk10k/MILK10k_Training_Input/IL_9569942/ISIC_4807554.jpg,/marimo/milk10k_train_masks/IL_9569942_dermoscopic_mask.png,0.39339259259259257,valid,600x450,600x450
IL_9570046,IL_9570046,/marimo/milk10k/MILK10k_Training_Input/IL_9570046/ISIC_4564958.jpg,/marimo/milk10k_train_masks/IL_9570046_dermoscopic_mask.png,0.1532,valid,600x450,600x450
IL_9572527,IL_9572527,/marimo/milk10k/MILK10k_Training_Input/IL_9572527/ISIC_8593738.jpg,/marimo/milk10k_train_masks/IL_9572527_dermoscopic_mask.png,0.37482592592592595,valid,600x450,600x450
IL_9575395,IL_9575395,/marimo/milk10k/MILK10k_Training_Input/IL_9575395/ISIC_2833179.jpg,/marimo/milk10k_train_masks/IL_9575395_dermoscopic_mask.png,0.1802740740740741,valid,600x450,600x450
IL_9579580,IL_9579580,/marimo/milk10k/MILK10k_Training_Input/IL_9579580/ISIC_4586954.jpg,/marimo/milk10k_train_masks/IL_9579580_dermoscopic_mask.png,0.27176666666666666,valid,600x450,600x450
IL_9583565,IL_9583565,/marimo/milk10k/MILK10k_Training_Input/IL_9583565/ISIC_6134081.jpg,/marimo/milk10k_train_masks/IL_9583565_dermoscopic_mask.png,0.4063185185185185,valid,600x450,600x450
IL_9584761,IL_9584761,/marimo/milk10k/MILK10k_Training_Input/IL_9584761/ISIC_6360071.jpg,/marimo/milk10k_train_masks/IL_9584761_dermoscopic_mask.png,0.4995037037037037,valid,600x450,600x450
IL_9587475,IL_9587475,/marimo/milk10k/MILK10k_Training_Input/IL_9587475/ISIC_8919169.jpg,/marimo/milk10k_train_masks/IL_9587475_dermoscopic_mask.png,0.45644814814814816,valid,600x450,600x450
IL_9588248,IL_9588248,/marimo/milk10k/MILK10k_Training_Input/IL_9588248/ISIC_2799788.jpg,/marimo/milk10k_train_masks/IL_9588248_dermoscopic_mask.png,0.25684814814814816,valid,600x450,600x450
IL_9588769,IL_9588769,/marimo/milk10k/MILK10k_Training_Input/IL_9588769/ISIC_9132828.jpg,/marimo/milk10k_train_masks/IL_9588769_dermoscopic_mask.png,0.07554814814814814,valid,600x450,600x450
IL_9588958,IL_9588958,/marimo/milk10k/MILK10k_Training_Input/IL_9588958/ISIC_6511897.jpg,/marimo/milk10k_train_masks/IL_9588958_dermoscopic_mask.png,0.436837037037037,valid,600x450,600x450
IL_9589211,IL_9589211,/marimo/milk10k/MILK10k_Training_Input/IL_9589211/ISIC_2059259.jpg,/marimo/milk10k_train_masks/IL_9589211_dermoscopic_mask.png,0.34834814814814813,valid,600x450,600x450
IL_9590648,IL_9590648,/marimo/milk10k/MILK10k_Training_Input/IL_9590648/ISIC_8894857.jpg,/marimo/milk10k_train_masks/IL_9590648_dermoscopic_mask.png,0.2829074074074074,valid,600x450,600x450
IL_9592842,IL_9592842,/marimo/milk10k/MILK10k_Training_Input/IL_9592842/ISIC_1938835.jpg,/marimo/milk10k_train_masks/IL_9592842_dermoscopic_mask.png,0.18574444444444443,valid,600x450,600x450
IL_9592947,IL_9592947,/marimo/milk10k/MILK10k_Training_Input/IL_9592947/ISIC_2585669.jpg,/marimo/milk10k_train_masks/IL_9592947_dermoscopic_mask.png,0.22415555555555555,valid,600x450,600x450
IL_9593601,IL_9593601,/marimo/milk10k/MILK10k_Training_Input/IL_9593601/ISIC_4792565.jpg,/marimo/milk10k_train_masks/IL_9593601_dermoscopic_mask.png,0.09916296296296297,valid,600x450,600x450
IL_9596120,IL_9596120,/marimo/milk10k/MILK10k_Training_Input/IL_9596120/ISIC_1590931.jpg,/marimo/milk10k_train_masks/IL_9596120_dermoscopic_mask.png,0.32353333333333334,valid,600x450,600x450
IL_9597986,IL_9597986,/marimo/milk10k/MILK10k_Training_Input/IL_9597986/ISIC_5195959.jpg,/marimo/milk10k_train_masks/IL_9597986_dermoscopic_mask.png,0.5671222222222222,valid,600x450,600x450
IL_9600244,IL_9600244,/marimo/milk10k/MILK10k_Training_Input/IL_9600244/ISIC_9507615.jpg,/marimo/milk10k_train_masks/IL_9600244_dermoscopic_mask.png,0.15282962962962962,valid,600x450,600x450
IL_9600474,IL_9600474,/marimo/milk10k/MILK10k_Training_Input/IL_9600474/ISIC_4410078.jpg,/marimo/milk10k_train_masks/IL_9600474_dermoscopic_mask.png,0.46926296296296294,valid,600x450,600x450
IL_9603617,IL_9603617,/marimo/milk10k/MILK10k_Training_Input/IL_9603617/ISIC_4246896.jpg,/marimo/milk10k_train_masks/IL_9603617_dermoscopic_mask.png,0.1613962962962963,valid,600x450,600x450
IL_9604741,IL_9604741,/marimo/milk10k/MILK10k_Training_Input/IL_9604741/ISIC_2211674.jpg,/marimo/milk10k_train_masks/IL_9604741_dermoscopic_mask.png,0.3658074074074074,valid,600x450,600x450
IL_9607410,IL_9607410,/marimo/milk10k/MILK10k_Training_Input/IL_9607410/ISIC_3637593.jpg,/marimo/milk10k_train_masks/IL_9607410_dermoscopic_mask.png,0.3559777777777778,valid,600x450,600x450
IL_9608205,IL_9608205,/marimo/milk10k/MILK10k_Training_Input/IL_9608205/ISIC_7613649.jpg,/marimo/milk10k_train_masks/IL_9608205_dermoscopic_mask.png,0.26576666666666665,valid,600x450,600x450
IL_9608485,IL_9608485,/marimo/milk10k/MILK10k_Training_Input/IL_9608485/ISIC_5358212.jpg,/marimo/milk10k_train_masks/IL_9608485_dermoscopic_mask.png,0.3117185185185185,valid,600x450,600x450
IL_9611245,IL_9611245,/marimo/milk10k/MILK10k_Training_Input/IL_9611245/ISIC_9501753.jpg,/marimo/milk10k_train_masks/IL_9611245_dermoscopic_mask.png,0.12701851851851853,valid,600x450,600x450
IL_9611587,IL_9611587,/marimo/milk10k/MILK10k_Training_Input/IL_9611587/ISIC_7514787.jpg,/marimo/milk10k_train_masks/IL_9611587_dermoscopic_mask.png,0.48184444444444446,valid,600x450,600x450
IL_9614802,IL_9614802,/marimo/milk10k/MILK10k_Training_Input/IL_9614802/ISIC_8053804.jpg,/marimo/milk10k_train_masks/IL_9614802_dermoscopic_mask.png,0.31412222222222225,valid,600x450,600x450
IL_9614989,IL_9614989,/marimo/milk10k/MILK10k_Training_Input/IL_9614989/ISIC_0664016.jpg,/marimo/milk10k_train_masks/IL_9614989_dermoscopic_mask.png,0.47945185185185185,valid,600x450,600x450
IL_9617690,IL_9617690,/marimo/milk10k/MILK10k_Training_Input/IL_9617690/ISIC_3824264.jpg,/marimo/milk10k_train_masks/IL_9617690_dermoscopic_mask.png,0.41143703703703705,valid,600x450,600x450
IL_9622215,IL_9622215,/marimo/milk10k/MILK10k_Training_Input/IL_9622215/ISIC_5830376.jpg,/marimo/milk10k_train_masks/IL_9622215_dermoscopic_mask.png,0.2572037037037037,valid,600x450,600x450
IL_9623656,IL_9623656,/marimo/milk10k/MILK10k_Training_Input/IL_9623656/ISIC_1420747.jpg,/marimo/milk10k_train_masks/IL_9623656_dermoscopic_mask.png,0.18072592592592593,valid,600x450,600x450
IL_9624462,IL_9624462,/marimo/milk10k/MILK10k_Training_Input/IL_9624462/ISIC_7454975.jpg,/marimo/milk10k_train_masks/IL_9624462_dermoscopic_mask.png,0.4365703703703704,valid,600x450,600x450
IL_9629068,IL_9629068,/marimo/milk10k/MILK10k_Training_Input/IL_9629068/ISIC_2485009.jpg,/marimo/milk10k_train_masks/IL_9629068_dermoscopic_mask.png,0.2540037037037037,valid,600x450,600x450
IL_9630385,IL_9630385,/marimo/milk10k/MILK10k_Training_Input/IL_9630385/ISIC_8961614.jpg,/marimo/milk10k_train_masks/IL_9630385_dermoscopic_mask.png,0.5273703703703704,valid,600x450,600x450
IL_9632645,IL_9632645,/marimo/milk10k/MILK10k_Training_Input/IL_9632645/ISIC_3053495.jpg,/marimo/milk10k_train_masks/IL_9632645_dermoscopic_mask.png,0.23994074074074073,valid,600x450,600x450
IL_9632950,IL_9632950,/marimo/milk10k/MILK10k_Training_Input/IL_9632950/ISIC_8450877.jpg,/marimo/milk10k_train_masks/IL_9632950_dermoscopic_mask.png,0.20434814814814814,valid,600x450,600x450
IL_9636083,IL_9636083,/marimo/milk10k/MILK10k_Training_Input/IL_9636083/ISIC_1138976.jpg,/marimo/milk10k_train_masks/IL_9636083_dermoscopic_mask.png,0.13525555555555555,valid,600x450,600x450
IL_9639749,IL_9639749,/marimo/milk10k/MILK10k_Training_Input/IL_9639749/ISIC_2260865.jpg,/marimo/milk10k_train_masks/IL_9639749_dermoscopic_mask.png,0.3652259259259259,valid,600x450,600x450
IL_9644820,IL_9644820,/marimo/milk10k/MILK10k_Training_Input/IL_9644820/ISIC_3148471.jpg,/marimo/milk10k_train_masks/IL_9644820_dermoscopic_mask.png,0.1743222222222222,valid,600x450,600x450
IL_9646137,IL_9646137,/marimo/milk10k/MILK10k_Training_Input/IL_9646137/ISIC_6956876.jpg,/marimo/milk10k_train_masks/IL_9646137_dermoscopic_mask.png,0.35784074074074074,valid,600x450,600x450
IL_9649678,IL_9649678,/marimo/milk10k/MILK10k_Training_Input/IL_9649678/ISIC_1210329.jpg,/marimo/milk10k_train_masks/IL_9649678_dermoscopic_mask.png,0.41955185185185184,valid,600x450,600x450
IL_9650319,IL_9650319,/marimo/milk10k/MILK10k_Training_Input/IL_9650319/ISIC_6119301.jpg,/marimo/milk10k_train_masks/IL_9650319_dermoscopic_mask.png,0.13017777777777778,valid,600x450,600x450
IL_9654222,IL_9654222,/marimo/milk10k/MILK10k_Training_Input/IL_9654222/ISIC_9862532.jpg,/marimo/milk10k_train_masks/IL_9654222_dermoscopic_mask.png,0.05638888888888889,valid,600x450,600x450
IL_9656479,IL_9656479,/marimo/milk10k/MILK10k_Training_Input/IL_9656479/ISIC_7548850.jpg,/marimo/milk10k_train_masks/IL_9656479_dermoscopic_mask.png,0.11827407407407407,valid,600x450,600x450
IL_9659421,IL_9659421,/marimo/milk10k/MILK10k_Training_Input/IL_9659421/ISIC_0676527.jpg,/marimo/milk10k_train_masks/IL_9659421_dermoscopic_mask.png,0.2399074074074074,valid,600x450,600x450
IL_9659963,IL_9659963,/marimo/milk10k/MILK10k_Training_Input/IL_9659963/ISIC_7991773.jpg,/marimo/milk10k_train_masks/IL_9659963_dermoscopic_mask.png,0.19432962962962963,valid,600x450,600x450
IL_9661787,IL_9661787,/marimo/milk10k/MILK10k_Training_Input/IL_9661787/ISIC_1255858.jpg,/marimo/milk10k_train_masks/IL_9661787_dermoscopic_mask.png,0.26555555555555554,valid,600x450,600x450
IL_9665730,IL_9665730,/marimo/milk10k/MILK10k_Training_Input/IL_9665730/ISIC_8416462.jpg,/marimo/milk10k_train_masks/IL_9665730_dermoscopic_mask.png,0.1293888888888889,valid,600x450,600x450
IL_9667713,IL_9667713,/marimo/milk10k/MILK10k_Training_Input/IL_9667713/ISIC_6222224.jpg,/marimo/milk10k_train_masks/IL_9667713_dermoscopic_mask.png,0.4037222222222222,valid,600x450,600x450
IL_9667838,IL_9667838,/marimo/milk10k/MILK10k_Training_Input/IL_9667838/ISIC_3720143.jpg,/marimo/milk10k_train_masks/IL_9667838_dermoscopic_mask.png,0.13516296296296296,valid,600x450,600x450
IL_9678089,IL_9678089,/marimo/milk10k/MILK10k_Training_Input/IL_9678089/ISIC_4909505.jpg,/marimo/milk10k_train_masks/IL_9678089_dermoscopic_mask.png,0.32934074074074077,valid,600x450,600x450
IL_9679718,IL_9679718,/marimo/milk10k/MILK10k_Training_Input/IL_9679718/ISIC_6312345.jpg,/marimo/milk10k_train_masks/IL_9679718_dermoscopic_mask.png,0.5897037037037037,valid,600x450,600x450
IL_9680907,IL_9680907,/marimo/milk10k/MILK10k_Training_Input/IL_9680907/ISIC_9179044.jpg,/marimo/milk10k_train_masks/IL_9680907_dermoscopic_mask.png,0.4683925925925926,valid,600x450,600x450
IL_9681402,IL_9681402,/marimo/milk10k/MILK10k_Training_Input/IL_9681402/ISIC_4799293.jpg,/marimo/milk10k_train_masks/IL_9681402_dermoscopic_mask.png,0.22262222222222222,valid,600x450,600x450
IL_9682787,IL_9682787,/marimo/milk10k/MILK10k_Training_Input/IL_9682787/ISIC_2478957.jpg,/marimo/milk10k_train_masks/IL_9682787_dermoscopic_mask.png,0.11093703703703704,valid,600x450,600x450
IL_9685051,IL_9685051,/marimo/milk10k/MILK10k_Training_Input/IL_9685051/ISIC_2538384.jpg,/marimo/milk10k_train_masks/IL_9685051_dermoscopic_mask.png,0.5102740740740741,valid,600x450,600x450
IL_9685244,IL_9685244,/marimo/milk10k/MILK10k_Training_Input/IL_9685244/ISIC_8302743.jpg,/marimo/milk10k_train_masks/IL_9685244_dermoscopic_mask.png,0.35948148148148146,valid,600x450,600x450
IL_9689348,IL_9689348,/marimo/milk10k/MILK10k_Training_Input/IL_9689348/ISIC_8392439.jpg,/marimo/milk10k_train_masks/IL_9689348_dermoscopic_mask.png,0.3944888888888889,valid,600x450,600x450
IL_9689352,IL_9689352,/marimo/milk10k/MILK10k_Training_Input/IL_9689352/ISIC_5412380.jpg,/marimo/milk10k_train_masks/IL_9689352_dermoscopic_mask.png,0.42556666666666665,valid,600x450,600x450
IL_9689394,IL_9689394,/marimo/milk10k/MILK10k_Training_Input/IL_9689394/ISIC_4062304.jpg,/marimo/milk10k_train_masks/IL_9689394_dermoscopic_mask.png,0.2816518518518519,valid,600x450,600x450
IL_9691364,IL_9691364,/marimo/milk10k/MILK10k_Training_Input/IL_9691364/ISIC_7618809.jpg,/marimo/milk10k_train_masks/IL_9691364_dermoscopic_mask.png,0.2908703703703704,valid,600x450,600x450
IL_9692603,IL_9692603,/marimo/milk10k/MILK10k_Training_Input/IL_9692603/ISIC_0890975.jpg,/marimo/milk10k_train_masks/IL_9692603_dermoscopic_mask.png,0.01912962962962963,valid,600x450,600x450
IL_9693754,IL_9693754,/marimo/milk10k/MILK10k_Training_Input/IL_9693754/ISIC_6129735.jpg,/marimo/milk10k_train_masks/IL_9693754_dermoscopic_mask.png,0.3000888888888889,valid,600x450,600x450
IL_9701000,IL_9701000,/marimo/milk10k/MILK10k_Training_Input/IL_9701000/ISIC_5246923.jpg,/marimo/milk10k_train_masks/IL_9701000_dermoscopic_mask.png,0.30235555555555554,valid,600x450,600x450
IL_9701930,IL_9701930,/marimo/milk10k/MILK10k_Training_Input/IL_9701930/ISIC_1417674.jpg,/marimo/milk10k_train_masks/IL_9701930_dermoscopic_mask.png,0.361562962962963,valid,600x450,600x450
IL_9702903,IL_9702903,/marimo/milk10k/MILK10k_Training_Input/IL_9702903/ISIC_1592988.jpg,/marimo/milk10k_train_masks/IL_9702903_dermoscopic_mask.png,0.19957777777777777,valid,600x450,600x450
IL_9707582,IL_9707582,/marimo/milk10k/MILK10k_Training_Input/IL_9707582/ISIC_9979190.jpg,/marimo/milk10k_train_masks/IL_9707582_dermoscopic_mask.png,0.3782037037037037,valid,600x450,600x450
IL_9708256,IL_9708256,/marimo/milk10k/MILK10k_Training_Input/IL_9708256/ISIC_2770868.jpg,/marimo/milk10k_train_masks/IL_9708256_dermoscopic_mask.png,0.39623703703703705,valid,600x450,600x450
IL_9713334,IL_9713334,/marimo/milk10k/MILK10k_Training_Input/IL_9713334/ISIC_8355069.jpg,/marimo/milk10k_train_masks/IL_9713334_dermoscopic_mask.png,0.1985111111111111,valid,600x450,600x450
IL_9713844,IL_9713844,/marimo/milk10k/MILK10k_Training_Input/IL_9713844/ISIC_0840284.jpg,/marimo/milk10k_train_masks/IL_9713844_dermoscopic_mask.png,0.26845185185185183,valid,600x450,600x450
IL_9714463,IL_9714463,/marimo/milk10k/MILK10k_Training_Input/IL_9714463/ISIC_6963673.jpg,/marimo/milk10k_train_masks/IL_9714463_dermoscopic_mask.png,0.24037407407407407,valid,600x450,600x450
IL_9716310,IL_9716310,/marimo/milk10k/MILK10k_Training_Input/IL_9716310/ISIC_5651049.jpg,/marimo/milk10k_train_masks/IL_9716310_dermoscopic_mask.png,0.3450888888888889,valid,600x450,600x450
IL_9717585,IL_9717585,/marimo/milk10k/MILK10k_Training_Input/IL_9717585/ISIC_0500110.jpg,/marimo/milk10k_train_masks/IL_9717585_dermoscopic_mask.png,0.33186296296296297,valid,600x450,600x450
IL_9719774,IL_9719774,/marimo/milk10k/MILK10k_Training_Input/IL_9719774/ISIC_8268969.jpg,/marimo/milk10k_train_masks/IL_9719774_dermoscopic_mask.png,0.6405740740740741,valid,600x450,600x450
IL_9720180,IL_9720180,/marimo/milk10k/MILK10k_Training_Input/IL_9720180/ISIC_9809345.jpg,/marimo/milk10k_train_masks/IL_9720180_dermoscopic_mask.png,0.5031518518518519,valid,600x450,600x450
IL_9720231,IL_9720231,/marimo/milk10k/MILK10k_Training_Input/IL_9720231/ISIC_4168673.jpg,/marimo/milk10k_train_masks/IL_9720231_dermoscopic_mask.png,0.10883703703703704,valid,600x450,600x450
IL_9720505,IL_9720505,/marimo/milk10k/MILK10k_Training_Input/IL_9720505/ISIC_8904796.jpg,/marimo/milk10k_train_masks/IL_9720505_dermoscopic_mask.png,0.22667407407407408,valid,600x450,600x450
IL_9722913,IL_9722913,/marimo/milk10k/MILK10k_Training_Input/IL_9722913/ISIC_0656565.jpg,/marimo/milk10k_train_masks/IL_9722913_dermoscopic_mask.png,0.2664037037037037,valid,600x450,600x450
IL_9724863,IL_9724863,/marimo/milk10k/MILK10k_Training_Input/IL_9724863/ISIC_3480611.jpg,/marimo/milk10k_train_masks/IL_9724863_dermoscopic_mask.png,0.6903777777777778,valid,600x450,600x450
IL_9725975,IL_9725975,/marimo/milk10k/MILK10k_Training_Input/IL_9725975/ISIC_3706698.jpg,/marimo/milk10k_train_masks/IL_9725975_dermoscopic_mask.png,0.01847037037037037,valid,600x450,600x450
IL_9727677,IL_9727677,/marimo/milk10k/MILK10k_Training_Input/IL_9727677/ISIC_7198900.jpg,/marimo/milk10k_train_masks/IL_9727677_dermoscopic_mask.png,0.6523,valid,600x450,600x450
IL_9730160,IL_9730160,/marimo/milk10k/MILK10k_Training_Input/IL_9730160/ISIC_0150748.jpg,/marimo/milk10k_train_masks/IL_9730160_dermoscopic_mask.png,0.19744814814814815,valid,600x450,600x450
IL_9731170,IL_9731170,/marimo/milk10k/MILK10k_Training_Input/IL_9731170/ISIC_4913500.jpg,/marimo/milk10k_train_masks/IL_9731170_dermoscopic_mask.png,0.33594814814814816,valid,600x450,600x450
IL_9731516,IL_9731516,/marimo/milk10k/MILK10k_Training_Input/IL_9731516/ISIC_9278360.jpg,/marimo/milk10k_train_masks/IL_9731516_dermoscopic_mask.png,0.3333740740740741,valid,600x450,600x450
IL_9732518,IL_9732518,/marimo/milk10k/MILK10k_Training_Input/IL_9732518/ISIC_0188950.jpg,/marimo/milk10k_train_masks/IL_9732518_dermoscopic_mask.png,0.7480518518518519,valid,600x450,600x450
IL_9734690,IL_9734690,/marimo/milk10k/MILK10k_Training_Input/IL_9734690/ISIC_6425898.jpg,/marimo/milk10k_train_masks/IL_9734690_dermoscopic_mask.png,0.266762962962963,valid,600x450,600x450
IL_9734938,IL_9734938,/marimo/milk10k/MILK10k_Training_Input/IL_9734938/ISIC_7053200.jpg,/marimo/milk10k_train_masks/IL_9734938_dermoscopic_mask.png,0.14287407407407407,valid,600x450,600x450
IL_9737079,IL_9737079,/marimo/milk10k/MILK10k_Training_Input/IL_9737079/ISIC_4370328.jpg,/marimo/milk10k_train_masks/IL_9737079_dermoscopic_mask.png,0.10314444444444444,valid,600x450,600x450
IL_9737107,IL_9737107,/marimo/milk10k/MILK10k_Training_Input/IL_9737107/ISIC_6780966.jpg,/marimo/milk10k_train_masks/IL_9737107_dermoscopic_mask.png,0.43415185185185184,valid,600x450,600x450
IL_9738941,IL_9738941,/marimo/milk10k/MILK10k_Training_Input/IL_9738941/ISIC_4770621.jpg,/marimo/milk10k_train_masks/IL_9738941_dermoscopic_mask.png,0.16591111111111112,valid,600x450,600x450
IL_9746297,IL_9746297,/marimo/milk10k/MILK10k_Training_Input/IL_9746297/ISIC_9047747.jpg,/marimo/milk10k_train_masks/IL_9746297_dermoscopic_mask.png,0.4694111111111111,valid,600x450,600x450
IL_9746868,IL_9746868,/marimo/milk10k/MILK10k_Training_Input/IL_9746868/ISIC_6589696.jpg,/marimo/milk10k_train_masks/IL_9746868_dermoscopic_mask.png,0.12472222222222222,valid,600x450,600x450
IL_9746902,IL_9746902,/marimo/milk10k/MILK10k_Training_Input/IL_9746902/ISIC_6548919.jpg,/marimo/milk10k_train_masks/IL_9746902_dermoscopic_mask.png,0.3491962962962963,valid,600x450,600x450
IL_9749729,IL_9749729,/marimo/milk10k/MILK10k_Training_Input/IL_9749729/ISIC_3959713.jpg,/marimo/milk10k_train_masks/IL_9749729_dermoscopic_mask.png,0.4906962962962963,valid,600x450,600x450
IL_9752629,IL_9752629,/marimo/milk10k/MILK10k_Training_Input/IL_9752629/ISIC_7132196.jpg,/marimo/milk10k_train_masks/IL_9752629_dermoscopic_mask.png,0.39824074074074073,valid,600x450,600x450
IL_9753632,IL_9753632,/marimo/milk10k/MILK10k_Training_Input/IL_9753632/ISIC_3968898.jpg,/marimo/milk10k_train_masks/IL_9753632_dermoscopic_mask.png,0.22632962962962963,valid,600x450,600x450
IL_9754542,IL_9754542,/marimo/milk10k/MILK10k_Training_Input/IL_9754542/ISIC_8816075.jpg,/marimo/milk10k_train_masks/IL_9754542_dermoscopic_mask.png,0.23854074074074075,valid,600x450,600x450
IL_9755215,IL_9755215,/marimo/milk10k/MILK10k_Training_Input/IL_9755215/ISIC_3049767.jpg,/marimo/milk10k_train_masks/IL_9755215_dermoscopic_mask.png,0.2563962962962963,valid,600x450,600x450
IL_9755525,IL_9755525,/marimo/milk10k/MILK10k_Training_Input/IL_9755525/ISIC_1243858.jpg,/marimo/milk10k_train_masks/IL_9755525_dermoscopic_mask.png,0.4565740740740741,valid,600x450,600x450
IL_9756229,IL_9756229,/marimo/milk10k/MILK10k_Training_Input/IL_9756229/ISIC_1310746.jpg,/marimo/milk10k_train_masks/IL_9756229_dermoscopic_mask.png,0.2095037037037037,valid,600x450,600x450
IL_9758278,IL_9758278,/marimo/milk10k/MILK10k_Training_Input/IL_9758278/ISIC_2127883.jpg,/marimo/milk10k_train_masks/IL_9758278_dermoscopic_mask.png,0.21856296296296296,valid,600x450,600x450
IL_9763780,IL_9763780,/marimo/milk10k/MILK10k_Training_Input/IL_9763780/ISIC_5364900.jpg,/marimo/milk10k_train_masks/IL_9763780_dermoscopic_mask.png,0.6311185185185185,valid,600x450,600x450
IL_9767273,IL_9767273,/marimo/milk10k/MILK10k_Training_Input/IL_9767273/ISIC_3072008.jpg,/marimo/milk10k_train_masks/IL_9767273_dermoscopic_mask.png,0.29990370370370373,valid,600x450,600x450
IL_9769761,IL_9769761,/marimo/milk10k/MILK10k_Training_Input/IL_9769761/ISIC_3862106.jpg,/marimo/milk10k_train_masks/IL_9769761_dermoscopic_mask.png,0.09404074074074074,valid,600x450,600x450
IL_9769772,IL_9769772,/marimo/milk10k/MILK10k_Training_Input/IL_9769772/ISIC_5058408.jpg,/marimo/milk10k_train_masks/IL_9769772_dermoscopic_mask.png,0.2705222222222222,valid,600x450,600x450
IL_9770688,IL_9770688,/marimo/milk10k/MILK10k_Training_Input/IL_9770688/ISIC_4463160.jpg,/marimo/milk10k_train_masks/IL_9770688_dermoscopic_mask.png,0.3990814814814815,valid,600x450,600x450
IL_9773637,IL_9773637,/marimo/milk10k/MILK10k_Training_Input/IL_9773637/ISIC_7693768.jpg,/marimo/milk10k_train_masks/IL_9773637_dermoscopic_mask.png,0.5132481481481481,valid,600x450,600x450
IL_9775648,IL_9775648,/marimo/milk10k/MILK10k_Training_Input/IL_9775648/ISIC_1587418.jpg,/marimo/milk10k_train_masks/IL_9775648_dermoscopic_mask.png,0.14497407407407406,valid,600x450,600x450
IL_9776504,IL_9776504,/marimo/milk10k/MILK10k_Training_Input/IL_9776504/ISIC_7507238.jpg,/marimo/milk10k_train_masks/IL_9776504_dermoscopic_mask.png,0.019407407407407408,valid,600x450,600x450
IL_9777235,IL_9777235,/marimo/milk10k/MILK10k_Training_Input/IL_9777235/ISIC_4152827.jpg,/marimo/milk10k_train_masks/IL_9777235_dermoscopic_mask.png,0.2652074074074074,valid,600x450,600x450
IL_9778045,IL_9778045,/marimo/milk10k/MILK10k_Training_Input/IL_9778045/ISIC_0764650.jpg,/marimo/milk10k_train_masks/IL_9778045_dermoscopic_mask.png,0.19274814814814814,valid,600x450,600x450
IL_9780716,IL_9780716,/marimo/milk10k/MILK10k_Training_Input/IL_9780716/ISIC_9552444.jpg,/marimo/milk10k_train_masks/IL_9780716_dermoscopic_mask.png,0.12822962962962964,valid,600x450,600x450
IL_9782859,IL_9782859,/marimo/milk10k/MILK10k_Training_Input/IL_9782859/ISIC_3585759.jpg,/marimo/milk10k_train_masks/IL_9782859_dermoscopic_mask.png,0.2150111111111111,valid,600x450,600x450
IL_9783662,IL_9783662,/marimo/milk10k/MILK10k_Training_Input/IL_9783662/ISIC_9790773.jpg,/marimo/milk10k_train_masks/IL_9783662_dermoscopic_mask.png,0.4902814814814815,valid,600x450,600x450
IL_9783995,IL_9783995,/marimo/milk10k/MILK10k_Training_Input/IL_9783995/ISIC_7778901.jpg,/marimo/milk10k_train_masks/IL_9783995_dermoscopic_mask.png,0.08801111111111111,valid,600x450,600x450
IL_9784446,IL_9784446,/marimo/milk10k/MILK10k_Training_Input/IL_9784446/ISIC_0369681.jpg,/marimo/milk10k_train_masks/IL_9784446_dermoscopic_mask.png,0.2936888888888889,valid,600x450,600x450
IL_9785739,IL_9785739,/marimo/milk10k/MILK10k_Training_Input/IL_9785739/ISIC_6161362.jpg,/marimo/milk10k_train_masks/IL_9785739_dermoscopic_mask.png,0.3383148148148148,valid,600x450,600x450
IL_9789875,IL_9789875,/marimo/milk10k/MILK10k_Training_Input/IL_9789875/ISIC_9035644.jpg,/marimo/milk10k_train_masks/IL_9789875_dermoscopic_mask.png,0.33541481481481483,valid,600x450,600x450
IL_9790789,IL_9790789,/marimo/milk10k/MILK10k_Training_Input/IL_9790789/ISIC_8914970.jpg,/marimo/milk10k_train_masks/IL_9790789_dermoscopic_mask.png,0.36731851851851854,valid,600x450,600x450
IL_9793806,IL_9793806,/marimo/milk10k/MILK10k_Training_Input/IL_9793806/ISIC_3631183.jpg,/marimo/milk10k_train_masks/IL_9793806_dermoscopic_mask.png,0.3936851851851852,valid,600x450,600x450
IL_9797209,IL_9797209,/marimo/milk10k/MILK10k_Training_Input/IL_9797209/ISIC_5499900.jpg,/marimo/milk10k_train_masks/IL_9797209_dermoscopic_mask.png,0.4111851851851852,valid,600x450,600x450
IL_9801115,IL_9801115,/marimo/milk10k/MILK10k_Training_Input/IL_9801115/ISIC_2923050.jpg,/marimo/milk10k_train_masks/IL_9801115_dermoscopic_mask.png,0.8061481481481482,valid,600x450,600x450
IL_9801468,IL_9801468,/marimo/milk10k/MILK10k_Training_Input/IL_9801468/ISIC_6611061.jpg,/marimo/milk10k_train_masks/IL_9801468_dermoscopic_mask.png,0.37576296296296297,valid,600x450,600x450
IL_9801518,IL_9801518,/marimo/milk10k/MILK10k_Training_Input/IL_9801518/ISIC_8877039.jpg,/marimo/milk10k_train_masks/IL_9801518_dermoscopic_mask.png,0.550625925925926,valid,600x450,600x450
IL_9803330,IL_9803330,/marimo/milk10k/MILK10k_Training_Input/IL_9803330/ISIC_9593683.jpg,/marimo/milk10k_train_masks/IL_9803330_dermoscopic_mask.png,0.471362962962963,valid,600x450,600x450
IL_9809357,IL_9809357,/marimo/milk10k/MILK10k_Training_Input/IL_9809357/ISIC_8092373.jpg,/marimo/milk10k_train_masks/IL_9809357_dermoscopic_mask.png,0.3896074074074074,valid,600x450,600x450
IL_9809595,IL_9809595,/marimo/milk10k/MILK10k_Training_Input/IL_9809595/ISIC_9940495.jpg,/marimo/milk10k_train_masks/IL_9809595_dermoscopic_mask.png,0.4892444444444444,valid,600x450,600x450
IL_9811180,IL_9811180,/marimo/milk10k/MILK10k_Training_Input/IL_9811180/ISIC_8561066.jpg,/marimo/milk10k_train_masks/IL_9811180_dermoscopic_mask.png,0.0847962962962963,valid,600x450,600x450
IL_9813142,IL_9813142,/marimo/milk10k/MILK10k_Training_Input/IL_9813142/ISIC_4163384.jpg,/marimo/milk10k_train_masks/IL_9813142_dermoscopic_mask.png,0.06023703703703704,valid,600x450,600x450
IL_9814557,IL_9814557,/marimo/milk10k/MILK10k_Training_Input/IL_9814557/ISIC_7837278.jpg,/marimo/milk10k_train_masks/IL_9814557_dermoscopic_mask.png,0.20875185185185186,valid,600x450,600x450
IL_9818681,IL_9818681,/marimo/milk10k/MILK10k_Training_Input/IL_9818681/ISIC_4553466.jpg,/marimo/milk10k_train_masks/IL_9818681_dermoscopic_mask.png,0.4521703703703704,valid,600x450,600x450
IL_9822160,IL_9822160,/marimo/milk10k/MILK10k_Training_Input/IL_9822160/ISIC_1571470.jpg,/marimo/milk10k_train_masks/IL_9822160_dermoscopic_mask.png,0.08034814814814815,valid,600x450,600x450
IL_9823804,IL_9823804,/marimo/milk10k/MILK10k_Training_Input/IL_9823804/ISIC_5385783.jpg,/marimo/milk10k_train_masks/IL_9823804_dermoscopic_mask.png,0.3009962962962963,valid,600x450,600x450
IL_9826846,IL_9826846,/marimo/milk10k/MILK10k_Training_Input/IL_9826846/ISIC_1241018.jpg,/marimo/milk10k_train_masks/IL_9826846_dermoscopic_mask.png,0.40734444444444445,valid,600x450,600x450
IL_9831268,IL_9831268,/marimo/milk10k/MILK10k_Training_Input/IL_9831268/ISIC_7553601.jpg,/marimo/milk10k_train_masks/IL_9831268_dermoscopic_mask.png,0.29793333333333333,valid,600x450,600x450
IL_9833477,IL_9833477,/marimo/milk10k/MILK10k_Training_Input/IL_9833477/ISIC_0233827.jpg,/marimo/milk10k_train_masks/IL_9833477_dermoscopic_mask.png,0.17706296296296295,valid,600x450,600x450
IL_9835654,IL_9835654,/marimo/milk10k/MILK10k_Training_Input/IL_9835654/ISIC_3654837.jpg,/marimo/milk10k_train_masks/IL_9835654_dermoscopic_mask.png,0.26634444444444444,valid,600x450,600x450
IL_9835714,IL_9835714,/marimo/milk10k/MILK10k_Training_Input/IL_9835714/ISIC_4840056.jpg,/marimo/milk10k_train_masks/IL_9835714_dermoscopic_mask.png,0.16949629629629628,valid,600x450,600x450
IL_9838418,IL_9838418,/marimo/milk10k/MILK10k_Training_Input/IL_9838418/ISIC_0880783.jpg,/marimo/milk10k_train_masks/IL_9838418_dermoscopic_mask.png,0.04482592592592593,valid,600x450,600x450
IL_9840660,IL_9840660,/marimo/milk10k/MILK10k_Training_Input/IL_9840660/ISIC_2962014.jpg,/marimo/milk10k_train_masks/IL_9840660_dermoscopic_mask.png,0.5351962962962963,valid,600x450,600x450
IL_9840825,IL_9840825,/marimo/milk10k/MILK10k_Training_Input/IL_9840825/ISIC_7614085.jpg,/marimo/milk10k_train_masks/IL_9840825_dermoscopic_mask.png,0.05413333333333333,valid,600x450,600x450
IL_9843383,IL_9843383,/marimo/milk10k/MILK10k_Training_Input/IL_9843383/ISIC_2030005.jpg,/marimo/milk10k_train_masks/IL_9843383_dermoscopic_mask.png,0.47154074074074076,valid,600x450,600x450
IL_9846683,IL_9846683,/marimo/milk10k/MILK10k_Training_Input/IL_9846683/ISIC_1279652.jpg,/marimo/milk10k_train_masks/IL_9846683_dermoscopic_mask.png,0.16084814814814816,valid,600x450,600x450
IL_9855945,IL_9855945,/marimo/milk10k/MILK10k_Training_Input/IL_9855945/ISIC_0310449.jpg,/marimo/milk10k_train_masks/IL_9855945_dermoscopic_mask.png,0.33770370370370373,valid,600x450,600x450
IL_9862724,IL_9862724,/marimo/milk10k/MILK10k_Training_Input/IL_9862724/ISIC_4845560.jpg,/marimo/milk10k_train_masks/IL_9862724_dermoscopic_mask.png,0.37012222222222224,valid,600x450,600x450
IL_9863241,IL_9863241,/marimo/milk10k/MILK10k_Training_Input/IL_9863241/ISIC_9589099.jpg,/marimo/milk10k_train_masks/IL_9863241_dermoscopic_mask.png,0.21789259259259258,valid,600x450,600x450
IL_9871188,IL_9871188,/marimo/milk10k/MILK10k_Training_Input/IL_9871188/ISIC_3691801.jpg,/marimo/milk10k_train_masks/IL_9871188_dermoscopic_mask.png,0.23002962962962964,valid,600x450,600x450
IL_9871748,IL_9871748,/marimo/milk10k/MILK10k_Training_Input/IL_9871748/ISIC_3280000.jpg,/marimo/milk10k_train_masks/IL_9871748_dermoscopic_mask.png,0.4497814814814815,valid,600x450,600x450
IL_9875986,IL_9875986,/marimo/milk10k/MILK10k_Training_Input/IL_9875986/ISIC_2376821.jpg,/marimo/milk10k_train_masks/IL_9875986_dermoscopic_mask.png,0.13065185185185185,valid,600x450,600x450
IL_9876124,IL_9876124,/marimo/milk10k/MILK10k_Training_Input/IL_9876124/ISIC_5380414.jpg,/marimo/milk10k_train_masks/IL_9876124_dermoscopic_mask.png,0.17675185185185185,valid,600x450,600x450
IL_9877242,IL_9877242,/marimo/milk10k/MILK10k_Training_Input/IL_9877242/ISIC_4358907.jpg,/marimo/milk10k_train_masks/IL_9877242_dermoscopic_mask.png,0.38482962962962963,valid,600x450,600x450
IL_9878565,IL_9878565,/marimo/milk10k/MILK10k_Training_Input/IL_9878565/ISIC_2752768.jpg,/marimo/milk10k_train_masks/IL_9878565_dermoscopic_mask.png,0.5874407407407407,valid,600x450,600x450
IL_9880197,IL_9880197,/marimo/milk10k/MILK10k_Training_Input/IL_9880197/ISIC_7843146.jpg,/marimo/milk10k_train_masks/IL_9880197_dermoscopic_mask.png,0.25915555555555553,valid,600x450,600x450
IL_9880889,IL_9880889,/marimo/milk10k/MILK10k_Training_Input/IL_9880889/ISIC_3797260.jpg,/marimo/milk10k_train_masks/IL_9880889_dermoscopic_mask.png,0.5585814814814815,valid,600x450,600x450
IL_9882271,IL_9882271,/marimo/milk10k/MILK10k_Training_Input/IL_9882271/ISIC_8152761.jpg,/marimo/milk10k_train_masks/IL_9882271_dermoscopic_mask.png,0.39097037037037036,valid,600x450,600x450
IL_9882527,IL_9882527,/marimo/milk10k/MILK10k_Training_Input/IL_9882527/ISIC_5297462.jpg,/marimo/milk10k_train_masks/IL_9882527_dermoscopic_mask.png,0.34801481481481483,valid,600x450,600x450
IL_9886374,IL_9886374,/marimo/milk10k/MILK10k_Training_Input/IL_9886374/ISIC_1205427.jpg,/marimo/milk10k_train_masks/IL_9886374_dermoscopic_mask.png,0.2745851851851852,valid,600x450,600x450
IL_9890052,IL_9890052,/marimo/milk10k/MILK10k_Training_Input/IL_9890052/ISIC_8171632.jpg,/marimo/milk10k_train_masks/IL_9890052_dermoscopic_mask.png,0.17216296296296296,valid,600x450,600x450
IL_9890068,IL_9890068,/marimo/milk10k/MILK10k_Training_Input/IL_9890068/ISIC_5913482.jpg,/marimo/milk10k_train_masks/IL_9890068_dermoscopic_mask.png,0.4061888888888889,valid,600x450,600x450
IL_9891746,IL_9891746,/marimo/milk10k/MILK10k_Training_Input/IL_9891746/ISIC_9357735.jpg,/marimo/milk10k_train_masks/IL_9891746_dermoscopic_mask.png,0.29285925925925926,valid,600x450,600x450
IL_9891948,IL_9891948,/marimo/milk10k/MILK10k_Training_Input/IL_9891948/ISIC_6664385.jpg,/marimo/milk10k_train_masks/IL_9891948_dermoscopic_mask.png,0.2055925925925926,valid,600x450,600x450
IL_9895389,IL_9895389,/marimo/milk10k/MILK10k_Training_Input/IL_9895389/ISIC_4743338.jpg,/marimo/milk10k_train_masks/IL_9895389_dermoscopic_mask.png,0.6106777777777778,valid,600x450,600x450
IL_9897440,IL_9897440,/marimo/milk10k/MILK10k_Training_Input/IL_9897440/ISIC_4969084.jpg,/marimo/milk10k_train_masks/IL_9897440_dermoscopic_mask.png,0.13057037037037036,valid,600x450,600x450
IL_9897493,IL_9897493,/marimo/milk10k/MILK10k_Training_Input/IL_9897493/ISIC_6655070.jpg,/marimo/milk10k_train_masks/IL_9897493_dermoscopic_mask.png,0.4991407407407407,valid,600x450,600x450
IL_9897745,IL_9897745,/marimo/milk10k/MILK10k_Training_Input/IL_9897745/ISIC_0666575.jpg,/marimo/milk10k_train_masks/IL_9897745_dermoscopic_mask.png,0.7625407407407407,valid,600x450,600x450
IL_9899181,IL_9899181,/marimo/milk10k/MILK10k_Training_Input/IL_9899181/ISIC_3432012.jpg,/marimo/milk10k_train_masks/IL_9899181_dermoscopic_mask.png,0.3002222222222222,valid,600x450,600x450
IL_9900993,IL_9900993,/marimo/milk10k/MILK10k_Training_Input/IL_9900993/ISIC_8158325.jpg,/marimo/milk10k_train_masks/IL_9900993_dermoscopic_mask.png,0.24154444444444445,valid,600x450,600x450
IL_9901727,IL_9901727,/marimo/milk10k/MILK10k_Training_Input/IL_9901727/ISIC_9875123.jpg,/marimo/milk10k_train_masks/IL_9901727_dermoscopic_mask.png,0.6910851851851851,valid,600x450,600x450
IL_9904066,IL_9904066,/marimo/milk10k/MILK10k_Training_Input/IL_9904066/ISIC_7305201.jpg,/marimo/milk10k_train_masks/IL_9904066_dermoscopic_mask.png,0.42618518518518517,valid,600x450,600x450
IL_9906157,IL_9906157,/marimo/milk10k/MILK10k_Training_Input/IL_9906157/ISIC_6349779.jpg,/marimo/milk10k_train_masks/IL_9906157_dermoscopic_mask.png,0.15982592592592593,valid,600x450,600x450
IL_9912061,IL_9912061,/marimo/milk10k/MILK10k_Training_Input/IL_9912061/ISIC_4352140.jpg,/marimo/milk10k_train_masks/IL_9912061_dermoscopic_mask.png,0.2482851851851852,valid,600x450,600x450
IL_9914605,IL_9914605,/marimo/milk10k/MILK10k_Training_Input/IL_9914605/ISIC_7264785.jpg,/marimo/milk10k_train_masks/IL_9914605_dermoscopic_mask.png,0.08067777777777778,valid,600x450,600x450
IL_9916872,IL_9916872,/marimo/milk10k/MILK10k_Training_Input/IL_9916872/ISIC_8755727.jpg,/marimo/milk10k_train_masks/IL_9916872_dermoscopic_mask.png,0.4524962962962963,valid,600x450,600x450
IL_9917047,IL_9917047,/marimo/milk10k/MILK10k_Training_Input/IL_9917047/ISIC_9900027.jpg,/marimo/milk10k_train_masks/IL_9917047_dermoscopic_mask.png,0.2574740740740741,valid,600x450,600x450
IL_9917624,IL_9917624,/marimo/milk10k/MILK10k_Training_Input/IL_9917624/ISIC_3302986.jpg,/marimo/milk10k_train_masks/IL_9917624_dermoscopic_mask.png,0.14844074074074073,valid,600x450,600x450
IL_9917899,IL_9917899,/marimo/milk10k/MILK10k_Training_Input/IL_9917899/ISIC_2538458.jpg,/marimo/milk10k_train_masks/IL_9917899_dermoscopic_mask.png,0.721437037037037,valid,600x450,600x450
IL_9921206,IL_9921206,/marimo/milk10k/MILK10k_Training_Input/IL_9921206/ISIC_9020314.jpg,/marimo/milk10k_train_masks/IL_9921206_dermoscopic_mask.png,0.26295555555555555,valid,600x450,600x450
IL_9923635,IL_9923635,/marimo/milk10k/MILK10k_Training_Input/IL_9923635/ISIC_7330944.jpg,/marimo/milk10k_train_masks/IL_9923635_dermoscopic_mask.png,0.33556296296296295,valid,600x450,600x450
IL_9924772,IL_9924772,/marimo/milk10k/MILK10k_Training_Input/IL_9924772/ISIC_3256836.jpg,/marimo/milk10k_train_masks/IL_9924772_dermoscopic_mask.png,0.3816148148148148,valid,600x450,600x450
IL_9925364,IL_9925364,/marimo/milk10k/MILK10k_Training_Input/IL_9925364/ISIC_7939416.jpg,/marimo/milk10k_train_masks/IL_9925364_dermoscopic_mask.png,0.7474259259259259,valid,600x450,600x450
IL_9926530,IL_9926530,/marimo/milk10k/MILK10k_Training_Input/IL_9926530/ISIC_4273674.jpg,/marimo/milk10k_train_masks/IL_9926530_dermoscopic_mask.png,0.12504074074074073,valid,600x450,600x450
IL_9936896,IL_9936896,/marimo/milk10k/MILK10k_Training_Input/IL_9936896/ISIC_2673443.jpg,/marimo/milk10k_train_masks/IL_9936896_dermoscopic_mask.png,0.05605185185185185,valid,600x450,600x450
IL_9940572,IL_9940572,/marimo/milk10k/MILK10k_Training_Input/IL_9940572/ISIC_3567360.jpg,/marimo/milk10k_train_masks/IL_9940572_dermoscopic_mask.png,0.1966,valid,600x450,600x450
IL_9941625,IL_9941625,/marimo/milk10k/MILK10k_Training_Input/IL_9941625/ISIC_5997924.jpg,/marimo/milk10k_train_masks/IL_9941625_dermoscopic_mask.png,0.3198,valid,600x450,600x450
IL_9941677,IL_9941677,/marimo/milk10k/MILK10k_Training_Input/IL_9941677/ISIC_8158738.jpg,/marimo/milk10k_train_masks/IL_9941677_dermoscopic_mask.png,0.10668518518518519,valid,600x450,600x450
IL_9942096,IL_9942096,/marimo/milk10k/MILK10k_Training_Input/IL_9942096/ISIC_4845899.jpg,/marimo/milk10k_train_masks/IL_9942096_dermoscopic_mask.png,0.42943333333333333,valid,600x450,600x450
IL_9943319,IL_9943319,/marimo/milk10k/MILK10k_Training_Input/IL_9943319/ISIC_5023550.jpg,/marimo/milk10k_train_masks/IL_9943319_dermoscopic_mask.png,0.4879777777777778,valid,600x450,600x450
IL_9943627,IL_9943627,/marimo/milk10k/MILK10k_Training_Input/IL_9943627/ISIC_3669176.jpg,/marimo/milk10k_train_masks/IL_9943627_dermoscopic_mask.png,0.539162962962963,valid,600x450,600x450
IL_9944302,IL_9944302,/marimo/milk10k/MILK10k_Training_Input/IL_9944302/ISIC_5552683.jpg,/marimo/milk10k_train_masks/IL_9944302_dermoscopic_mask.png,0.4024333333333333,valid,600x450,600x450
IL_9944816,IL_9944816,/marimo/milk10k/MILK10k_Training_Input/IL_9944816/ISIC_6005871.jpg,/marimo/milk10k_train_masks/IL_9944816_dermoscopic_mask.png,0.13942592592592593,valid,600x450,600x450
IL_9945290,IL_9945290,/marimo/milk10k/MILK10k_Training_Input/IL_9945290/ISIC_8760881.jpg,/marimo/milk10k_train_masks/IL_9945290_dermoscopic_mask.png,0.09383333333333334,valid,600x450,600x450
IL_9947908,IL_9947908,/marimo/milk10k/MILK10k_Training_Input/IL_9947908/ISIC_6712731.jpg,/marimo/milk10k_train_masks/IL_9947908_dermoscopic_mask.png,0.18181111111111112,valid,600x450,600x450
IL_9949464,IL_9949464,/marimo/milk10k/MILK10k_Training_Input/IL_9949464/ISIC_4426808.jpg,/marimo/milk10k_train_masks/IL_9949464_dermoscopic_mask.png,0.6496407407407407,valid,600x450,600x450
IL_9950953,IL_9950953,/marimo/milk10k/MILK10k_Training_Input/IL_9950953/ISIC_1536379.jpg,/marimo/milk10k_train_masks/IL_9950953_dermoscopic_mask.png,0.1323851851851852,valid,600x450,600x450
IL_9951114,IL_9951114,/marimo/milk10k/MILK10k_Training_Input/IL_9951114/ISIC_9361398.jpg,/marimo/milk10k_train_masks/IL_9951114_dermoscopic_mask.png,0.550837037037037,valid,600x450,600x450
IL_9952743,IL_9952743,/marimo/milk10k/MILK10k_Training_Input/IL_9952743/ISIC_3937278.jpg,/marimo/milk10k_train_masks/IL_9952743_dermoscopic_mask.png,0.19497037037037038,valid,600x450,600x450
IL_9958247,IL_9958247,/marimo/milk10k/MILK10k_Training_Input/IL_9958247/ISIC_7870559.jpg,/marimo/milk10k_train_masks/IL_9958247_dermoscopic_mask.png,0.3542,valid,600x450,600x450
IL_9961015,IL_9961015,/marimo/milk10k/MILK10k_Training_Input/IL_9961015/ISIC_0950510.jpg,/marimo/milk10k_train_masks/IL_9961015_dermoscopic_mask.png,0.24281851851851852,valid,600x450,600x450
IL_9962218,IL_9962218,/marimo/milk10k/MILK10k_Training_Input/IL_9962218/ISIC_7265211.jpg,/marimo/milk10k_train_masks/IL_9962218_dermoscopic_mask.png,0.11517777777777778,valid,600x450,600x450
IL_9963930,IL_9963930,/marimo/milk10k/MILK10k_Training_Input/IL_9963930/ISIC_9641825.jpg,/marimo/milk10k_train_masks/IL_9963930_dermoscopic_mask.png,0.8074037037037037,valid,600x450,600x450
IL_9965908,IL_9965908,/marimo/milk10k/MILK10k_Training_Input/IL_9965908/ISIC_3069767.jpg,/marimo/milk10k_train_masks/IL_9965908_dermoscopic_mask.png,0.07664444444444445,valid,600x450,600x450
IL_9968206,IL_9968206,/marimo/milk10k/MILK10k_Training_Input/IL_9968206/ISIC_0729575.jpg,/marimo/milk10k_train_masks/IL_9968206_dermoscopic_mask.png,0.3413185185185185,valid,600x450,600x450
IL_9972566,IL_9972566,/marimo/milk10k/MILK10k_Training_Input/IL_9972566/ISIC_2533248.jpg,/marimo/milk10k_train_masks/IL_9972566_dermoscopic_mask.png,0.1763074074074074,valid,600x450,600x450
IL_9974051,IL_9974051,/marimo/milk10k/MILK10k_Training_Input/IL_9974051/ISIC_1322802.jpg,/marimo/milk10k_train_masks/IL_9974051_dermoscopic_mask.png,0.37073703703703703,valid,600x450,600x450
IL_9975498,IL_9975498,/marimo/milk10k/MILK10k_Training_Input/IL_9975498/ISIC_0135826.jpg,/marimo/milk10k_train_masks/IL_9975498_dermoscopic_mask.png,0.08855925925925925,valid,600x450,600x450
IL_9977217,IL_9977217,/marimo/milk10k/MILK10k_Training_Input/IL_9977217/ISIC_5873586.jpg,/marimo/milk10k_train_masks/IL_9977217_dermoscopic_mask.png,0.3295925925925926,valid,600x450,600x450
IL_9978605,IL_9978605,/marimo/milk10k/MILK10k_Training_Input/IL_9978605/ISIC_2036804.jpg,/marimo/milk10k_train_masks/IL_9978605_dermoscopic_mask.png,0.5107185185185186,valid,600x450,600x450
IL_9980113,IL_9980113,/marimo/milk10k/MILK10k_Training_Input/IL_9980113/ISIC_7112600.jpg,/marimo/milk10k_train_masks/IL_9980113_dermoscopic_mask.png,0.26835925925925924,valid,600x450,600x450
IL_9980498,IL_9980498,/marimo/milk10k/MILK10k_Training_Input/IL_9980498/ISIC_1435977.jpg,/marimo/milk10k_train_masks/IL_9980498_dermoscopic_mask.png,0.2509851851851852,valid,600x450,600x450
IL_9980694,IL_9980694,/marimo/milk10k/MILK10k_Training_Input/IL_9980694/ISIC_9892615.jpg,/marimo/milk10k_train_masks/IL_9980694_dermoscopic_mask.png,0.5019777777777777,valid,600x450,600x450
IL_9982376,IL_9982376,/marimo/milk10k/MILK10k_Training_Input/IL_9982376/ISIC_9075808.jpg,/marimo/milk10k_train_masks/IL_9982376_dermoscopic_mask.png,0.3491814814814815,valid,600x450,600x450
IL_9982426,IL_9982426,/marimo/milk10k/MILK10k_Training_Input/IL_9982426/ISIC_9940061.jpg,/marimo/milk10k_train_masks/IL_9982426_dermoscopic_mask.png,0.14292222222222223,valid,600x450,600x450
IL_9983052,IL_9983052,/marimo/milk10k/MILK10k_Training_Input/IL_9983052/ISIC_1099402.jpg,/marimo/milk10k_train_masks/IL_9983052_dermoscopic_mask.png,0.5407185185185185,valid,600x450,600x450
IL_9983114,IL_9983114,/marimo/milk10k/MILK10k_Training_Input/IL_9983114/ISIC_8457619.jpg,/marimo/milk10k_train_masks/IL_9983114_dermoscopic_mask.png,0.20904814814814815,valid,600x450,600x450
IL_9984501,IL_9984501,/marimo/milk10k/MILK10k_Training_Input/IL_9984501/ISIC_4912510.jpg,/marimo/milk10k_train_masks/IL_9984501_dermoscopic_mask.png,0.5990666666666666,valid,600x450,600x450
IL_9984758,IL_9984758,/marimo/milk10k/MILK10k_Training_Input/IL_9984758/ISIC_9345667.jpg,/marimo/milk10k_train_masks/IL_9984758_dermoscopic_mask.png,0.1935814814814815,valid,600x450,600x450
IL_9987263,IL_9987263,/marimo/milk10k/MILK10k_Training_Input/IL_9987263/ISIC_0593055.jpg,/marimo/milk10k_train_masks/IL_9987263_dermoscopic_mask.png,0.6737925925925926,valid,600x450,600x450
IL_9991092,IL_9991092,/marimo/milk10k/MILK10k_Training_Input/IL_9991092/ISIC_5984628.jpg,/marimo/milk10k_train_masks/IL_9991092_dermoscopic_mask.png,0.3315,valid,600x450,600x450
IL_9991953,IL_9991953,/marimo/milk10k/MILK10k_Training_Input/IL_9991953/ISIC_9182531.jpg,/marimo/milk10k_train_masks/IL_9991953_dermoscopic_mask.png,0.28905555555555557,valid,600x450,600x450
IL_9992890,IL_9992890,/marimo/milk10k/MILK10k_Training_Input/IL_9992890/ISIC_3782736.jpg,/marimo/milk10k_train_masks/IL_9992890_dermoscopic_mask.png,0.3490666666666667,valid,600x450,600x450
IL_9993432,IL_9993432,/marimo/milk10k/MILK10k_Training_Input/IL_9993432/ISIC_0320008.jpg,/marimo/milk10k_train_masks/IL_9993432_dermoscopic_mask.png,0.5297296296296297,valid,600x450,600x450
IL_9994739,IL_9994739,/marimo/milk10k/MILK10k_Training_Input/IL_9994739/ISIC_4873822.jpg,/marimo/milk10k_train_masks/IL_9994739_dermoscopic_mask.png,0.020144444444444444,valid,600x450,600x450
IL_9995614,IL_9995614,/marimo/milk10k/MILK10k_Training_Input/IL_9995614/ISIC_7749901.jpg,/marimo/milk10k_train_masks/IL_9995614_dermoscopic_mask.png,0.39087777777777777,valid,600x450,600x450
IL_9998211,IL_9998211,/marimo/milk10k/MILK10k_Training_Input/IL_9998211/ISIC_3959129.jpg,/marimo/milk10k_train_masks/IL_9998211_dermoscopic_mask.png,0.2876,valid,600x450,600x450
